price,squareMeters,numberOfRooms,hasYard,hasPool,floors,cityCode,cityPartRange,numPrevOwners,made,isNewBuilt,hasStormProtector,basement,attic,garage,hasStorageRoom,hasGuestRoom
7559081.5,75523,3,0,1,63,9373,3,8,2005,0,1,4313,9005,956,0,7
8085989.5,80771,39,1,1,98,39381,8,6,2015,1,0,3653,2436,128,1,2
5574642.1,55712,58,0,1,19,34457,6,8,2021,0,0,2937,8852,135,1,9
3232561.2,32316,47,0,0,6,27939,10,4,2012,0,1,659,7141,359,0,3
7055052.0,70429,19,1,1,90,38045,3,7,1990,1,0,8435,2429,292,1,4
3926647.2,39223,36,0,1,17,39489,8,6,2012,0,1,2009,4552,757,0,1
5876376.5,58682,10,1,1,99,6450,10,9,1995,1,1,5930,9453,848,0,5
6535304.0,86929,100,1,0,11,98155,3,4,2003,1,0,6326,4748,654,0,10
5154055.2,51522,3,0,0,61,9047,8,3,2012,1,1,632,5792,807,1,5
3970892.1,39686,42,0,0,15,71019,5,8,2021,1,1,5198,5342,591,1,3
2366397.3,23563,21,0,1,90,91058,6,8,1993,1,0,703,852,684,1,10
9652258.1,96470,74,1,0,21,92029,4,2,2011,1,1,5414,1172,716,1,9
7459225.0,19127,31,1,0,5,7475,2,9,2008,0,0,5387,4430,374,0,4
1320803.4,13087,44,1,0,77,40475,8,4,2004,1,0,1745,724,582,0,0
7986665.8,79770,3,0,1,69,54812,10,5,2018,0,1,8871,7117,240,0,7
5308369.0,75985,60,1,0,67,6517,6,9,2009,1,1,4878,281,384,1,5
6420823.1,64169,88,0,1,6,61711,3,9,2011,1,1,3054,129,726,0,9
9944705.3,99371,31,1,1,16,96297,7,8,2013,1,1,3258,6296,354,1,8
2604486.6,25966,37,1,1,17,22818,3,1,2016,0,0,8257,2557,162,0,6
7791136.0,41792,43,1,1,10,80768,9,5,2017,1,1,2950,9573,572,1,5
2888047.9,28795,64,1,1,50,97667,3,4,2009,1,1,9862,2666,330,1,0
9244344.0,92383,12,0,0,78,71982,3,7,2000,0,0,7507,9056,892,1,1
3333351.9,33279,64,1,0,65,91690,3,2,2019,1,1,2427,717,732,0,1
3482594.0,34782,47,0,0,73,35331,1,4,2020,0,1,9586,6604,822,0,2
1342509.3,13386,51,0,0,90,87978,4,6,1993,0,0,2885,1149,904,1,4
2091505.8,20883,56,0,0,54,85377,5,9,2018,0,0,9982,8142,670,1,10
9515440.4,95121,46,0,1,3,9382,7,9,1994,0,0,615,1221,328,0,10
612471.3,6071,72,1,0,14,8410,2,6,2003,1,1,3306,3635,295,0,2
1189939.3,11844,43,0,0,55,46144,6,5,1993,1,0,5292,8233,395,0,10
5217708.6,52078,7,1,1,73,20372,10,4,2016,1,1,1864,2049,558,0,5
2598763.3,25897,98,1,0,92,20344,2,4,1993,0,1,9799,9569,116,1,10
8555234.1,85443,40,1,1,54,339,3,1,2021,1,0,3056,8928,292,1,2
1145642.9,11412,78,0,0,79,73807,1,5,2009,1,1,6899,8997,695,0,0
9765099.4,97550,89,1,1,98,78155,2,5,2014,1,0,5391,897,388,0,0
6439308.0,76485,47,1,0,9,90254,2,9,2008,1,0,2860,3129,982,0,1
2622399.3,26169,29,0,0,62,66489,9,7,1993,0,1,7918,187,919,1,9
2427801.8,24239,87,1,0,91,73056,4,7,1998,0,0,6656,7149,698,0,3
3627708.0,36239,8,0,1,24,66771,7,6,1990,0,1,6679,6528,798,1,5
1057021.3,10500,88,0,1,49,10533,10,1,2013,1,1,4170,5501,422,0,5
8711426.0,87060,27,0,1,91,51803,8,10,2000,0,0,6629,435,512,0,7
6677649.1,66683,19,1,1,6,50801,6,2,2001,0,0,7473,796,237,1,3
6667802.6,66569,59,1,1,56,15574,7,9,2016,1,1,2020,7188,269,1,10
8460604.0,84559,29,0,1,69,53057,7,7,2000,1,0,3573,9556,918,1,8
2877997.6,28749,39,0,1,53,80821,6,5,1996,1,0,8113,2352,982,1,3
7614076.6,76091,38,1,0,32,59451,5,8,2016,1,0,8150,6037,930,0,7
9272740.1,92696,49,1,0,38,74381,9,2,2021,0,0,1559,5111,957,1,2
4707341.1,46988,66,1,1,27,4863,9,10,1991,1,1,8339,6331,874,1,4
4809993.8,48062,22,0,1,4,28104,1,10,2008,1,0,7908,552,817,1,1
586742.8,5767,97,1,1,11,44551,7,3,1998,1,0,2516,5601,307,1,4
5984462.1,59800,47,0,1,27,44815,6,9,2021,0,0,5075,3104,864,0,4
5492532.0,54836,25,0,1,53,64601,10,5,2020,1,0,5278,1059,313,1,6
5444967.8,54318,10,1,1,52,76737,4,2,1998,1,1,9580,3787,227,1,1
7005572.2,70021,52,1,0,28,95678,4,6,1992,0,1,4480,6919,680,1,1
5446398.1,54368,11,1,1,20,55761,3,7,2021,0,0,231,1939,223,0,8
3147829.9,31421,29,0,1,68,67505,5,3,1999,1,1,8949,2080,630,0,5
6315375.7,63053,6,1,1,28,45312,3,1,1997,0,1,8414,6270,939,1,8
421906.4,4187,89,0,1,17,7488,1,6,1994,1,0,186,2627,559,1,2
3316069.6,33108,82,0,1,83,52015,6,10,2016,1,0,6250,8751,552,1,2
6441378.0,64393,8,0,0,51,95335,4,1,1990,1,0,3835,2403,559,0,6
9390891.9,93876,60,0,1,70,5484,2,1,1999,1,1,4086,5991,494,1,8
6714247.3,67040,60,1,1,22,1690,4,8,1993,1,0,4817,5222,927,0,0
4797883.3,47938,17,0,0,68,64247,7,1,2013,0,1,327,209,352,1,8
3917691.0,39090,57,1,0,74,2922,4,9,2010,0,0,3572,8722,811,1,6
4364910.5,43609,66,0,0,55,6739,4,9,2005,0,1,3388,2353,120,1,7
4203344.0,41998,74,1,0,17,32039,6,1,1990,1,0,6838,4925,828,0,9
3656368.7,36496,9,0,1,47,51526,5,1,2017,0,1,2768,6291,230,1,0
8410054.6,84016,15,1,0,55,63595,1,7,2016,1,0,3284,9879,641,0,2
321717.5,3087,27,1,1,94,9283,3,10,2005,1,1,5866,3557,199,1,1
7914245.0,89768,48,1,1,17,71000,6,9,1993,0,1,2485,108,864,0,7
3039243.7,30226,74,1,1,87,71053,10,9,2007,0,0,515,13,223,0,4
5853710.6,58478,5,0,1,35,5898,6,10,2016,0,0,8366,4799,979,1,7
6666403.5,66621,48,0,0,89,52165,10,1,1995,1,1,5024,8103,388,1,4
7336538.8,73314,43,0,1,38,49895,10,1,2018,0,1,3281,5020,968,0,8
6000826.1,59972,28,0,1,18,32083,9,8,2021,1,1,8384,7226,226,1,4
7165980.8,71591,20,1,0,58,46834,7,4,1998,0,0,6486,3310,366,0,0
9257840.9,92462,52,1,1,46,22405,9,6,2019,1,0,9584,8587,677,0,8
5238533.2,52325,60,1,1,24,76804,6,5,1992,1,0,8987,3149,808,1,4
6732249.0,67311,67,0,0,10,45626,3,3,1990,1,1,6928,7808,774,1,5
4508695.3,45050,99,0,1,87,20318,4,8,2013,1,0,5218,8217,144,0,3
6159875.1,61534,73,1,0,97,22943,9,5,2001,0,0,9265,8974,755,1,6
8414104.3,84091,50,0,1,72,22718,7,5,1993,0,0,2668,4669,766,0,8
7767797.9,77579,69,1,1,97,88798,6,1,1999,1,0,4850,5648,144,1,8
2530488.0,25204,31,1,1,37,87552,4,10,2020,1,0,6560,4287,116,0,6
4212125.7,42059,46,0,1,62,43289,6,3,2017,1,1,8827,1853,860,1,3
3846214.1,38430,43,0,1,51,3406,6,4,2021,0,1,1214,606,289,0,8
709107.9,7069,4,0,0,89,55300,9,2,2009,1,1,7499,8969,493,1,3
6466094.0,34780,75,0,1,9,67297,4,5,2019,0,1,3033,6475,800,1,4
1277834.0,12757,100,1,0,7,19550,7,8,2020,1,1,6795,9983,738,0,5
3380855.9,33749,74,0,1,38,73976,10,7,1999,1,1,1729,7952,616,1,2
63402.1,600,37,1,0,43,72736,4,7,2011,1,0,6738,5603,866,0,1
733776.4,7239,61,1,0,83,26435,4,7,1994,1,0,7782,2518,986,0,4
3499532.7,34919,20,1,1,84,60113,5,1,1997,0,0,6566,628,408,0,2
2563970.4,25614,29,0,0,27,52970,4,1,1994,1,0,700,377,519,1,9
5146226.2,51434,64,0,0,23,79754,10,2,2012,1,1,2080,9575,753,0,7
7900996.5,78960,55,0,1,76,23408,8,4,2015,1,1,7126,5012,974,1,0
7084110.6,70751,64,1,1,41,92268,1,9,2006,1,0,1506,590,794,1,7
8198185.0,81870,60,0,1,100,58048,3,8,2020,0,0,3632,5960,723,1,3
9161130.7,91559,36,0,1,21,82521,6,2,2007,0,1,788,4788,132,1,8
7216904.4,72098,9,0,1,67,91168,2,3,2014,1,0,9080,9356,740,1,9
2318776.3,23177,19,0,0,52,69373,4,1,2003,0,0,2706,4593,648,1,6
3953491.9,39517,92,0,0,85,51212,4,6,2019,0,1,7618,1172,810,1,9
5524015.1,55232,23,0,0,8,849,8,3,1991,0,0,1492,5697,625,0,6
5384554.6,53735,49,0,1,92,2423,4,7,2006,0,0,8654,9588,290,1,8
6789580.5,67753,72,1,1,78,31721,3,9,1995,1,1,7480,2068,929,0,6
146181.8,1450,59,0,0,1,2317,10,9,2018,1,1,1285,8119,869,1,10
8225970.9,82141,93,1,1,61,74213,3,7,2019,1,1,8785,6602,968,1,4
1792308.3,17868,73,1,0,35,48674,4,9,2013,0,0,1718,5498,710,1,2
7145471.5,71397,71,0,0,93,68199,3,10,1995,1,1,3477,5530,342,0,2
3267852.3,32623,35,0,1,14,80204,10,6,2003,1,0,4633,7551,126,0,8
2390804.0,23841,71,1,1,25,32106,3,7,2010,1,1,7590,5224,564,1,1
1650711.1,16495,94,0,0,6,90448,3,10,1991,1,1,2214,1464,929,1,7
3917652.2,39109,24,1,0,67,74477,4,3,2002,1,0,1642,2925,139,0,9
6522781.1,65151,81,1,1,3,66191,7,9,1991,0,0,3218,9119,849,0,4
6154833.3,61484,91,1,0,94,87015,8,8,2013,1,0,5486,3641,766,0,3
7496997.0,57160,15,1,1,43,40786,8,8,2002,0,0,4018,4871,836,1,2
1336414.1,13346,57,0,0,57,30010,6,8,2021,1,1,2525,545,809,0,8
2738851.7,27351,77,0,0,36,98465,4,1,1997,1,1,1150,3100,812,1,0
1849227.0,18466,50,0,1,60,89670,5,2,2020,0,0,2475,1376,568,0,5
4552319.4,45441,29,1,0,66,21239,3,5,2004,0,1,8121,2996,853,0,6
5599976.1,55933,15,0,0,97,5800,9,8,2001,1,1,7369,6739,686,1,6
6264973.0,81936,68,0,0,92,6143,3,1,2011,1,0,6393,9082,734,0,0
1833338.1,18237,70,1,0,74,25093,9,6,2011,0,0,7173,9144,498,1,9
3568002.8,35631,54,1,0,7,77355,10,6,2018,1,1,216,1339,775,1,10
9977000.2,99683,12,1,0,77,18300,5,8,2002,0,1,4034,2877,787,1,6
4770073.0,47664,44,0,0,77,98008,6,3,2010,1,1,2662,5433,417,0,6
6293710.3,62887,45,0,1,7,91125,4,3,1993,1,0,292,744,675,0,4
1852115.0,18470,20,1,1,73,9406,3,1,2000,1,0,4089,9245,905,1,6
7049827.0,36031,63,1,0,47,74698,9,8,2001,0,1,9701,1325,514,0,4
2278599.3,22776,84,0,0,5,82401,9,9,1993,0,1,2422,1918,544,1,7
1487488.2,14830,81,1,0,1,17641,1,10,1992,1,0,6151,1651,243,0,9
4403326.2,43944,40,1,0,69,5581,10,5,2012,0,1,7466,6556,735,1,6
7313447.6,73062,34,1,1,38,44770,4,8,2016,0,0,9823,7174,728,1,0
8432554.8,84284,76,0,0,39,55723,5,1,1998,0,0,4500,4877,480,0,6
6922957.0,9619,66,1,0,91,82543,9,5,1991,0,1,1069,3823,927,0,10
1150663.9,11410,96,0,1,96,85454,8,3,2019,0,1,1466,3642,933,1,1
2987645.0,29855,63,0,0,23,78080,5,5,2000,0,1,3861,7495,204,0,6
4674140.8,46716,94,0,0,58,25303,8,5,2008,0,1,1361,6855,409,0,3
7714235.2,77046,69,1,0,85,43517,4,2,1992,0,1,8135,1401,648,0,3
5892518.4,58855,1,0,0,66,20127,3,7,2004,0,1,2267,3070,531,0,3
6926290.9,69165,66,1,0,74,51371,4,4,2009,1,1,1543,9736,939,1,9
5800324.7,57915,25,0,1,84,87517,10,4,2007,1,1,3394,4287,640,0,5
7799497.0,66279,47,1,0,9,21934,3,2,2003,0,1,5079,3156,128,0,10
1611707.1,16068,21,1,0,13,21716,8,8,1991,1,1,8893,2564,463,0,2
7443433.4,74325,50,1,1,58,91978,8,10,1994,0,1,4008,1952,275,0,5
3581003.4,35742,46,1,1,47,84138,7,1,2014,1,1,1732,6019,243,0,7
904797.0,9026,51,1,0,28,85842,1,5,2000,1,0,779,9037,482,0,10
1693690.0,16899,19,0,1,14,47328,2,4,2020,0,1,5710,907,302,1,7
9989598.9,99854,82,0,0,64,82741,3,8,2009,0,1,4827,2626,918,0,7
3382812.6,33743,56,1,1,29,21945,10,8,2006,0,1,7330,3012,345,0,6
7290431.7,72798,22,1,1,30,61212,9,3,2007,0,0,2209,2120,637,0,7
8654049.2,86492,21,0,0,86,42450,3,7,1992,1,0,7843,5348,463,0,0
3901433.3,38937,35,0,1,77,2867,2,6,2013,1,1,1312,1272,794,0,1
2480900.9,24762,22,0,1,62,50367,10,10,1999,1,1,5264,3986,502,1,1
9109264.9,91047,45,0,0,65,41065,8,2,1999,0,0,7241,1060,757,1,1
5557814.5,55527,64,0,1,44,61931,4,2,2005,0,1,9385,9507,786,1,9
7070662.7,70606,17,1,1,79,38,7,3,2017,1,0,4927,1285,197,0,5
6741466.0,67327,47,0,0,87,26709,9,3,1990,0,1,1097,8551,964,0,10
615143.2,6125,90,0,1,29,95979,1,2,2012,1,1,6423,7934,846,0,10
7185318.3,71833,37,0,1,51,58147,2,5,2013,0,0,3772,2045,580,1,6
2090690.5,20811,98,1,1,71,91543,1,4,1995,0,1,112,53,586,0,3
765618.9,7643,98,0,0,63,5989,2,3,1999,1,0,2142,7748,983,1,7
1676719.7,16669,95,1,1,81,15949,4,3,2007,0,1,6109,1409,239,1,1
8409827.0,84006,73,1,1,97,54296,4,7,2000,1,0,9698,6310,837,0,4
3412619.3,34059,49,0,0,90,63489,4,8,1993,0,1,4138,5337,347,0,2
3620939.1,36131,95,0,0,88,72385,8,8,1991,1,0,1046,8463,331,0,8
826967.7,8201,18,1,1,66,38920,7,2,2007,0,0,4949,5811,185,1,6
3842545.4,38398,84,0,0,22,44513,6,8,1994,1,0,1618,9458,404,0,8
3884619.4,38833,10,0,0,14,28075,4,3,2014,1,1,1828,7626,462,1,8
4151539.3,41488,22,0,0,59,2019,9,1,2013,0,1,2090,4438,650,0,3
521650.5,5205,2,0,0,15,71289,7,3,2005,0,0,8342,4705,742,0,0
4508367.3,45066,28,0,0,62,85825,9,5,2013,0,0,7092,6757,924,1,0
6394774.9,63875,53,1,1,14,54408,7,3,1999,1,0,4139,7178,152,0,6
8148789.0,25052,88,0,0,94,1083,8,6,2020,0,1,718,6346,703,0,10
5150600.6,51457,64,0,1,32,68294,3,10,2016,0,0,3016,1891,633,1,4
8449333.5,84396,64,0,0,96,88421,6,7,2015,1,1,7416,6190,593,1,2
6501809.6,64920,98,0,1,63,1173,8,8,2016,1,0,2287,8181,426,1,6
3374388.0,9166,4,1,0,16,26610,4,1,2015,1,1,6838,9438,842,1,8
8568781.7,85558,48,1,0,83,55318,2,9,2017,0,1,7997,655,374,1,0
8731940.9,87267,75,1,0,81,57714,6,10,2019,0,0,6899,1628,666,1,4
9615021.9,96091,100,0,1,24,99874,10,3,1999,0,0,6546,4094,373,0,6
3803545.8,38003,98,1,0,6,49191,8,10,2008,0,0,9981,6500,129,0,2
8318749.5,83120,97,0,1,68,93953,6,6,2015,0,1,15,4581,481,0,1
2049846.3,20468,100,1,0,34,63924,6,4,2003,0,1,9659,6233,802,0,0
7518709.8,75152,91,1,0,37,61836,3,3,2018,1,0,4717,5685,412,0,2
3274057.3,32688,9,1,1,18,86166,6,5,2013,0,1,9089,6967,398,1,7
6944191.0,45868,72,1,1,69,33082,5,7,1994,1,1,7668,9908,216,0,10
7394635.8,73900,69,0,1,36,57473,4,3,2018,0,0,9847,6227,140,1,4
1606948.7,16000,41,1,1,25,86898,9,4,2007,0,1,7228,764,138,0,6
3420500.0,1423,59,0,1,30,21687,8,4,1993,1,1,3900,1985,879,0,8
3002371.5,29951,37,1,1,13,56604,6,8,1995,1,1,5692,9582,762,0,0
4030226.9,40231,84,0,1,41,64474,4,5,1999,0,0,5700,303,758,1,0
5958698.3,59517,38,1,0,69,93928,8,8,2003,1,0,6831,2741,727,1,6
9902968.3,98969,26,1,0,69,36941,10,8,2003,0,0,3744,5809,992,1,5
6559792.0,99177,49,0,0,41,5100,6,10,2021,1,1,6326,6738,429,1,3
8920282.9,89157,46,0,0,42,34482,3,6,2009,0,1,3510,781,290,1,4
6749654.1,67429,60,0,1,24,89820,8,7,1991,1,0,3578,3600,858,1,1
3848467.0,38431,57,1,0,60,69199,9,3,2020,1,0,4121,3307,374,0,8
7259025.4,72495,76,1,1,59,8723,8,10,1994,1,0,3413,2245,254,1,0
8541211.7,85362,77,1,0,19,40604,6,5,1997,0,0,7728,8516,186,1,4
2863386.0,28597,93,0,0,47,16237,3,9,1990,0,0,4492,270,714,0,8
1376329.1,13687,36,1,1,93,2400,3,5,2001,1,1,4148,6383,590,0,5
5057657.0,50479,3,0,1,73,39939,5,9,2020,0,0,4149,6785,188,0,5
9817494.5,98121,38,0,1,57,20289,7,4,1995,0,1,6028,8690,275,0,2
5775940.9,57736,16,0,0,21,83855,9,6,1999,0,1,6099,1511,588,0,2
3039209.2,30356,40,0,0,85,13378,7,1,1992,0,0,7660,774,551,0,8
2126023.8,21141,38,0,1,80,65184,10,3,1998,1,1,169,8853,697,1,10
9813433.9,98122,34,0,0,7,80176,7,4,2009,0,1,7125,7272,186,1,5
3478332.0,34746,12,1,0,15,57668,10,5,2000,0,0,2840,3137,377,0,4
1738971.2,17297,43,1,1,19,99289,7,5,2012,1,1,3216,5586,243,1,2
6531754.0,80324,47,1,1,7,20394,3,2,1993,1,1,325,3203,109,0,9
1585031.9,15815,13,1,1,2,2179,7,1,2019,1,0,637,7880,552,0,4
114605.7,1066,5,1,1,46,65388,4,9,2017,0,1,2723,9228,524,1,5
7930383.5,79275,95,0,1,67,13000,5,9,1995,0,1,3689,7215,132,1,3
2076936.7,20658,7,1,1,48,80216,4,10,1997,0,0,8080,9560,341,1,10
877525.3,8687,88,0,1,64,2052,3,6,1993,1,1,7414,6075,710,1,3
6977654.1,69638,42,1,1,63,89878,1,2,1991,1,0,4703,7032,937,1,6
9406163.1,94036,18,0,0,19,79418,10,9,2001,1,1,5913,178,986,0,10
6091341.8,60889,72,0,0,87,55928,6,8,2018,1,0,7437,4833,131,0,7
1169431.2,11680,21,0,0,14,5324,10,1,1992,1,0,7478,6846,921,1,6
1154040.0,11458,96,1,1,31,95286,9,5,2010,1,0,1365,3757,321,0,6
2042985.7,20397,67,0,0,79,29406,8,7,1997,0,0,705,4914,898,1,3
8326302.9,83206,34,1,0,51,27565,9,9,1999,1,0,9170,9694,327,0,9
904889.7,8951,11,1,0,63,32412,1,10,1997,1,0,6189,2892,626,0,1
2292467.1,22854,41,1,0,89,74420,4,7,2001,0,1,6216,521,481,1,0
4605791.5,46042,52,0,0,74,45861,9,8,2015,1,0,65,9506,946,0,5
9356982.7,93506,20,1,0,28,7068,8,9,2017,1,0,5297,1410,306,1,8
5875981.0,58748,76,0,0,40,20761,2,5,2010,0,1,1627,996,639,0,2
74252.0,715,71,0,0,23,33439,7,3,2010,0,1,8609,3736,740,1,8
5540589.3,55327,22,1,0,59,76622,1,2,1993,1,1,7163,9333,504,1,8
6369055.0,63631,84,1,0,12,31269,6,10,2000,0,0,239,1952,411,1,4
7793915.8,77915,99,0,0,21,63942,5,10,2018,0,1,1081,9015,448,0,4
9182083.9,91804,5,0,0,81,87339,3,9,1999,0,1,8554,1275,930,1,8
5731510.4,57295,95,0,0,69,32081,2,2,1994,1,1,9771,9634,951,1,7
6114671.8,61057,65,1,0,77,17051,9,8,1998,1,0,9762,545,369,1,6
9169068.1,91626,83,1,0,55,59173,4,5,1991,1,1,2684,784,101,1,8
2948071.0,29356,96,1,1,46,4864,4,9,1990,1,1,1780,393,413,1,3
2715604.3,27134,62,1,0,2,1498,7,7,2003,0,0,3718,9140,357,1,3
174918.7,1682,65,1,0,79,7602,2,3,2017,0,1,2590,425,659,1,4
9892300.1,98868,41,0,1,67,85917,7,3,2021,1,1,2146,1077,623,1,3
7044515.0,23898,62,1,0,93,73176,9,9,1996,0,1,8256,4656,136,0,1
8321631.1,83110,43,1,0,75,55046,7,10,2001,1,0,4108,5663,380,1,7
7122699.1,71154,67,0,1,53,8762,2,6,2021,1,1,8418,7187,706,0,8
9086177.3,90841,48,1,0,15,25300,6,5,2003,0,0,3333,149,842,0,9
6846709.0,68416,87,1,0,48,60979,8,7,2010,0,0,1811,6776,424,0,6
4759724.3,47585,95,0,0,5,81532,5,1,1993,1,1,5101,89,639,0,0
2850377.6,28452,79,1,0,40,79918,4,10,2006,1,1,388,1889,566,1,2
6820460.0,15630,78,1,0,4,98750,7,3,1996,1,0,7084,4158,225,1,0
6605894.7,65900,36,1,1,99,27819,1,5,2017,0,1,2637,1038,452,0,1
2166421.0,21600,94,1,0,56,85215,10,8,2000,0,1,3129,6029,236,1,3
7472587.2,74704,31,0,0,22,93675,1,9,1992,1,0,7463,8866,347,0,9
8739254.7,87291,78,1,1,42,5950,3,3,2017,0,1,6214,3127,596,1,2
9673884.2,96687,65,0,1,81,70871,4,4,2012,0,1,2438,8183,695,1,6
6071330.9,60567,65,1,1,100,39919,7,6,2019,1,0,7010,7994,993,1,0
489455.0,4872,41,0,0,74,79028,9,6,1990,1,0,5851,1579,473,0,6
922102.9,9157,48,1,0,53,6500,4,10,2009,0,0,6401,6536,488,0,8
6531999.9,65217,26,1,1,39,96357,6,8,2019,0,1,1374,3300,804,0,10
8743241.0,87346,56,1,1,82,34773,9,9,1990,0,1,5792,549,947,1,4
3648835.0,47701,26,1,0,46,73572,3,5,2001,1,0,5447,3025,610,0,3
1488265.1,14766,50,0,1,79,36865,8,1,2001,0,0,8031,383,643,0,4
9498026.8,94841,19,1,1,75,11526,3,5,1998,1,1,3157,986,585,1,6
5939275.2,59318,92,0,0,91,68354,9,8,2002,0,0,9413,9619,425,1,5
5395102.0,1796,28,0,0,4,66676,1,1,1997,0,1,8360,2070,142,0,4
9661068.0,96526,36,1,1,34,61875,5,2,2020,0,1,2131,710,680,1,0
6288117.6,62876,36,0,0,9,90089,4,8,2006,0,0,338,8342,740,1,4
5967916.2,59558,43,1,1,89,79779,4,3,2012,0,0,9174,4094,712,1,5
6147059.0,97008,89,0,1,4,11466,9,5,2014,1,1,8321,5231,369,1,0
6678869.7,66746,6,1,0,10,22139,7,3,1997,0,0,1567,9732,378,1,3
2582235.2,25776,36,0,0,93,4777,5,9,2002,0,0,688,5948,954,1,10
9626665.8,96195,97,0,1,64,91809,7,4,2018,1,1,3874,9414,892,0,3
486824.5,4805,47,1,1,99,48026,5,5,1995,0,1,2788,4069,839,1,0
2312202.0,23045,21,1,0,75,72570,5,5,1990,0,1,651,4309,607,0,0
9554998.7,95441,70,0,1,65,3574,6,10,2017,1,1,2841,3067,404,1,3
2847241.9,28381,34,1,0,64,44973,6,2,2009,1,0,6737,1660,502,1,2
1582940.3,15731,34,1,1,37,93825,5,2,2003,0,1,7361,4828,277,0,5
1902151.9,18966,58,1,0,25,4414,10,4,2019,1,1,2327,7431,823,0,0
2449464.9,24393,46,1,1,16,18507,4,8,2019,0,0,4080,4764,619,1,2
5335546.3,53339,67,0,0,11,6144,4,1,2013,1,0,368,8180,312,0,3
6483583.0,44053,17,1,0,55,70068,9,3,2004,1,0,6586,382,258,0,3
5590197.0,70898,98,0,0,92,51635,6,1,1994,0,0,4848,784,942,1,3
8452134.9,84483,41,1,0,85,28464,10,3,2019,1,0,6052,369,651,1,6
3574932.3,35716,24,1,0,52,77207,4,2,2013,1,1,8821,9581,991,0,10
7649777.0,64693,64,0,0,81,90290,10,9,2013,0,0,7506,6802,687,0,7
3265750.6,32593,40,1,0,94,89328,2,9,2006,0,0,2261,9719,871,1,2
173112.0,1607,63,1,1,52,32832,10,8,2020,1,0,2844,5531,878,0,7
3954971.1,39484,74,0,1,30,6688,6,4,1991,1,0,3172,2821,172,1,9
3253846.5,32458,28,1,1,20,47125,1,3,2015,0,0,8462,890,523,1,7
7229477.4,72243,64,0,1,23,34837,2,1,2004,1,1,4431,8585,752,1,3
2070369.6,20624,44,1,0,83,50284,10,2,1996,0,0,318,6191,606,0,4
748338.5,7443,38,1,0,41,4785,8,8,2005,0,0,3249,4423,503,0,1
7840062.0,78382,41,0,0,14,58781,7,1,2020,1,1,8751,7515,985,1,6
7075926.0,70614,15,1,1,100,61317,10,5,2010,1,1,4845,8727,991,0,2
7827396.0,32235,59,1,0,10,76786,2,6,2016,1,0,7388,828,488,0,10
260710.5,2523,12,1,1,67,75753,3,10,2015,1,1,150,473,949,1,1
8790481.9,87864,55,0,0,77,48421,8,4,2019,1,1,7834,7083,745,0,9
1832673.1,18316,97,0,0,3,68804,10,5,1991,1,0,5804,2070,846,1,9
9454072.1,94471,30,1,1,79,55210,6,1,2011,0,1,1327,6342,285,0,3
6080655.4,60704,96,1,1,29,18856,1,10,2004,0,0,4505,9766,847,1,2
5406334.3,54020,4,1,0,64,58230,1,3,2013,0,0,8767,4062,882,1,4
5967739.7,59612,37,1,0,56,69063,10,7,2017,1,1,5616,5474,914,1,2
5649094.0,56467,63,0,0,41,28576,3,2,1990,1,0,2743,5018,815,0,0
7496807.0,65625,55,0,1,36,89469,2,10,2015,0,1,774,1091,958,1,10
4167932.4,41570,76,0,1,98,21758,10,4,2014,1,1,3573,3494,486,1,10
4493882.2,44862,99,0,1,68,58122,7,5,1992,0,0,9383,3076,631,0,3
4734236.1,47212,37,1,1,81,4826,7,4,2001,0,0,7210,5160,159,0,9
288797.4,2840,17,1,0,26,94918,4,4,2004,1,0,6848,5362,294,1,10
4052600.4,40465,85,0,0,100,6023,4,9,2004,0,0,6327,1053,403,1,0
1728829.5,17191,80,1,1,29,49538,2,5,1995,1,0,3192,2786,716,1,9
5653048.6,56480,85,1,0,80,21192,8,3,2016,0,0,8211,9476,532,0,1
7051701.1,70503,78,0,0,29,72210,2,6,2021,1,0,6819,4897,948,0,4
493693.3,4885,100,0,0,54,79559,7,8,1993,0,0,9519,8043,718,0,6
5840294.6,58263,65,1,1,57,39046,9,10,2006,0,1,7942,6968,786,1,3
4768169.2,47647,52,0,1,6,24285,10,2,2002,1,1,3220,9457,171,1,10
7663816.0,57916,51,0,0,24,8801,8,1,1998,0,1,3831,5615,356,1,1
6838112.0,6396,71,0,0,40,28917,6,6,2005,1,0,413,3302,682,0,9
4206464.5,41972,18,0,1,49,40098,7,7,1995,1,0,842,820,846,0,0
9439790.7,94311,11,1,0,47,89062,8,1,2007,0,1,3619,128,868,0,7
1075982.6,10714,41,0,1,98,23803,5,6,1996,0,1,2598,1190,631,1,6
1134964.0,11259,26,0,1,82,34780,10,4,2010,1,0,902,3876,125,1,7
359850.3,3534,16,1,1,13,39998,4,1,2003,0,1,5811,6473,900,0,0
5274696.1,52680,10,0,1,79,10177,6,4,1991,0,1,5687,2005,242,0,0
6820173.0,62711,60,0,0,29,42211,8,10,2007,0,1,4484,5437,329,0,6
1938014.0,19268,12,1,0,77,38471,3,5,2010,1,0,1133,5202,357,1,3
3620813.9,36119,39,1,0,46,16503,7,4,2019,0,1,3958,3737,889,1,3
2840816.3,28394,53,0,0,7,81916,8,8,2003,0,1,63,8840,328,0,2
2046763.7,20392,33,1,0,84,53104,10,5,2007,0,1,1256,7011,171,1,2
735079.4,7259,25,1,1,39,860,1,4,2014,0,0,6482,2430,537,0,5
7192404.0,28183,81,0,0,52,44087,5,2,1993,1,1,2798,5783,525,1,10
9227140.6,92188,14,0,1,95,5286,10,2,1996,1,1,61,7526,693,0,0
2989048.5,29815,28,0,0,77,46462,9,7,1995,0,1,3530,2821,663,0,0
5025975.3,50219,96,1,0,54,23667,9,6,2003,0,1,8051,8796,965,1,0
182838.2,1722,56,0,1,84,27948,8,8,2002,1,0,6240,8680,497,1,2
7048784.3,70399,14,0,1,85,82950,6,5,2013,0,1,8009,9856,255,0,4
2883447.1,28790,52,1,0,15,13856,7,6,2021,1,1,1238,5370,218,0,4
9304587.0,92962,7,1,1,37,32437,5,1,2000,1,0,6581,1046,315,0,3
3430728.0,34245,2,1,0,85,50891,4,4,2010,1,1,251,3567,918,1,5
5477618.6,54677,64,1,1,94,77132,2,10,1996,1,0,1236,3643,537,1,2
7427853.0,74227,84,1,0,5,98736,7,7,2000,1,0,4609,7857,378,0,5
5280825.0,94939,46,1,1,48,55155,9,10,2009,1,0,9164,9600,351,1,7
6623544.0,48884,58,1,0,32,15276,1,7,2010,1,0,311,1098,729,0,9
1066200.6,10638,39,0,0,33,64229,5,4,2016,0,1,3142,3829,138,1,10
9044477.4,90315,61,1,1,91,21653,7,7,1994,1,1,5604,3492,490,1,7
1767487.3,17633,28,0,0,83,83228,6,2,2013,1,0,1644,8999,162,1,2
6327623.7,63242,45,0,1,18,63066,4,10,2017,0,1,6932,5206,340,1,1
7325922.0,79344,46,1,1,42,19012,2,3,1991,1,0,8088,4938,744,1,7
7223902.5,72093,48,0,1,92,83520,8,1,2005,1,0,4805,7,148,0,9
1342476.1,13378,59,1,0,9,2735,1,1,2001,1,1,8171,5848,488,0,7
4706162.0,47019,35,0,1,9,60947,8,4,2020,0,0,2005,1643,694,1,6
3477313.2,34666,75,1,1,14,28826,5,2,2002,1,1,9405,9154,186,1,6
9361261.2,93509,28,1,1,62,48468,6,2,1992,1,1,72,9223,731,1,6
1364589.5,13583,42,1,0,32,42009,7,2,2015,1,1,4519,3442,911,0,10
1970018.9,19649,11,0,1,83,87255,4,4,1999,1,0,595,6282,795,1,2
7118070.0,141,16,0,1,58,42248,5,4,1997,1,0,3411,8985,213,0,4
2289134.3,22821,64,1,1,14,66304,9,8,1993,1,1,2060,103,491,1,2
65465.1,533,76,1,1,55,94923,6,8,2021,1,1,654,3585,301,0,9
6711051.5,67020,71,1,1,38,64361,4,7,2015,0,0,3647,997,640,0,1
4916616.1,49094,30,1,0,49,90656,9,2,2021,0,1,4934,3570,625,1,8
2530193.9,25269,88,0,0,92,86720,6,7,2019,1,1,3464,5175,693,1,1
7204744.3,71989,41,0,0,77,50519,2,3,2003,0,0,7290,4027,337,1,4
7325717.1,73180,1,1,1,54,38386,9,7,2011,0,0,3340,452,784,1,10
1908217.8,18926,58,1,1,84,32618,6,4,1998,1,0,5353,4021,442,1,8
652565.8,6492,76,0,0,88,81044,10,3,2018,1,0,2655,6299,372,0,9
9814193.2,98045,4,1,1,8,78526,4,5,2002,0,0,9321,2416,570,1,0
7998285.0,51589,83,0,1,43,55528,6,10,1998,1,0,7867,7522,819,1,5
7626566.0,24390,75,1,0,44,70527,10,9,1992,0,0,7295,6840,235,0,1
7597786.1,75890,10,0,1,59,33129,9,5,2001,0,1,270,3676,744,0,8
2929116.4,29220,9,0,1,59,33789,7,6,1994,1,0,391,8842,706,0,0
7250644.1,72433,57,1,1,18,69864,7,7,2001,0,0,6995,8567,276,1,0
5749361.3,57467,98,0,0,64,24393,7,3,1993,0,0,661,9428,600,1,2
8153070.7,81482,76,1,0,9,56103,1,7,1997,0,0,2265,3606,281,0,6
6141452.9,61346,69,0,1,52,63238,7,10,2009,0,1,7427,5864,207,1,10
8104297.2,80915,23,1,1,67,46095,9,6,1992,1,1,5351,1864,569,0,0
6552454.0,65479,74,0,1,35,99953,10,5,2000,0,1,9347,1817,460,0,10
4833604.7,48302,22,1,0,13,82376,2,9,2017,0,0,9855,6297,543,1,1
7682267.0,76690,21,1,1,99,91395,1,1,1990,1,1,611,2112,181,1,8
1448447.2,14447,39,0,1,23,93847,6,8,2002,0,0,5371,9535,965,0,6
2431969.4,24213,31,1,1,93,51767,1,7,1994,1,0,1561,1228,653,0,5
189919.7,1843,30,1,1,3,3,4,7,2007,1,1,1313,9063,706,0,5
7829898.7,78183,65,1,1,86,3648,7,9,2007,0,1,8682,588,748,1,4
9939399.8,99323,35,0,1,28,69665,6,7,2018,0,0,6346,6556,280,1,3
6750826.7,67491,21,0,0,57,5308,6,7,2007,1,0,1253,1592,254,1,0
267798.6,2588,82,1,0,69,25395,1,5,2016,0,0,7247,9670,987,0,8
7669791.9,76635,6,1,1,1,73981,2,5,1999,0,0,981,5857,949,1,1
4510977.7,45070,100,0,0,92,21335,9,9,1997,1,0,1333,989,885,1,0
6243323.3,62381,58,1,0,44,22862,1,4,2003,1,0,1809,2821,734,1,6
9860222.2,98543,2,1,0,44,88249,1,3,1992,0,1,2955,6151,661,0,7
1397748.9,13972,39,0,0,8,91674,2,2,2009,0,0,1477,3153,952,1,2
7166917.2,71567,70,0,1,94,64245,10,8,1992,0,0,5968,1718,985,0,4
3681839.6,36804,99,0,0,12,76338,2,8,1996,0,0,6951,6584,594,1,6
2136801.5,21297,71,1,1,14,75154,2,3,1995,1,1,8198,4951,111,0,4
1000736.2,9950,1,1,0,69,79019,5,10,2012,0,1,3156,6914,174,0,4
372556.7,3661,50,1,1,24,1138,3,8,2007,1,0,6186,862,613,0,7
8821018.6,88102,51,1,0,70,42082,8,3,2016,1,0,7245,6073,496,1,9
7262781.5,72596,91,0,0,90,32957,7,6,2015,1,0,9595,1266,156,1,0
7082373.5,70763,4,1,0,38,18220,10,4,2015,1,0,7098,5958,484,0,9
1203664.5,12002,58,0,0,41,2764,8,8,1995,1,0,1718,3877,867,1,1
2627462.1,26146,34,0,1,98,431,7,9,2011,1,1,2060,7566,680,1,7
5755387.0,13716,62,0,1,98,61202,6,8,1990,0,1,5967,1070,911,0,10
2339782.0,23281,32,1,1,52,87667,9,10,2020,1,1,3681,3220,422,1,3
386574.9,3824,45,1,1,9,11597,5,6,2019,0,1,3191,6677,305,0,0
5615576.1,56086,3,1,0,46,52007,6,2,2021,0,1,2853,1194,863,0,1
1912984.9,19014,67,1,0,89,82387,8,2,1999,0,0,3330,8941,550,0,6
8085990.4,80808,59,1,0,1,18733,7,5,2004,0,0,3879,8229,434,0,5
8365162.1,83602,5,0,1,2,48528,9,7,1991,1,0,8993,8003,496,1,5
9985836.8,99767,27,0,1,79,46530,2,8,2018,1,0,520,7948,495,1,2
6075733.2,60675,32,1,0,51,97066,9,7,2002,1,0,5953,6958,260,0,6
2029228.7,20210,2,1,0,78,77066,1,8,2007,1,0,2811,9309,218,0,4
2870499.1,28694,82,0,0,20,44298,2,3,1991,1,1,3206,2352,310,1,3
4554205.1,45521,53,0,0,32,26627,9,9,1991,1,1,8643,2999,670,0,7
5574845.6,55727,46,0,0,77,94339,5,5,2016,0,0,5811,42,183,0,2
1740869.6,17307,20,1,0,66,81794,5,8,2006,1,1,2317,5409,692,0,2
8649993.4,86474,98,0,0,33,50147,1,6,2004,0,0,1928,4232,220,0,7
607323.3,6012,53,1,0,38,96011,8,7,2013,1,0,392,2928,423,0,4
663333.0,6617,51,0,0,38,26766,10,4,2010,1,1,7115,5340,248,0,10
3407529.3,34061,43,0,0,90,26346,3,1,1993,0,0,1616,6765,534,1,9
1293712.6,12881,12,1,0,68,85503,10,5,2006,0,1,8654,5066,920,1,0
4851198.2,48458,82,1,0,72,98206,3,6,2002,1,1,5447,7360,308,0,6
8969519.6,89618,49,1,0,36,30029,1,6,2006,0,1,4321,9355,752,1,0
1044857.9,10369,30,1,0,68,51049,8,10,1999,0,0,9629,7874,383,0,10
2191960.3,21865,24,0,1,79,50297,10,5,1993,0,0,2324,4385,932,1,3
3086005.3,30817,48,0,0,63,26230,9,3,2013,0,0,2444,9730,961,1,3
888730.8,8808,85,1,0,37,93756,5,10,1998,1,1,9287,4979,416,0,5
1610901.0,16006,69,1,1,26,6423,7,10,1990,1,0,3565,742,405,1,3
7052408.2,70517,37,0,0,1,67679,5,6,2002,0,1,9373,6035,184,1,5
5564877.1,55592,68,0,1,10,80811,7,6,2021,0,0,7719,4694,372,1,0
5478292.0,10978,17,0,1,55,25000,2,9,2015,0,1,9798,2127,481,1,6
9446167.6,94388,7,1,0,81,41690,8,8,1996,1,0,7739,1176,741,0,8
1817658.6,18041,90,1,0,99,90750,6,8,2006,1,0,1064,653,221,1,3
1833031.3,18220,91,0,1,97,50508,8,4,2013,1,0,2604,5842,838,1,2
3946165.4,39342,7,1,1,84,88712,5,7,1994,0,1,1003,2398,385,1,2
6657976.8,66570,59,0,0,2,85412,7,10,2008,1,1,2628,7837,754,1,6
6164562.0,34592,100,0,1,33,63748,1,7,1994,1,0,7356,2228,264,1,5
3880396.6,38700,25,1,1,26,101,4,7,1996,0,1,5100,5564,956,1,8
3211741.7,32060,25,0,1,97,43201,8,9,2017,0,1,9618,9072,814,0,8
838488.1,8305,86,0,0,83,36778,9,9,2001,0,1,1648,3165,766,0,4
4011225.8,40080,50,0,0,82,11062,8,8,2018,0,0,5973,2871,484,0,0
8938823.4,89335,66,1,1,54,25219,7,2,2004,0,1,9808,4039,425,0,8
7864949.1,78546,92,0,1,84,52906,10,6,1991,0,1,978,3244,530,1,4
5015729.8,50066,63,0,1,67,81340,8,5,1998,0,1,8716,6542,465,0,1
7035864.0,37008,61,1,1,75,13250,6,3,2013,1,0,309,5249,463,0,7
3299047.8,32876,98,1,1,32,48832,7,9,2008,1,1,3289,8595,121,0,8
9838529.0,98266,14,1,1,42,27552,8,10,1990,1,1,6293,8164,1000,0,9
5379979.2,53665,66,1,1,81,16527,10,3,2002,1,0,1788,6553,204,1,8
3362757.6,33469,98,1,1,91,29874,7,7,2016,0,0,6871,4561,293,0,8
4264812.3,42578,49,1,1,23,3339,7,8,2013,1,0,6690,3789,964,1,6
6436473.9,64329,25,1,0,44,54901,4,5,2019,0,1,7313,2455,634,1,5
7363109.0,29512,96,0,1,26,49748,2,8,2012,1,1,6556,9398,170,0,9
29643.3,241,78,0,1,50,86182,7,6,2013,0,1,4070,7336,962,0,7
3284181.6,32709,47,1,1,80,86465,1,3,2006,0,1,2548,2351,162,0,5
2938810.1,29271,70,0,1,98,33402,10,3,2021,1,1,3470,5717,429,0,6
1556824.6,15542,19,0,0,27,48610,8,7,1996,0,0,563,6368,615,0,5
9498811.4,94951,52,0,1,80,45083,8,4,2014,1,1,4121,3981,261,1,3
1233872.8,12296,54,1,0,45,44308,9,10,2008,1,1,1449,8183,127,1,0
4245306.1,42390,17,0,0,96,16776,5,1,2001,0,0,7796,7032,462,1,0
222104.1,2157,22,0,0,93,68218,5,4,2021,0,0,5209,2362,799,0,9
7061024.3,70576,66,1,0,7,75420,4,7,2013,0,0,6411,6596,684,1,9
2230267.5,22232,24,0,1,52,20211,5,9,2005,1,1,135,1819,882,1,8
3142605.7,31368,78,1,0,86,96715,4,5,2007,1,1,6510,4644,682,1,0
6588177.0,2713,76,0,0,19,66674,8,5,2000,1,1,3827,3127,880,1,1
4097363.7,40939,60,1,0,6,67333,4,7,2017,0,1,9386,4038,956,0,8
8492982.7,84892,59,0,0,46,1488,6,10,2007,0,1,271,6059,556,1,3
4336691.2,43332,60,0,1,24,16226,5,5,2002,0,1,9557,9617,321,0,4
3947777.0,39445,100,0,0,66,31733,10,5,1990,1,1,1391,4942,992,0,10
8209534.4,82032,78,1,0,64,11922,9,10,2004,0,0,6972,9105,883,1,8
84647.8,813,45,0,1,15,52891,7,2,1998,1,0,4226,1272,633,0,7
4347238.0,43432,44,0,1,34,780,1,4,2010,1,0,2077,3329,377,0,6
8104253.5,80988,34,0,1,57,56385,6,10,2015,0,1,8135,7450,321,1,10
9947284.1,99444,68,1,0,60,93693,2,4,2021,1,0,5643,4783,834,0,5
3766350.8,37618,57,0,0,45,59333,2,3,2008,0,1,3892,7379,638,1,9
6405935.2,63973,18,1,0,78,40739,1,10,2002,0,1,6770,339,937,1,10
9916550.8,99107,54,0,1,65,88495,3,4,2018,0,1,5522,7622,194,1,3
7156303.2,71519,12,0,1,80,24484,1,8,2012,0,0,9982,6232,800,1,2
9185367.1,91841,77,0,0,14,19103,5,2,2011,0,1,8782,3254,955,0,0
6975318.0,28467,98,1,1,70,90596,7,6,2019,0,0,4314,9569,658,1,10
7713855.2,77075,52,1,0,11,13884,10,10,2002,1,1,1768,9928,430,0,4
3436902.0,91776,26,0,0,72,92099,10,1,2001,1,1,1303,4952,712,1,4
7006951.7,69948,45,1,1,59,38826,10,3,2017,0,0,5632,6000,301,0,3
6867934.1,68593,3,1,1,65,78866,3,3,2021,0,1,5603,9225,540,1,7
5682955.5,56774,50,1,0,23,45524,7,4,1995,1,0,5989,186,469,0,3
8467175.1,84577,63,0,1,64,43522,6,7,1991,1,0,9411,4095,400,0,0
7887862.2,78835,77,0,0,84,40276,3,6,2002,1,1,1071,6437,771,0,1
5909662.3,59073,82,0,1,38,50312,1,5,2003,1,0,8036,9658,303,1,2
682123.2,6704,83,1,1,59,94479,8,10,2012,1,1,7171,3023,822,1,1
2100783.2,20968,48,1,0,6,39273,3,6,1992,1,0,3747,1117,656,1,6
6435074.1,64244,20,1,0,82,89404,6,9,2021,1,1,5461,798,426,0,6
5426671.3,54133,1,0,1,89,49508,2,3,1993,1,0,2192,4801,195,0,2
8644500.0,90842,60,1,1,25,25975,3,6,1995,0,0,3501,8720,152,0,5
5013775.0,51780,83,0,0,88,3391,3,8,2021,0,0,540,4699,879,0,4
6310092.0,38722,91,1,0,22,20239,5,5,2008,1,0,4316,6127,738,0,2
5119947.6,51127,85,1,0,66,53060,2,2,1996,0,0,391,4578,127,0,5
3184469.0,31802,100,0,0,80,6094,7,3,1990,0,1,3049,6665,476,1,10
2687139.6,26770,8,1,1,69,79970,10,8,2016,1,0,6924,6367,940,1,2
6389327.9,63839,58,1,1,2,92707,4,6,2019,0,1,6200,882,302,0,6
5630006.6,56181,76,0,1,98,27961,4,4,1996,0,0,4581,8060,953,0,7
9182239.2,91757,82,0,0,78,92525,8,4,2012,1,1,5258,1106,628,0,6
5423195.0,54200,51,0,0,43,34559,2,5,2010,1,1,9853,858,869,0,3
2983377.1,29788,61,0,0,68,65901,2,3,2011,1,1,6551,5740,782,0,1
2923248.9,29180,7,1,0,1,71840,5,8,1999,0,0,3218,2990,753,1,10
3072463.6,30630,62,0,1,65,24522,1,5,1996,0,0,2190,295,965,1,4
5963391.0,81114,23,0,1,89,34182,6,2,2007,1,0,1629,8207,813,0,9
9605401.8,96016,48,0,1,35,76744,6,4,1998,0,1,269,1613,300,1,1
905963.4,8977,53,0,1,62,91218,1,3,2014,0,0,5865,7112,250,1,5
9257332.6,92508,60,0,0,88,67387,6,7,2006,1,1,1551,4343,271,1,4
3885083.0,38804,18,1,0,45,39560,4,2,2000,0,0,5441,2726,925,0,1
3488181.3,34830,92,1,0,85,74921,3,4,2003,1,0,3930,3923,833,1,2
4856286.6,48540,42,0,0,27,98742,4,5,2016,1,1,5751,8410,489,1,4
2573981.9,25680,51,1,0,11,39163,9,8,2009,0,1,8681,5729,829,1,2
7330502.1,73224,66,0,0,74,2142,2,3,2021,1,1,7771,4695,941,0,3
2973362.6,29589,45,1,1,76,83674,3,1,2006,1,0,3703,2398,130,0,1
9651382.4,96469,21,1,0,13,7761,2,9,1994,0,0,7532,2509,416,0,8
3511457.4,35039,19,0,1,22,4336,6,2,1994,0,1,2052,9163,979,1,3
9963329.7,99592,47,1,0,61,41554,7,5,1997,1,1,9635,3509,360,1,3
7045037.8,70433,41,1,0,1,59694,5,8,2018,0,0,3499,6731,160,0,4
7213659.0,73644,18,0,0,7,87197,9,4,1998,0,0,4485,5615,345,0,4
7725844.6,77211,47,0,1,84,2192,7,9,2006,0,1,5620,7860,554,1,4
3651244.9,36429,8,0,1,29,15705,5,7,2019,1,0,9275,4841,152,0,0
9037622.0,90334,44,1,0,6,81833,10,1,1990,1,1,2390,828,413,1,4
5208507.3,51993,59,1,1,33,34373,6,10,2013,0,1,7531,6585,891,0,6
4450503.3,44476,27,0,1,13,14585,9,10,2013,0,0,9906,3023,101,0,2
3168722.0,31661,52,0,0,18,95986,8,5,2020,1,1,7968,5941,249,1,8
6833270.0,68275,93,0,1,54,82905,4,6,2020,1,0,3586,6606,104,1,6
8553293.6,85429,60,1,1,57,75588,7,6,2016,1,1,1421,6473,405,0,8
9023922.2,90162,71,1,1,27,52536,3,4,1992,1,0,2569,2826,909,1,1
8173020.4,81619,82,1,1,70,53446,10,5,2014,0,1,1562,6165,478,0,10
6538401.9,65324,7,0,1,8,53047,9,6,2009,0,0,9016,2528,549,0,7
443641.1,4368,85,0,1,29,46782,9,8,2021,1,0,4055,1482,713,1,6
2461959.9,24525,35,0,1,73,78932,4,8,2009,0,0,154,530,445,0,6
2102983.3,20949,5,1,1,22,26964,4,8,2013,0,0,3137,6117,747,0,10
2364571.7,23609,14,0,0,68,24913,7,8,2017,1,1,6808,1942,468,0,3
6809686.9,68084,35,0,0,8,40586,7,3,2009,0,1,9896,7245,158,0,9
7351988.7,73406,72,1,0,75,77874,4,6,2007,0,1,6128,116,915,0,2
5068736.6,50638,65,1,0,54,62598,7,5,2016,0,0,4071,2714,916,1,6
547357.2,5457,32,0,0,12,5443,1,6,1992,1,1,4286,3897,215,1,2
7337758.5,73337,30,0,1,5,90306,3,3,2005,0,0,9487,5697,949,0,5
9535650.3,95339,87,0,0,15,70589,9,4,2003,1,0,4878,4810,142,1,3
6330589.9,63237,8,1,0,49,23635,3,9,2009,1,1,6344,7812,197,0,5
3084723.8,30831,27,0,0,13,37790,8,10,1998,1,1,173,6677,966,1,8
5801637.3,57897,21,1,0,96,98705,4,3,1993,0,0,3678,5344,910,0,6
8743030.5,87418,73,0,0,7,26313,8,1,1995,1,1,8759,196,203,1,10
2073310.5,20640,17,0,0,91,21471,2,9,2015,0,0,5011,9512,736,1,0
3568972.8,35634,77,0,1,50,21065,7,4,1998,1,1,8120,9651,462,0,1
8561240.0,87156,49,1,0,44,94383,9,2,2019,0,1,5224,968,798,0,9
8062244.1,80556,1,0,1,54,3902,5,6,1991,0,0,9757,6059,650,1,7
7102693.9,70942,36,1,1,28,34429,5,9,2019,0,1,7964,2118,265,0,3
3877141.2,38688,76,1,0,80,73628,4,7,2012,1,1,5616,6072,155,0,2
8396191.2,83937,30,0,0,85,50195,5,8,2012,0,0,7175,6014,933,0,1
9267281.6,92655,54,0,0,77,12209,7,4,1996,0,0,4932,4411,765,1,4
3526172.5,35110,28,1,1,84,7687,6,8,1995,1,1,9928,699,439,0,0
6126371.1,61208,51,1,0,39,86241,2,6,2021,0,1,4494,71,112,1,10
4779776.3,47781,49,0,0,37,16377,6,8,1993,1,1,6426,3436,993,1,4
2380599.3,23737,25,1,1,11,58841,3,6,2003,0,0,4514,5604,997,0,0
8347291.7,83460,34,0,0,69,23734,4,5,2017,0,1,3231,1741,841,1,10
5582770.7,55736,64,1,1,47,59881,10,5,2017,1,1,5234,5172,672,0,2
1550188.1,15429,27,1,1,46,73305,7,5,1991,0,0,1436,7852,164,0,0
7433059.6,74290,38,1,0,8,52850,5,6,2006,0,0,6893,6800,624,0,10
8530096.9,85256,68,0,0,45,56640,4,1,2019,0,0,2638,7455,403,1,0
945451.3,9380,11,1,0,97,52987,10,4,2013,0,0,691,8302,754,0,1
1350225.4,13414,59,1,1,16,81829,4,6,2014,1,1,6223,571,477,0,5
9184104.6,91716,7,1,1,97,69278,8,5,2006,1,0,9715,8665,352,1,4
9589468.4,95828,54,1,0,62,76615,6,10,1994,1,1,1745,5190,269,1,4
9852730.7,98478,7,0,1,19,44583,5,7,2007,1,0,3514,3090,867,0,2
7097321.1,70874,99,1,1,51,11943,8,7,2011,0,0,6049,3511,428,0,2
7828401.3,78217,78,0,0,73,34686,3,1,2003,0,0,7391,1085,907,0,2
8118370.7,81101,65,0,1,87,46040,4,4,2017,0,1,5698,1807,233,1,4
4691844.9,46883,49,0,0,53,80204,8,2,2009,1,1,9286,4266,845,1,3
6936067.9,69319,38,0,0,89,39675,1,1,2019,0,0,1787,1635,731,0,8
9543817.0,95288,45,1,1,80,81916,6,1,2010,1,1,3179,1201,520,1,2
5061508.8,50589,75,0,0,52,82206,10,3,2008,1,1,3824,8806,185,0,9
6521547.4,65155,69,1,0,46,26367,1,4,1994,0,1,4546,1801,654,0,3
608869.0,6049,99,0,0,37,21569,7,7,2000,0,1,3872,4019,944,0,8
2543209.1,25386,30,1,0,35,96357,3,10,2001,0,0,5449,3239,343,1,8
131117.1,1270,53,0,0,66,78847,7,8,1991,1,1,6093,4476,618,0,6
8860454.4,88561,37,1,0,49,11254,6,4,1994,1,0,4582,9155,726,1,1
7178514.9,71676,13,1,1,49,34,5,7,2009,1,0,1318,544,283,1,6
8211272.4,82016,15,0,0,93,96050,5,4,2014,0,1,839,3501,680,0,9
2179801.1,21698,75,1,1,59,79997,1,1,2001,0,1,518,7075,331,0,2
3510176.0,476,14,0,1,52,24467,4,4,2019,1,1,6630,6204,880,1,6
1620468.0,16114,98,1,1,25,32522,7,2,2020,1,1,3474,1546,460,1,1
5573001.4,55707,7,0,0,33,55496,5,7,2014,0,1,9279,1236,417,1,3
5370339.0,53633,48,1,0,43,58011,5,3,2010,1,0,6352,4931,774,0,6
2959100.3,29578,2,0,0,5,71220,4,4,2003,1,1,9253,949,489,0,9
5178222.9,51757,95,0,1,23,1745,5,6,2009,0,1,9496,8665,943,1,6
8045146.4,80386,41,1,1,4,46734,5,10,1994,1,1,9196,7861,521,0,3
6020434.5,60136,32,0,1,54,20364,5,3,1995,0,0,8341,4965,152,1,4
1596900.0,15850,99,0,1,96,87877,1,3,2010,0,0,5326,8976,501,0,1
5384172.0,29362,2,0,1,44,7356,1,1,2000,1,1,1979,5794,424,1,9
6042370.5,60366,51,0,1,26,88209,3,9,2005,0,1,8647,6470,687,0,2
923577.4,9167,32,1,0,69,85421,4,3,1994,1,1,6444,8319,219,1,7
1862622.7,18586,93,0,1,16,30288,6,5,1997,1,0,7588,3667,324,1,8
6947198.3,69443,27,0,1,30,60701,2,7,1993,0,0,7624,1278,294,1,1
5243674.0,21015,37,1,0,97,43938,5,6,1993,0,0,2865,4679,527,0,9
7823939.0,79337,83,0,0,70,55727,5,9,2016,1,0,9559,9783,918,1,5
8498951.4,84947,54,0,0,68,53510,5,7,2014,1,1,1588,6315,675,1,1
9976093.0,99665,16,1,1,52,17077,1,9,1990,1,1,136,5779,392,1,9
6672978.0,25493,31,0,0,97,43440,2,4,2017,1,1,6999,2669,187,1,3
5072667.8,50580,57,1,1,76,7583,4,4,2008,1,0,1593,7912,678,1,1
7110801.5,71040,40,0,1,49,27973,4,3,2015,0,1,6467,6178,644,0,6
6338701.3,63320,3,1,1,3,13015,9,2,1993,1,1,4182,5340,126,0,8
5051447.4,50465,68,0,1,62,56602,7,6,1994,0,1,3513,3635,401,1,3
6596228.3,65919,40,1,0,82,30941,9,4,2013,0,1,8500,2426,707,1,1
5836149.0,76489,43,0,1,27,44513,9,7,1992,1,0,2458,5949,601,1,8
5013597.9,50093,89,0,1,5,46453,8,1,2009,1,1,6873,7662,536,0,10
5016630.8,50118,80,1,0,76,39767,3,1,1998,0,1,7483,8194,687,0,0
2535294.2,25309,28,1,0,53,64682,4,6,2012,1,0,923,821,358,0,9
9828436.0,98191,17,1,0,77,90287,8,5,2020,1,1,6782,4950,660,0,4
167249.4,1607,10,1,0,46,50693,3,6,2004,0,0,8175,3264,923,1,9
444238.4,4410,37,1,0,37,84761,5,5,2004,0,0,9410,5772,326,1,7
249562.8,2374,41,1,1,85,46686,7,3,2018,1,1,6959,1546,804,1,5
9504433.8,94990,23,0,1,47,26015,5,2,2018,0,0,2531,8669,725,0,9
6606903.0,18281,9,1,0,76,89508,4,3,2016,0,1,9815,140,343,0,4
6491104.1,64879,80,0,1,12,40356,9,4,2021,0,1,5685,6810,914,1,1
5482093.0,54812,88,0,0,27,48822,2,7,1990,0,0,8509,8693,823,0,7
71250.5,605,29,1,1,66,47766,10,2,2005,0,0,2938,7209,656,0,2
2736783.0,27253,19,1,0,81,17039,5,5,2010,0,0,9476,7523,464,1,1
1738079.8,17357,42,0,0,20,39233,6,5,1998,1,0,5688,9409,221,0,4
5416865.6,54097,26,0,0,98,42242,2,9,2016,0,1,6986,8792,181,0,5
9533000.0,95281,22,1,0,8,17132,8,10,1990,1,1,5252,4489,537,0,1
6950509.4,69440,90,0,1,76,59457,7,9,2004,0,0,3678,1227,520,0,2
4443692.2,44395,1,1,0,1,15234,8,5,2012,1,0,8789,9504,685,1,3
4838349.0,48270,60,1,1,85,81900,6,10,2010,0,0,6828,3382,935,0,6
3058110.8,30572,24,0,0,56,32061,3,9,2008,0,0,171,2208,401,1,2
6375632.2,63719,35,0,1,25,12297,7,1,1992,0,0,2342,121,794,1,0
4590725.6,45827,61,1,1,60,26520,9,7,2006,0,0,2199,5768,240,1,6
7054483.0,70488,61,1,0,35,67659,3,7,2020,0,1,7391,5950,345,0,10
7987847.3,79822,67,1,0,30,76857,3,5,2003,0,1,5413,615,706,1,2
2724534.7,27171,63,1,0,93,64977,9,7,1997,0,0,1981,546,681,1,9
5837640.2,58330,58,1,1,2,26565,4,7,1992,0,0,473,781,186,1,10
8790247.7,87826,10,1,0,45,95822,9,8,1997,1,0,5553,9640,711,1,2
6770932.0,49389,13,0,0,10,64991,10,1,1993,1,1,8664,1479,646,1,6
5704458.4,56931,60,1,0,91,8545,9,7,1994,0,0,3285,9889,905,1,5
6655758.0,66503,73,1,1,13,15190,5,2,1990,1,1,6051,5240,137,0,1
8813820.1,88112,77,0,0,68,6319,5,3,2021,1,1,9760,6910,882,0,6
4360172.5,43587,83,0,0,26,7076,10,9,2005,1,0,8824,818,591,1,3
8619787.2,86152,44,0,0,48,74404,10,3,1992,0,0,8176,5399,500,0,1
8163076.2,81573,98,1,0,57,30003,3,1,1992,1,0,808,9366,749,0,10
7262443.7,72599,43,0,1,23,29526,9,3,2007,0,0,4841,6701,315,1,0
4388329.3,43876,42,0,0,43,78995,2,7,1993,0,0,1242,9300,496,1,3
1010790.4,10040,100,1,1,98,88378,10,3,1994,0,1,6306,9604,396,0,8
4019219.1,40177,38,0,0,12,47156,8,6,1991,1,0,5711,9268,172,1,10
2183649.9,21703,86,1,1,90,82410,8,4,2019,0,1,843,8090,802,0,6
5730262.0,57236,87,0,1,96,11180,9,4,2020,1,0,7873,4091,146,1,1
1795013.9,17863,1,1,1,33,7350,10,8,2009,0,0,7268,797,774,1,5
8531221.5,85272,89,1,0,34,1813,8,9,2005,0,1,7286,9107,359,1,3
9197803.6,91931,38,1,0,42,61701,8,8,2016,0,1,3013,28,139,0,4
5542355.0,29411,26,1,0,53,64099,2,9,2017,0,1,1681,8610,181,1,1
3718311.4,37163,4,0,0,22,19102,4,5,2014,1,1,9497,799,136,0,1
2651410.6,26440,41,0,1,58,94901,3,7,2016,0,0,5613,1327,132,0,5
992632.3,9868,89,0,0,53,27902,5,1,2003,1,1,4813,7765,549,0,3
5534691.5,55250,31,1,1,3,43094,7,3,1995,0,1,9389,8427,568,0,4
126775.0,1121,9,1,1,80,18753,6,1,1990,0,0,2530,93,389,1,8
2660108.2,26528,31,1,0,49,78028,7,5,2012,1,0,190,1931,788,1,2
1842236.9,18362,100,1,0,33,86705,9,4,2019,1,0,5521,1537,241,1,6
4068225.8,40581,99,1,1,82,48665,9,7,2008,1,0,5782,1627,428,0,10
8911966.0,89084,34,1,0,9,56568,10,5,2010,1,0,4675,5204,570,1,1
9074993.2,90643,77,1,0,55,46178,5,7,2012,0,0,4659,149,780,0,1
7096273.5,70868,70,1,1,39,12324,10,8,2005,1,1,821,8503,348,0,1
1726850.0,17252,90,0,0,23,58659,2,9,2000,0,1,3183,1757,357,0,10
4580938.9,45647,17,1,1,100,31458,9,4,2019,1,1,3554,9429,713,0,6
6471114.2,64654,34,1,0,33,12031,5,5,1992,1,0,4245,6313,563,0,3
8769343.7,87668,58,0,0,56,18473,7,7,2017,1,0,9625,7161,590,1,6
9775672.0,97688,60,0,1,25,42775,8,9,1990,0,0,8847,4009,158,1,0
553320.2,5468,75,1,0,78,10625,6,7,2002,1,0,375,6527,976,1,9
6356517.6,63509,72,0,0,53,77958,6,1,2006,1,1,6679,3062,591,0,0
9827936.1,98262,60,0,0,14,79444,3,9,2001,0,0,1889,9650,660,1,0
5567062.0,67735,36,0,1,24,79577,1,5,2020,0,1,3289,3015,113,0,2
1977828.8,19728,97,1,0,85,49642,2,8,2018,0,1,4778,5706,289,1,2
3921295.1,39191,71,0,0,21,29174,9,9,2011,1,0,142,121,633,1,10
3471454.8,34585,34,0,1,99,41029,6,2,2018,0,0,9137,9141,675,1,6
5671002.0,56666,13,0,0,63,80634,8,9,2000,1,1,6911,7146,543,1,9
498937.3,4920,96,1,1,67,72459,5,9,1993,1,1,681,8825,598,0,2
2309235.7,23043,69,0,0,55,20666,6,10,2007,0,1,9610,4996,971,0,10
8610684.0,86042,64,1,1,7,66703,3,3,2010,1,0,438,1066,466,0,8
8508647.0,84978,63,1,1,65,50078,2,10,1990,0,0,9649,8176,212,0,9
6700142.6,66940,95,0,1,16,77329,7,7,2016,1,0,691,803,118,1,7
6964235.0,69592,68,1,0,10,94229,7,8,2000,1,1,6283,7414,811,0,7
4663394.9,46558,52,0,1,28,59297,2,5,2009,0,1,3828,8690,102,0,10
3104280.6,30925,18,1,1,83,91239,7,4,2016,1,1,747,8698,218,0,3
7250688.0,39975,97,0,0,72,86063,6,8,2016,1,0,2361,3900,452,0,8
887645.4,8808,9,1,1,15,13333,2,9,2014,0,0,7170,1020,397,1,7
6751686.0,7131,88,1,1,20,22245,9,10,2005,1,0,231,7750,120,1,4
4909260.1,49063,35,0,0,81,53623,1,5,1991,1,0,9416,7968,972,0,7
7915505.4,79093,89,1,1,63,31911,9,9,2014,1,0,2848,6813,533,0,9
9527400.2,95157,76,0,1,86,13430,4,2,2002,1,1,8416,2820,798,1,6
4352882.0,43412,3,1,1,68,42196,1,5,2010,1,1,911,3354,936,1,3
2327821.5,23127,72,1,1,98,75970,5,4,1995,0,1,7989,4396,237,0,8
6344621.3,63397,52,1,1,17,54284,5,8,2003,1,1,9719,1441,360,0,3
614702.4,6078,67,0,1,22,19159,5,6,2004,1,0,2248,6723,161,1,0
7043100.5,70367,63,1,0,19,82251,8,1,2015,0,1,8131,2786,635,1,0
3149214.0,31471,3,0,0,34,90619,5,3,2020,0,1,6093,5977,687,1,5
8455991.4,84503,53,1,1,10,75818,1,6,2004,1,1,1017,9932,332,0,4
2567320.4,25661,18,0,0,10,37780,10,6,2004,0,1,1752,1062,240,1,2
3620353.0,65823,2,0,1,40,30868,1,3,1999,1,0,5338,3077,655,1,10
4037323.6,40351,20,0,0,21,39793,10,7,2006,0,1,2129,765,732,1,5
6590874.9,65816,36,0,1,56,48668,8,6,1999,1,1,510,1702,523,1,6
997040.7,9897,83,1,0,55,55819,3,7,1997,0,1,4632,3724,373,1,3
7461430.1,74556,36,1,0,30,19713,2,5,2021,0,0,8074,2048,729,1,0
7746689.0,77324,66,0,1,96,49817,8,1,2000,1,1,2278,126,726,1,0
1915949.7,19054,27,1,1,64,59992,5,10,2017,1,0,9531,8510,968,0,3
1953949.5,19467,61,0,0,69,64898,3,10,1995,0,0,7723,6060,425,1,2
2396597.2,23917,57,0,0,92,79479,9,2,1992,1,0,7268,1683,272,1,6
2763880.8,27581,56,0,0,54,43343,9,2,2008,0,0,131,2535,271,0,9
707889.8,7021,94,1,0,18,29269,9,9,1998,1,1,8494,6333,431,1,1
8700597.7,86898,10,1,1,54,81981,8,5,2007,0,1,2837,1571,633,0,5
3584645.4,35752,37,1,1,88,40954,9,9,2004,0,0,4770,7965,593,0,5
8032718.4,80254,5,0,0,84,14987,9,1,2004,1,0,4601,2359,312,1,4
4386441.0,43729,50,1,1,78,86433,7,4,1990,0,0,6886,3231,213,0,3
1438655.1,14296,27,1,1,21,42471,6,2,1991,0,0,1023,85,690,1,10
6027298.2,60263,14,0,0,29,71839,5,5,2002,1,0,4041,3152,955,0,6
7787279.0,56348,39,1,1,64,74517,10,6,1993,0,0,7815,8344,100,0,4
2051424.9,20462,4,0,1,27,61133,2,3,1999,1,0,7946,6870,725,0,9
3600448.9,35966,4,0,1,35,51110,6,8,2009,1,0,9879,1244,276,0,3
2387891.7,23790,55,1,1,70,90089,2,9,1997,0,1,113,3842,725,0,6
6268203.4,62563,35,1,1,66,37064,7,6,1994,1,0,6669,3384,351,1,7
7496870.0,74693,98,1,0,57,69975,6,3,1997,1,0,5655,5743,386,1,8
6654684.0,69815,68,1,0,96,33939,9,3,2001,1,1,4764,3233,382,1,8
5960381.0,31372,70,0,1,71,45055,1,6,2000,0,0,9133,223,952,0,1
4742430.5,47377,91,1,1,12,93863,6,4,2015,0,0,6751,7894,158,1,4
2180962.1,21748,5,0,1,29,75041,9,6,1991,1,0,6703,5408,812,0,10
7496677.0,74938,28,0,0,31,57629,3,10,2020,0,1,23,7515,670,0,6
8483566.4,84747,97,0,1,86,50495,7,7,2014,1,0,7441,7366,404,0,7
5291087.4,52843,75,1,1,50,53689,6,7,2004,0,1,5877,1381,358,1,3
9465407.4,94638,50,0,0,32,80383,3,10,2014,1,0,8047,7968,870,1,10
5710846.8,57035,7,0,1,24,19018,7,2,1998,1,1,21,9711,657,1,7
1007605.4,10031,44,1,0,2,46452,1,10,2004,1,0,3770,6933,576,0,0
8743936.5,87362,50,0,1,25,87149,9,3,1995,0,0,3967,1233,268,0,7
5063431.8,50571,39,1,1,24,80108,2,10,1998,0,0,4018,3591,631,1,0
6995676.5,69918,32,1,0,11,43369,8,5,2005,0,1,2569,9077,758,1,2
6557985.0,42217,74,1,1,83,58719,3,7,2009,1,1,752,2812,710,0,5
7694726.7,76907,10,0,1,87,41867,6,10,1997,0,1,8945,1203,142,1,10
1554517.0,15500,92,0,1,98,81088,1,7,2020,1,0,9577,8084,255,0,7
7580310.0,53304,47,1,0,79,78668,5,3,2012,1,1,3069,4872,541,0,2
201809.0,1973,1,1,0,21,19624,7,9,2000,1,1,2316,2875,932,0,9
9121414.1,91112,51,1,1,9,59209,6,2,1991,0,1,7857,2079,948,0,1
7628150.0,76204,60,1,1,8,37849,1,5,1990,0,1,3727,901,540,1,7
9756243.3,97471,74,1,0,90,32462,7,7,2013,1,1,7429,7552,629,0,6
8897254.5,88887,9,1,1,28,43521,4,7,1995,1,0,9176,7863,956,1,7
7692890.0,38490,14,1,0,8,11235,10,3,2017,1,0,9018,3808,825,0,3
7250244.8,72450,63,1,0,71,15715,9,10,2008,1,1,4116,481,787,0,9
8837449.8,88367,5,0,0,7,36833,9,1,2018,0,0,8489,8246,430,0,7
3082971.0,30782,99,1,0,48,64577,1,5,2020,1,0,9701,2104,783,0,9
508665.1,5033,58,0,1,28,57432,2,6,1991,1,0,749,123,279,1,8
2656599.4,26519,33,1,1,42,19068,5,1,2014,0,0,4604,4404,651,1,1
6597942.7,65934,29,1,0,51,98414,2,7,2007,1,1,7680,5657,721,1,0
9811465.2,98106,98,0,0,3,47065,5,6,1992,1,0,8617,2299,616,0,1
662852.6,6577,9,0,1,68,82346,10,7,2006,1,0,9468,4696,604,0,4
1829113.1,18250,16,0,0,82,7383,7,10,2011,1,0,7751,6127,565,1,2
4086725.2,40783,48,0,1,80,81432,7,8,1992,1,1,9162,9271,838,0,10
3323470.4,33156,15,0,1,43,52491,8,3,1994,0,1,2108,4092,696,0,3
4760526.6,47523,89,0,0,89,48868,3,3,2006,1,1,526,9988,142,0,10
7965563.6,79604,30,0,1,4,23402,2,3,2016,1,1,9575,2906,909,0,2
9583086.4,95762,64,1,0,63,24349,10,10,2004,0,1,5198,6277,882,1,2
3142581.5,31317,91,1,1,25,86804,8,2,1995,1,1,2463,3454,543,1,5
82042.4,788,53,0,0,53,24590,7,4,2014,1,0,8046,3187,973,1,8
4122637.2,41188,30,1,0,62,20895,8,9,2012,0,1,33,7475,361,1,1
6229623.0,62282,35,0,0,44,12448,9,1,2010,1,0,80,5415,139,1,10
4600373.4,45979,46,0,1,2,78140,10,5,2004,0,1,7620,4487,571,0,6
3583375.8,35828,77,0,0,3,85172,5,6,1998,0,0,795,4716,811,1,1
8455482.7,84540,21,0,0,64,38246,5,3,2007,0,1,5869,6101,145,0,2
7034567.1,70288,78,1,0,28,15319,3,9,2011,1,1,1864,4125,706,1,7
4480399.5,44681,63,1,1,80,80786,2,7,1995,0,0,9413,3951,537,0,1
7410968.0,8856,96,1,1,38,77863,9,7,1996,1,1,4044,4557,770,1,3
6850198.0,45730,11,0,1,99,22913,6,9,1998,0,1,1919,9706,116,0,10
5950543.2,59478,22,0,0,68,93765,2,8,1992,1,0,3355,2456,253,1,8
3172857.7,31692,7,1,0,36,37726,7,4,2007,0,0,1694,20,489,0,2
9170591.0,58737,66,1,1,62,60814,4,3,2014,0,1,8827,7728,224,1,0
3213786.7,32100,79,0,1,39,34468,2,5,2017,1,0,1482,9856,932,0,6
6775397.4,67663,1,1,0,49,17835,2,10,2014,0,1,7856,4653,725,1,2
7507935.0,59810,64,0,1,56,25278,1,10,2016,0,1,5202,8160,445,0,1
8620785.0,86186,85,0,0,36,58102,4,8,2010,0,1,2790,2939,539,1,6
3803961.0,38030,53,0,0,4,13524,5,2,1990,1,1,7981,841,564,0,2
7216704.0,48331,2,1,1,42,1284,5,8,2019,0,1,2820,3403,112,0,9
2795386.6,27856,34,0,1,98,93709,7,1,2016,0,0,7117,6509,194,0,9
7642917.0,70976,84,1,0,44,79617,10,7,2018,0,0,9962,8030,544,1,4
9023962.4,90180,91,1,0,63,1400,4,5,2014,1,0,9500,2033,800,0,8
5479242.7,54646,10,1,0,98,12446,4,4,2017,0,1,4716,7795,383,0,10
4205806.3,42024,72,0,1,9,22621,5,10,2003,0,1,4645,9349,430,1,9
908919.3,8969,72,1,1,92,69766,5,3,2013,1,0,781,7703,627,1,9
3902208.7,38926,58,1,1,7,41410,8,2,2007,1,1,5001,1326,729,0,6
8043741.8,80419,55,0,0,31,72171,5,5,1998,1,1,1333,1081,465,1,3
564773.9,5585,61,1,1,76,89016,3,10,2019,0,1,6421,3418,926,0,5
9172889.6,91651,97,1,0,95,28499,9,8,2016,1,0,9071,9895,175,1,9
549119.0,5443,17,0,1,39,35512,2,7,2000,1,0,7932,4945,716,1,3
1544783.2,15355,1,1,1,30,10908,1,4,1992,1,1,6587,200,551,1,10
703519.5,6963,11,0,1,65,54919,3,1,1995,0,0,2829,230,589,0,2
7727179.7,77261,32,0,0,18,67401,10,6,1997,0,1,5565,2696,640,1,5
2672253.4,26694,68,0,0,72,75658,3,2,1994,1,0,7808,1266,852,0,4
7979395.2,79744,36,1,0,50,92605,4,8,2012,1,1,1480,4074,108,1,0
3214809.5,32084,20,1,0,71,72927,10,8,2015,1,0,2309,4071,851,1,10
9377879.8,93703,46,1,0,56,33926,6,1,2018,1,1,9314,6659,546,1,6
7910102.4,78984,62,1,1,89,57806,9,9,2014,0,1,1199,9487,165,1,2
39316.3,369,25,0,0,92,58183,2,10,2003,0,0,9608,4027,419,1,7
1074445.9,10697,16,0,0,95,41131,9,8,2009,0,1,1114,4627,256,1,7
1339458.4,13349,65,0,1,18,3147,1,3,2004,1,0,6039,7110,602,1,4
7690635.0,25791,74,0,1,10,65096,2,10,2015,1,1,716,4892,302,0,5
9676763.6,96687,11,1,0,61,31414,8,6,2016,0,0,9115,9092,806,1,5
4114499.7,41083,69,1,0,62,90286,9,6,2017,0,0,4279,1984,683,0,10
6316522.5,63078,38,1,1,35,74374,3,1,2005,1,0,5369,2732,769,1,2
3400557.5,33935,12,0,0,86,30349,7,4,2015,1,1,7274,2699,626,0,0
3016757.6,30104,88,0,0,88,120,3,7,1996,0,1,3551,4051,577,1,5
4449908.3,44414,70,0,0,94,54108,8,1,2003,1,0,8675,4871,933,1,0
9518424.0,95116,9,1,0,28,92387,2,8,2000,1,0,4404,1523,436,1,3
1708754.5,16996,89,1,0,52,56372,6,2,2005,0,0,7922,3316,956,1,8
6094206.0,15290,77,0,0,97,58566,9,3,2009,0,1,4588,9960,218,1,8
5756919.8,57562,87,0,0,7,80004,7,5,2018,0,0,6694,7664,388,0,9
2281031.1,22786,23,0,0,81,51461,1,5,1991,1,1,1188,7958,107,1,6
8459024.0,84540,46,1,0,66,296,6,8,1990,1,0,817,6063,635,0,4
4123023.2,41168,99,0,1,11,53471,6,6,1992,1,0,5717,1821,888,0,9
3371927.4,33622,77,0,1,73,93239,7,5,2014,1,0,8902,8490,340,0,1
6692131.6,66878,22,0,0,41,3743,9,5,2016,1,1,1400,8825,763,0,2
989932.0,9815,96,1,1,24,19588,9,2,2010,0,1,6449,5162,201,0,6
6622008.0,81392,34,0,1,10,91918,2,8,2009,1,0,3061,6494,772,1,3
9545994.8,95375,30,1,1,37,50519,9,1,1998,0,1,927,2844,534,1,9
2998840.1,29917,70,1,1,39,26297,5,9,2011,0,1,1566,278,480,0,5
1636600.8,16336,76,0,1,11,28105,1,8,2008,1,0,9709,1219,415,0,1
9086961.1,90836,97,0,0,40,53732,4,2,2011,0,1,2770,8991,149,0,7
6034513.5,60244,35,1,1,47,69892,6,10,1995,1,0,1418,923,344,0,7
4310671.0,43030,81,1,1,85,73973,4,10,2010,0,1,1104,3332,978,1,10
559951.0,5504,11,1,0,76,13791,8,4,1990,0,1,9447,4528,841,0,2
3764885.4,37620,55,0,0,51,9302,9,8,1994,1,1,8318,6950,160,1,8
640633.4,6313,18,1,1,74,27295,9,6,2004,1,0,4979,3989,647,0,7
5231126.5,52251,53,0,1,10,19714,1,10,2005,1,1,5751,7522,969,1,8
7579803.0,75749,81,1,0,30,62511,5,3,2020,1,0,5132,1182,523,1,5
3122972.0,31113,93,1,1,93,79608,10,2,2020,0,1,891,7228,414,0,10
1902042.0,18972,70,1,0,3,42286,3,3,2010,0,1,8253,1477,618,0,4
2881959.1,28769,22,1,0,80,17297,6,10,2021,1,0,6686,5731,546,1,2
4454837.7,44539,24,0,0,23,91046,2,4,2007,0,1,3795,7571,595,0,2
1765047.4,17643,18,0,0,1,34506,6,8,2004,1,0,755,4070,966,1,8
5217238.5,52079,71,0,0,97,77966,10,10,1995,0,1,6737,2303,196,1,10
7692420.9,76906,77,0,1,6,61028,2,1,2019,1,0,8938,7135,668,0,5
8875673.7,88655,88,0,1,94,96284,4,9,2007,1,1,1193,7734,169,1,0
6686097.0,87554,16,1,1,77,30135,7,7,2010,1,0,8714,8017,636,1,8
3511684.0,7889,38,0,1,58,59730,5,7,2000,0,0,1939,119,743,1,0
3325883.8,33185,28,0,1,60,37437,5,8,1998,0,0,6398,2111,437,0,8
5891067.0,81860,68,1,0,65,95833,10,5,2000,0,1,5409,8288,870,1,7
1635816.5,16335,35,0,0,76,14675,10,6,2005,1,1,6086,787,385,1,2
2322369.2,23164,79,0,0,76,59854,1,10,1992,1,1,1132,4213,519,0,4
8112037.0,50839,93,0,0,91,4337,1,3,2009,1,1,4208,6421,726,0,9
1751212.3,17432,49,1,1,15,81884,7,6,1993,1,0,2250,7062,547,1,10
9499136.1,94930,27,0,0,98,44331,3,6,2001,1,0,9694,8469,669,0,8
4765720.1,47601,29,0,1,69,16139,3,5,2001,0,1,8925,1965,452,0,5
5716057.1,57143,81,0,0,11,13745,8,9,2001,0,1,7491,8572,866,0,8
9065677.6,90614,77,0,1,16,95936,8,6,2016,1,0,2528,7255,468,1,10
4325940.3,43245,83,0,0,35,51501,4,8,2003,0,1,9660,3499,210,0,10
9672165.8,96666,95,0,1,9,25449,5,4,2008,0,1,8123,5326,590,0,2
4965463.2,49608,59,0,1,10,71685,5,7,1992,0,1,2647,7510,580,1,10
1548993.3,15385,69,1,0,93,98763,3,2,2013,0,0,1661,5852,498,0,8
1501528.8,14973,91,1,0,22,52038,3,2,2018,0,1,7397,1255,301,1,4
8229649.4,82285,19,0,0,22,73045,4,5,2014,0,0,782,2211,372,0,8
8952698.7,89520,47,0,0,6,68457,3,3,2007,0,0,4587,7443,861,0,1
3148909.2,31454,12,0,0,57,53771,8,1,2012,1,1,9770,3474,327,0,0
6338314.1,63341,81,0,0,85,45352,10,6,1991,1,0,928,5891,725,0,5
9123483.5,91166,100,1,1,8,89777,10,6,1995,0,1,5368,4657,757,1,0
8627514.0,86153,7,1,1,54,11435,9,9,2020,1,1,8091,862,934,0,6
2456369.1,24519,54,0,1,3,5764,8,4,2001,0,1,6797,1146,658,1,3
1751679.8,17458,69,1,0,51,97354,7,5,2008,1,1,8435,3476,789,0,2
4860230.1,48568,18,1,0,11,40071,2,3,2011,1,1,297,5174,973,1,7
6416478.0,14881,68,1,0,88,9188,8,9,2007,1,1,9590,3549,209,1,10
6123098.5,61123,25,1,1,72,27146,5,4,1995,0,1,1051,30,724,0,5
393085.9,3854,7,1,0,25,32919,8,7,2009,1,1,6606,1877,378,1,10
8695385.4,86908,90,0,0,56,28155,8,7,2014,1,1,314,5030,397,0,7
5540333.1,55366,51,0,0,98,18443,4,3,2011,0,0,8940,8275,884,0,8
1710016.3,17051,46,1,1,43,67578,2,2,1993,1,1,6481,7029,346,0,2
1444902.2,14436,15,0,0,6,9002,9,2,2002,1,1,676,1784,710,1,10
7947806.0,34220,50,1,1,33,30858,3,3,1996,1,1,5942,6266,976,1,1
9522466.9,95215,72,0,0,8,8349,7,9,2009,0,0,304,5007,360,1,6
8215500.3,82140,63,0,0,10,51301,1,9,2003,1,1,8091,1333,678,0,5
7924553.0,5706,57,0,0,38,51600,4,7,2005,1,0,73,3204,276,0,7
3580006.2,35778,92,0,0,35,16239,6,8,2012,0,1,4151,4653,669,1,9
7334601.0,73323,43,0,1,5,8554,5,10,1990,0,1,3687,3622,929,1,6
9760573.4,97544,65,0,0,72,74577,2,2,2014,1,1,3458,4609,195,1,5
7410767.7,74037,75,1,0,84,185,5,10,1997,1,1,533,7143,688,1,10
2731619.6,27244,95,0,0,91,51203,9,7,1996,1,0,4237,723,293,1,6
786725.2,7812,68,0,1,93,30594,4,6,2012,0,1,3559,2197,722,1,0
9591195.0,95800,83,1,1,28,75731,1,9,1990,1,0,6051,1280,323,0,3
450428.6,4442,11,1,0,46,10345,3,8,2016,1,1,9845,3640,851,1,1
7141237.6,71399,40,0,0,74,34136,5,10,1996,0,0,5484,6386,652,1,10
828761.9,8223,73,1,0,18,91132,10,4,2009,1,1,4835,2461,511,0,5
6322101.0,49694,47,1,0,17,42649,4,8,2021,1,0,8872,9458,976,1,1
7173346.4,71661,54,0,1,64,30637,1,6,2014,1,0,793,3709,516,0,2
9894829.7,98826,87,1,1,77,7899,7,2,2007,0,0,12,9849,948,1,9
9203514.1,92000,54,1,0,6,559,6,8,2011,0,1,4693,57,874,1,2
8237371.3,82274,36,1,1,69,30208,8,1,2013,1,1,7565,1456,170,1,10
2903240.2,28957,71,1,1,2,41445,1,9,1992,1,1,3222,9454,799,1,3
4531464.7,45273,66,1,0,3,1531,8,6,2007,1,0,328,7011,483,0,5
2770975.7,27649,86,0,0,67,35839,9,10,1997,1,0,4153,8097,774,1,10
7884526.5,78681,23,1,1,87,56264,8,9,2015,1,0,5930,8775,616,0,3
7286346.0,30383,24,1,1,87,41613,9,8,2000,1,1,1312,7774,789,1,5
1626165.0,16205,33,1,0,53,74857,2,5,2000,0,0,5988,9397,183,0,1
3589966.3,35821,12,1,0,71,39266,6,10,2013,1,0,9220,3302,980,1,7
9665463.5,96601,97,1,0,37,21619,2,1,2015,1,0,478,7373,243,1,8
3415018.5,34075,70,1,1,28,7956,2,2,1995,1,1,7842,6296,545,1,4
6435521.5,64246,31,1,0,90,7469,9,4,1995,0,1,4368,843,415,1,1
876520.1,8732,69,0,1,40,28331,2,7,1991,0,0,1102,8896,535,1,5
7925709.0,15807,34,1,0,33,58996,7,2,2020,1,0,4263,9085,951,0,8
4149403.3,41409,100,1,1,9,85156,1,1,2003,0,1,8936,3524,687,0,9
8480498.3,84748,29,1,0,96,57674,8,9,2013,1,1,1978,9476,179,0,7
9557636.6,95514,64,0,1,83,88845,6,8,2016,1,1,3388,6643,167,0,1
1965484.7,19596,10,1,0,28,44541,8,10,1997,0,0,6454,6583,677,1,2
6795010.0,26886,88,0,1,10,48679,8,6,1991,0,0,8380,660,850,1,0
506461.3,5017,48,0,0,49,71704,1,5,1993,1,0,9420,7264,343,0,5
87408.3,817,80,0,1,26,96822,3,7,2003,1,0,7737,4258,703,1,3
5646091.9,56381,5,1,1,91,50835,6,1,2009,0,1,9204,1511,795,0,1
4549774.1,45464,3,0,1,3,42973,5,5,2021,0,1,9971,7192,338,0,8
6405553.5,63992,5,1,0,39,50384,6,9,2005,1,1,5356,8172,764,0,2
8149663.8,81411,23,0,1,74,99433,10,1,1998,1,1,4634,1546,417,0,9
6707304.9,67053,15,0,0,33,72156,5,2,2019,0,1,7848,1630,947,1,9
1361612.1,13560,1,1,0,17,85418,4,3,2001,1,0,7736,3841,296,1,1
6009243.5,59993,13,1,1,67,83164,2,4,2015,1,0,7159,4934,324,1,3
9562024.2,95568,61,0,1,56,79841,2,8,1992,0,0,8392,3187,388,1,0
5089609.8,50873,95,0,0,38,10919,7,10,2018,1,0,4083,9834,379,0,4
5742584.0,56885,89,1,1,80,69885,1,4,2001,0,1,7919,3273,651,1,8
5561521.0,72193,49,0,1,82,53046,4,7,1992,0,0,5541,1443,326,0,1
3923171.1,39210,100,0,0,70,44287,6,9,2011,1,0,5798,7831,287,1,3
3251921.0,82468,24,0,1,1,92478,5,2,1999,0,1,3756,9908,292,1,10
6493005.0,64882,88,0,0,86,26142,5,7,1990,1,1,3453,5513,452,1,8
9892826.6,98864,37,1,0,55,32055,1,7,2006,1,0,3854,3583,721,1,7
7118344.8,71061,89,0,1,75,53656,9,4,2018,0,1,629,2769,587,1,7
4662821.0,46585,73,0,0,91,10008,2,6,1990,0,1,4670,2935,835,1,6
4205798.0,41976,78,0,1,86,95137,6,7,1990,0,1,9332,6598,475,1,5
5221495.8,52165,3,1,0,3,77195,7,2,1998,1,0,4903,7398,624,0,6
9004222.0,89999,49,1,0,3,18801,9,4,2010,1,0,1314,5091,186,0,5
6563935.9,65611,61,0,1,23,88748,9,9,1999,1,0,5046,6181,963,0,7
1610057.7,16067,4,1,0,26,51833,6,7,2007,1,0,8041,6466,943,1,7
5811905.3,57970,2,1,1,53,59184,5,6,2013,0,0,2019,7550,512,1,5
5043556.3,50373,38,0,1,53,3519,8,3,2003,0,1,1500,8923,352,0,3
1213149.0,12079,66,1,1,70,60660,6,8,2020,1,0,3094,4275,512,1,9
3676149.3,36670,12,0,1,54,81486,1,9,2003,1,1,7937,1759,346,0,2
219749.0,2122,89,1,0,67,80189,10,9,2000,0,1,3154,9873,698,1,8
8853221.2,88458,5,0,1,36,25549,5,8,2012,0,1,7119,1754,299,0,9
7065124.2,70603,35,1,0,42,21908,8,1,2012,0,0,2976,8011,324,0,7
7019102.9,70091,62,1,1,86,37015,2,6,2009,1,0,1786,8181,733,0,8
398355.1,3886,86,1,1,35,37090,2,5,2021,1,0,4865,2447,808,1,4
6496287.6,64932,38,0,0,42,35842,1,9,2016,1,1,4507,9312,889,0,4
453660.9,4434,79,1,1,29,8718,2,2,2009,1,1,9010,7484,958,0,5
7949525.1,79441,54,1,0,84,84220,10,4,2011,0,1,1381,5879,405,0,3
5317242.2,53077,84,1,0,92,83232,4,2,2012,0,0,5494,208,110,0,0
9154926.8,91526,63,0,1,3,92415,7,2,2008,1,0,9724,5828,874,0,0
9142863.7,91334,54,1,0,97,79832,9,4,1997,0,1,1841,5309,768,0,3
3881695.5,38674,79,1,1,97,49531,4,3,2015,1,0,2129,6397,990,1,5
8313113.6,83033,36,1,0,75,75420,1,9,2006,1,1,5037,9511,164,0,5
7673297.7,76692,42,1,0,28,24738,1,10,1997,0,0,6830,8589,208,1,1
952050.6,9468,3,0,1,18,84321,10,3,1996,1,0,4330,4183,317,1,7
4487995.0,1347,45,1,1,39,52035,7,7,1998,0,0,3579,9146,714,0,7
6505496.0,74970,60,1,1,82,91777,2,5,2000,0,1,1897,545,869,0,10
8800891.4,87957,56,0,1,46,75631,2,9,2014,1,0,1335,6810,128,1,6
3159643.4,31560,74,1,0,17,88534,10,10,2004,0,0,8088,3684,499,1,2
2386532.8,23804,58,0,1,39,80200,1,1,2008,1,1,3709,618,295,1,5
2184139.0,21765,79,1,1,35,98079,4,10,1990,1,0,5287,6084,442,0,0
1129884.5,11192,18,1,1,100,80973,8,10,2005,0,0,7138,2283,824,1,9
9166813.6,91569,74,1,1,40,59784,1,10,1996,0,1,6609,2097,514,1,2
2365037.0,23554,69,1,1,31,18992,3,3,1990,1,0,1667,5086,354,1,10
6516751.0,95444,10,0,1,10,95204,1,5,1992,0,1,711,4650,513,1,4
3550859.7,35447,94,0,0,57,66046,8,5,2017,0,1,52,1540,437,1,5
8761066.9,87502,32,0,1,89,59722,6,9,2009,1,0,2759,8599,973,0,3
5627165.8,56188,31,1,1,56,11214,1,1,2018,1,1,29,9195,316,0,9
7304841.0,58234,22,0,1,9,88730,3,9,2005,0,0,7746,7144,445,1,5
1123958.1,11130,77,1,1,98,56168,8,2,2021,1,1,353,3205,939,0,5
8498090.8,84920,20,1,1,67,9914,4,7,2008,1,1,9599,8143,164,1,3
5266675.7,52593,7,0,1,24,4624,9,6,1997,1,0,4272,901,643,0,0
7198524.0,71830,84,1,1,94,49715,10,5,2010,0,1,9393,5627,771,1,6
6050123.0,60443,27,1,0,29,75789,9,5,2020,0,1,6197,2105,663,1,5
8719038.1,87140,89,1,0,35,95671,1,4,2021,0,0,9405,3167,759,1,5
2050714.2,20466,54,0,1,17,27952,9,8,1992,1,0,2320,6673,540,1,8
9907159.5,98983,28,1,0,94,87042,4,4,1995,1,1,1094,1148,458,0,6
9766250.4,97600,92,0,0,60,25026,7,7,2004,0,0,7030,7874,903,0,1
8455893.2,84478,54,0,1,85,94529,9,7,2002,1,0,3963,2556,916,1,5
9434658.4,94293,2,1,0,63,75139,6,5,2014,1,1,7991,9703,190,0,3
7939687.0,79363,63,0,1,21,23353,5,9,2020,0,1,3943,1806,665,0,7
8212467.6,82102,34,1,0,13,7782,2,9,2006,0,0,6721,2664,413,0,10
6893475.3,68916,19,0,0,13,90143,4,3,2013,1,0,6851,8618,487,1,7
8334194.0,79078,60,1,0,90,38332,10,3,1998,1,1,2568,9132,746,1,9
7838249.0,78304,100,0,0,82,68157,3,4,2010,0,1,9182,3657,766,0,6
1641389.8,16318,7,1,0,66,60177,1,3,2018,1,1,9700,5666,201,1,4
3235937.8,32263,76,0,1,92,27952,8,1,2018,1,1,8164,3706,348,0,3
9585132.1,95800,34,1,0,20,34604,7,8,2021,0,0,2299,3031,141,1,0
2677314.0,26659,18,1,1,88,78689,10,8,1990,0,1,2832,9254,378,0,2
7505553.1,74995,94,0,0,57,65876,7,5,2021,0,1,6677,2068,185,1,3
1841652.0,18399,88,0,1,1,70170,4,3,2000,0,0,5416,6803,222,0,8
1417841.9,14099,88,1,1,4,94875,9,4,2019,0,0,5603,4091,417,1,10
5986841.1,59805,45,1,0,74,16122,2,10,2001,0,1,173,3239,541,0,9
8339971.6,83388,97,0,0,72,45858,1,4,2016,0,1,1288,9902,533,0,0
3413350.2,34049,10,0,0,79,26771,7,5,2002,0,0,9959,5921,882,1,7
8089383.3,80863,57,0,0,31,98619,9,3,2013,0,1,7372,7703,575,0,5
4890551.2,48854,79,1,0,83,42705,7,9,2002,1,0,4607,7445,859,1,10
9302663.2,93002,53,0,0,52,65917,4,2,1992,1,1,7998,9106,962,1,9
6891689.5,68895,50,0,1,2,24554,6,3,1995,0,1,8116,5357,626,1,6
5009004.5,50058,72,0,0,96,45126,10,2,2005,0,1,8185,2407,956,1,0
9340733.0,93342,7,1,0,41,54075,3,1,2020,0,1,7803,5565,161,0,7
8759529.7,87586,41,0,0,4,42095,5,3,1997,0,1,7412,7791,988,0,5
5962905.0,59564,62,1,1,17,72033,1,3,2000,0,1,705,6703,515,1,1
9457140.2,94512,89,1,0,39,15527,8,1,2002,0,1,3981,4739,694,0,2
3515730.8,35145,44,0,0,8,17127,3,2,2008,1,0,6162,4839,506,0,7
3611909.1,36050,56,0,0,90,33708,6,8,1991,1,0,2791,7707,217,1,1
6973784.9,69630,70,1,1,76,87049,10,1,1999,0,0,8174,5754,137,1,9
705568.8,7019,33,0,0,99,82546,6,4,2008,0,0,2653,8935,934,0,5
375162.2,3633,11,1,1,32,68732,3,1,1992,0,0,5900,3735,375,0,5
1724888.8,17193,18,0,1,72,88316,9,4,2018,1,1,4118,1381,774,0,5
7276501.3,72730,58,0,0,38,37518,2,10,1993,1,0,9441,9775,854,1,0
5018454.5,50152,39,1,0,70,1849,10,7,2015,0,1,7389,968,413,0,2
8902046.8,88898,53,1,1,52,71476,9,6,2018,0,0,9679,9017,220,1,5
4887042.5,48819,75,1,0,90,29459,2,2,2005,0,0,2051,490,317,0,2
