V1,V2,V3,V4,V5,V6,V7
Y1,7392.26825493994,7392.6,7527.6,7594.8,7720.7,7823.2
Y2,1365.8754320487155,1366.0,1288.0,1148.0,1139.0,1062.0
Y3,8659.591309240073,8660.0,8780.0,8830.0,8990.0,9230.0
Y4,9789.536356301396,9790.0,9940.0,9940.0,10110.0,10400.0
Y5,6840.0,7420.0,7570.0,8010.0,8240.0,8730.0
Y6,3854.4320665203177,3854.54,4003.45,4229.12,4502.05,4741.77
Y7,3169.24,3188.37,3231.05,3318.34,3430.45,3540.68
Y8,-319.3703082652414,2357.19,2359.22,2346.79,2349.57,2352.89
Y9,-56.39798521751152,2235.605,2234.682,2232.185,2217.827,2206.212
Y10,2170.204,2162.9,2181.906,2167.475,2135.708,2122.196
Y11,1442.03,1445.935,1455.686,1460.164,1462.11,1466.256
Y12,801.1854055806555,1957.9027,1987.1855,2016.1373,2034.6528,2060.5974
Y13,5109.5,4880.8,4991.3,5067.7,5412.5,5379.0
Y14,2542.7238038259834,4969.1,5156.8,5287.7,5609.8,5612.3
Y15,2827.906953156757,5368.2,5739.3,5831.2,6491.5,6272.6
Y16,-103.57371476813066,2982.7,3012.5,3046.1,3171.5,3252.4
Y17,491.23769559188787,3896.2,3931.4,3975.3,4132.9,4226.1
Y18,-902.8968053221464,3410.3,3471.0,3528.1,3651.0,3713.7
Y19,2225.75,2448.49,2404.06,2586.15,2601.35,2615.08
Y20,2578.494555176053,7190.36,7241.79,7562.98,7534.85,7461.09
Y21,5385.124743473045,9518.2,8390.5,9581.9,9374.1,8733.5
Y22,-20.466256386777047,3718.48,3701.49,3982.13,3999.56,4078.38
Y23,4263.645582560552,7951.6,7434.0,7537.1,7316.3,7240.9
Y24,4634.156127798611,7758.95,7849.52,8138.36,7924.66,7853.05
Y25,2238.35,2473.02,2449.83,2508.1,2405.14,2344.65
Y26,1630.5109202522976,5875.35,5869.78,6260.36,6221.0,6273.72
Y27,-1872.4017011051385,1552.501,1564.619,1612.608,1569.061,1555.66
Y28,-1677.9103854730984,1432.702,1414.062,1479.589,1456.518,1465.493
Y29,1211.7118939145273,3878.19,3902.188,3885.841,3853.194,3842.311
Y30,4326.569,4352.551,4408.16,4450.216,4490.119,4552.869
Y31,1907.0723962147474,3612.289,3641.019,3633.453,3652.999,3652.519
Y32,2935.803730858377,5060.605,5064.938,5059.442,5048.156,5053.33
Y33,-590.4762753870717,1186.359,1186.328,1186.805,1184.368,1181.182
Y34,-190.5216600712418,1610.8123,1627.5814,1629.4475,1632.7424,1638.7307
Y35,1394.0283234716574,3186.738,3205.148,3204.902,3208.018,3234.029
Y36,1096.0059,1092.0504,1097.9697,1095.344,1088.2221,1087.5634
Y37,3751.41,3742.367,3776.237,3798.934,3798.104,3831.152
Y38,1822.776714493917,4348.0,5891.0,6578.0,7103.0,7965.0
Y39,1640.3162370008029,3971.0,4518.0,5347.0,5933.0,6315.0
Y40,2368.058267604509,4971.0,5137.0,5268.8,5448.4,5606.6
Y41,14970.8,15241.0,15562.1,15822.2,16192.5,16570.4
Y42,5775.2,5813.3,5780.9,5764.6,5899.0,6061.5
Y43,-490.2565873445218,2882.0,2911.0,2891.0,2929.0,3015.0
Y44,6117.402483824633,10611.6,10682.5,10874.6,11138.6,11303.9
Y45,10242.4,10528.1,10638.5,10796.8,11009.8,11071.6
Y46,1140.273601955919,6627.0,6545.0,6144.0,6011.0,5925.0
Y47,-244.6021935270512,6633.0,6552.0,6151.0,6017.0,5931.0
Y48,-1232.499803312723,5910.0,5740.0,5620.0,5550.0,5580.0
Y49,-5587.364045575532,2458.7,2438.5,2433.5,2432.7,2441.1
Y50,9600.836995879463,18044.0,17971.0,18022.0,18115.0,18214.0
Y51,-444.03328010686266,7867.0,7733.0,7749.0,7800.0,7842.0
Y52,11779.731495977207,20472.0,22631.0,24642.0,26404.0,28928.0
Y53,8927.31363163423,17829.0,18727.0,18762.0,15267.0,13775.0
Y54,9071.0,9765.0,10836.0,12355.0,13979.0,15927.0
Y55,-5724.251287075702,3116.18,3472.21,3803.11,4164.57,4687.12
Y56,5614.914210834062,15405.0,17620.0,20153.0,23291.0,28244.0
Y57,-7466.5951982128645,2199.6,2211.1,2283.7,2366.7,2477.4
Y58,1947.461473812552,11126.7,11241.9,11304.6,11564.1,11253.7
Y59,1966.5657923111364,10355.7,10462.3,10518.9,10638.2,10674.7
Y60,10158.9,10411.4,10601.4,10754.8,10941.7,10991.8
Y61,1909.1389675922042,11585.6,12141.4,12129.6,12427.8,12071.4
Y62,10005.220952578504,19998.5,19194.1,19298.3,16731.6,10097.0
Y63,2296.6565145046893,12039.8,11941.5,12122.8,12091.7,11554.0
Y64,-196.62921128756713,10000.0,11175.1,11355.5,11607.1,12471.4
Y65,66.11061169848409,10091.5,9753.2,9170.3,8312.2,7702.7
Y66,478.53635854968593,10810.8,11297.4,11698.9,12081.1,12792.3
Y67,1119.3109044748137,10926.4,10910.6,11052.3,11385.9,11727.0
Y68,889.9360155791235,10327.5,10441.1,10716.0,11208.9,11345.9
Y69,2481.050752811464,10624.7,11111.6,11113.8,11676.7,12467.4
Y70,3600.6251141895655,11053.8,11672.6,12154.8,12726.6,13657.5
Y71,2453.7273249507944,9541.0,9797.1,10591.5,11418.0,12029.9
Y72,10164.3,10184.0,10253.7,10101.8,10112.9,10359.1
Y73,3291.304194863771,10557.0,10271.2,9743.6,9543.9,9055.8
Y74,10060.5,10683.9,10703.2,10589.9,10263.1,10462.2
Y75,3642.6051177330396,9379.4,9084.8,9028.6,9158.4,9617.7
Y76,9551.5,8804.3,8365.4,8158.1,8029.0,8272.4
Y77,4864.356355336961,10233.8,10710.4,10730.0,10999.5,11401.0
Y78,4954.176375402608,10425.61,10740.19,11156.42,11535.03,11810.02
Y79,-234.3635381555877,4518.98,5053.22,5712.02,6108.11,6880.9
Y80,4285.7,5165.3,5396.7,4488.9,4349.7,4169.0
Y81,-18.305623432287007,4634.52,4594.0,4471.59,4544.02,4636.48
Y82,9894.569158919092,14452.06,15460.04,16994.23,18604.08,20098.51
Y83,9603.53,9940.24,10169.12,10500.8,10756.51,10982.52
Y84,719.8503206048001,3717.0,3784.0,3852.0,3709.0,3761.0
Y85,-1778.8864106602668,1852.0,2155.0,2152.0,2534.0,2407.0
Y86,-1342.3531469017842,2666.0,3113.0,2818.0,2690.0,2745.0
Y87,5655.553941508118,9445.0,9758.0,10945.0,12347.0,11728.0
Y88,-781.1769355008996,2950.0,8980.0,5700.0,5930.0,6760.0
Y89,591.0,749.0,3393.0,5532.0,7612.0,7419.0
Y90,7370.0,6240.0,5220.0,5770.0,5760.0,5270.0
Y91,4663.926682359916,8100.0,8400.0,8800.0,8500.0,8800.0
Y92,-2835.9939359278997,1309.25,1332.96,1671.22,1247.06,1126.32
Y93,3988.641490139097,7961.522124,7880.144762,7834.042281,7811.190179,7876.932044
Y94,2881.2154309603893,6818.940605,6808.068775,6826.616113,7121.455572,7189.763667
Y95,6491.262566,6556.567073,6691.477647,6867.815696,7153.783337,7149.86989
Y96,3497.9183157814405,7563.246815,8276.070465,8772.407446,7992.98888,8097.88432
Y97,6372.817439,6335.121402,6297.091716,6355.53714,6760.106504,6608.052647
Y98,3914.601208793311,9131.047774,9169.057104,9079.217031,9293.295217,9003.762213
Y99,3467.4051309657007,8039.185746,7908.631386,7840.263257,7963.129617,7666.321479
Y100,4438.721433025854,8641.627995,8642.419661,8816.620618,8799.285497,8993.35407
Y101,1890.107358,2088.622714,2162.075003,2759.10773,2547.947426,2554.177494
Y102,4758.9576604342665,8850.409191,8878.049529,8921.286405,9182.042189,9139.435762
Y103,1738.4594462124537,5178.511666,5064.666563,5053.510339,5038.717206,5114.681166
Y104,1736.928831,1665.908761,1706.114167,1579.553209,1831.244185,1843.999151
Y105,-392.79198624901653,2409.515782,3214.755206,3327.150411,3047.057768,3232.444424
Y106,2028.097271,2139.809885,2160.610848,1701.391832,1364.414998,1608.955005
Y107,1209.5233159358986,2906.42791,2948.470926,2873.795766,2970.12402,3077.57496
Y108,246.63962773406513,1214.567813,1358.956311,1777.893165,1563.522846,2150.383616
Y109,1510.6735911579626,2967.97814,3420.707102,3611.647303,3713.924128,3596.41535
Y110,541.7979929442797,2129.579591,2172.871402,2190.77729,1957.962517,1958.493502
Y111,1183.6295101955993,2428.779618,2279.587735,2089.704454,1688.400893,2109.358266
Y112,1197.099541,1206.310052,1249.502192,1393.841685,1509.945115,1534.155809
Y113,2158.180091,2008.837288,1614.103493,1528.104912,1622.819561,1370.568808
Y114,340.2302629110852,2018.081695,1900.163385,1988.911009,2026.481574,1989.877657
Y115,461.27308071578216,1579.234943,1676.666953,1759.756835,1925.526403,1752.42188
Y116,589.8939551978453,2159.828904,2169.486458,2121.616695,2115.133129,2043.513552
Y117,1392.590394325,2562.470298,2632.314744,3138.023916,2102.306489,2651.733213
Y118,1140.5040118415154,2100.36408,2208.149074,2350.692709,2131.580375,2331.172094
Y119,1408.3766784828267,2736.683628,2824.059366,2905.555888,2571.752743,2521.064767
Y120,493.4521810905808,1712.620388,1818.680464,1766.685248,1749.319654,1772.746154
Y121,4625.219703,4079.093067,3673.89931,3386.583883,2138.256674,2856.367602
Y122,298.9620006883419,3363.426434,3171.680237,3730.082271,3761.08586,4212.832161
Y123,2400.477804,2273.218998,2337.299662,2253.819172,1879.810027,1982.44989
Y124,-1163.3318573761583,1942.839885,2125.509973,2539.528574,2605.021933,2415.910498
Y125,4448.049247362833,7848.362683,7862.539318,8060.377528,7948.082543,7886.954514
Y126,-910.5288613454328,3282.340483,4049.20914,3958.676768,4744.562947,3855.726837
Y127,2629.5381140023096,6760.75175,6804.373299,6738.763463,6559.428975,6544.356018
Y128,3968.036647749137,9135.892148,9080.769287,9122.868227,9492.629762,8951.844856
Y129,3115.170123,3127.066984,3241.321208,2978.32969,3800.674376,3376.22116
Y130,753.1716116745233,6603.16904,6526.55611,6600.73861,6971.436963,6819.098406
Y131,2708.7659377928503,8476.248204,8148.29506,8279.596991,7943.913344,7826.841103
Y132,1732.6195971113318,7267.300458,7168.412744,7138.1777,6981.248688,6889.278953
Y133,-1517.5121727402698,5453.331287,6079.931033,6700.138514,6614.091901,6545.287411
Y134,4594.327489652357,11837.31348,12678.95605,13362.68055,14271.79873,15363.34294
Y135,3475.92297897712,10427.53794,11586.61383,12751.73032,12599.42636,13149.32826
Y136,-3271.5443091082075,3932.130881,4241.109363,4387.247213,4869.409243,5448.608093
Y137,-3188.788538896103,3708.520444,3862.304716,3983.965917,3731.803812,3877.463697
Y138,5288.658471158873,12366.77641,12646.53268,14041.36682,14836.59105,15168.36613
Y139,3461.017345129583,10421.26354,11075.15964,12018.37425,13214.65768,14193.27974
Y140,-508.8090672910706,7232.138737,8101.997095,8603.162327,8597.5309,8706.518166
Y141,-1673.5467745032656,5187.120672,5912.309111,6184.649096,5739.21015,5751.195002
Y142,-315.8659056623913,5790.763698,7170.188805,7410.932207,7995.936981,8832.103145
Y143,-450.6920063041332,5480.400619,5724.471736,6244.878512,5581.988922,5871.533061
Y144,1173.244557833064,6469.067704,7246.88041,7938.920505,7932.79418,8965.257815
Y145,8929.69123528349,14631.92824,16228.04484,17574.24566,18272.48787,19065.51043
Y146,4240.372509144489,9877.806764,10717.41977,11704.63016,12448.44078,13195.19889
Y147,2278.89828,2491.964697,2779.996683,2953.481918,2771.233055,2776.878803
Y148,6984.929662,7521.071829,8264.629925,9071.717619,9003.430959,9812.806854
Y149,-3021.334075580947,3199.465271,3370.130501,3412.879785,3186.107485,3156.690887
Y150,2267.070322761648,8926.347114,9494.554839,10929.24655,10033.7571,9352.818303
Y151,-3117.984728239668,2235.160265,2365.772041,2476.771424,2393.699194,2369.741848
Y152,3980.419174411717,8849.60595,9787.700658,10487.10515,10158.10369,11398.45008
Y153,8450.037613167138,12550.61601,14898.58786,17066.09813,15001.73267,16169.42961
Y154,939.9102555991487,4959.189839,3701.62091,4105.86627,4763.090882,5162.142513
Y155,8778.822867747402,13185.94138,17730.89734,18664.58025,18796.13847,21403.32131
Y156,3389.267915,3579.948541,3810.776321,3906.993499,3897.807102,3975.947574
Y157,3037.972484,3442.732516,3753.857534,3837.621994,4343.844072,4451.325277
Y158,3467.74791,3706.092456,3862.263773,3986.951109,3732.404912,3874.650592
Y159,5988.778111,6628.838563,6840.604678,7319.22587,6437.790897,7220.849431
Y160,-887.5930988404189,3280.190207,3441.006862,3464.016682,3319.289937,3465.503836
Y161,5573.254005431458,9573.109467,9710.769274,9740.721337,9665.730193,9769.271636
Y162,11806.10478,12914.78976,14456.31559,16259.85923,16288.22045,16756.78181
Y163,-29.744587769757715,3287.778827,3468.756853,3708.311221,3966.162155,4133.720642
Y164,7175.019069,7502.274832,7599.401005,8156.789419,7729.911861,8156.960461
Y165,7360.525638093537,11471.60951,12388.53819,13724.60344,12862.4431,13992.5397
Y166,12934.151039454066,16835.79657,19164.69706,18102.80097,15411.33631,16295.02422
Y167,14155.00169,14428.02406,15239.19891,15280.99574,16042.44378,16577.29016
Y168,3722.747478,3586.664218,3673.335557,3823.930043,3999.6657,4058.636446
Y169,9317.556461,9976.328717,10618.12563,11868.6105,12570.88515,13209.50164
Y170,3408.1525363334636,7387.239332,8031.685955,8476.709088,8405.478165,8907.69685
Y171,19.590950154981186,3317.907186,3504.703935,3438.419369,3857.273859,3874.607129
Y172,2074.695252,2344.62161,2476.097792,2295.105465,2279.948316,2489.740358
Y173,18240.10068,18694.31017,19604.47955,19945.78965,19021.83359,18892.06319
Y174,1102.474123966835,3318.411665,3498.738068,3458.148479,3129.258292,3222.092546
Y175,1329.6866057875993,3593.038277,3517.023861,3445.769738,3475.86873,3591.837458
Y176,-1742.4040177514573,1142.597094,1136.682987,1197.972249,1248.996326,1265.72584
Y177,1431.4509144756316,4080.758224,4132.336517,3845.281939,3497.174961,3407.88772
Y178,1510.74653,1633.93121,1798.01135,1637.754563,1375.819634,1444.389866
Y179,-880.8466587159526,2073.759214,2132.684102,2106.309957,2154.018865,2206.993745
Y180,2046.8713043342627,4523.57699,4966.22173,4927.255501,4632.736538,5237.467052
Y181,6272.255774187545,9642.979973,9931.594842,10683.76269,11186.72037,11631.92807
Y182,-1450.8710814292353,2228.315309,2262.230794,2292.604509,2336.114399,2411.228316
Y183,8800.980579171463,11992.807,12263.596,12531.357,12799.293,13068.161
Y184,-1106.7803732027014,2048.9472,2074.9625,2100.731,2126.2641,2151.5754
Y185,-1648.0163792110236,1324.333,1315.912,1307.605,1299.371,1291.17
Y186,-1046.1309799047629,2050.554,2055.915,2061.315,2066.718,2072.086
Y187,2094.0284971873157,4610.82,4627.926,4644.457,4660.539,4676.305
Y188,-1118.699704946968,2215.0478,2210.6151,2206.0808,2201.1818,2195.9278
Y189,10012.905,10111.973,10212.857,10315.836,10420.551,10525.041
Y190,8502.823671,9258.687052,9654.678183,10593.86382,11527.40638,9845.463544
Y191,4359.371109,4503.972708,5206.628677,5884.846988,5600.740345,5303.743881
Y192,5324.312411,5394.204953,5914.589934,6811.617413,6354.446181,6430.436797
Y193,7072.379669774528,10805.62621,11672.59071,12375.73982,11666.89969,11144.59336
Y194,4873.134427368983,8811.941572,9624.69472,10463.49423,10186.97434,9763.401764
Y195,12141.55705,12298.60571,13298.58031,13861.25665,12655.50173,11648.68875
Y196,5940.338843014113,10194.70909,11005.76594,11715.52084,11149.44387,10634.41345
Y197,-1485.2196575060395,3146.203362,3651.136793,3621.937891,3368.223538,3933.157405
Y198,-12.38722159795148,5591.015399,5669.595406,5210.244001,5549.271176,6617.037136
Y199,1538.8668154321147,6788.636088,7279.984539,7890.479246,7545.409078,7189.111441
Y200,4646.232732,4656.435366,4996.664237,5254.701386,4349.853174,4644.38204
Y201,302.9474827655521,5186.954931,5622.398247,5937.885274,5429.900899,6049.643963
Y202,3445.370591548641,7870.037679,8031.785753,7371.60647,7719.661266,9367.711619
Y203,1509.7927868801678,5712.542173,5602.899308,5515.892431,4119.676746,2113.037555
Y204,6941.170833618355,10759.88746,11598.74803,12473.38657,11649.21809,11325.03038
Y205,-535.8558637608546,3831.501391,3656.672853,3285.049435,3157.789943,3342.886049
Y206,619.6421781700456,4939.193052,5412.870462,5992.07452,5777.739651,5610.850081
Y207,-377.21798926242093,3587.468162,3769.743371,4510.698438,4331.979117,3667.699701
Y208,8891.811655,8867.166775,9676.244219,10521.69596,10230.50619,9849.003689
Y209,3842.1011626193394,7233.282056,7900.437634,8785.425199,8287.475492,7919.35649
Y210,-154.81083346710844,3110.25013,3480.462341,3389.678247,3225.538433,3682.540446
Y211,5194.206614,5073.355292,5513.307113,6107.600017,5924.559244,5793.022381
Y212,4667.808833,4655.02717,4978.669373,5236.512381,4346.164253,4621.322565
Y213,3163.9066777511207,6152.612188,6060.411519,7858.525125,7366.140737,7918.528015
Y214,207.96172506188867,3208.201273,3667.513438,3566.537715,3654.125362,4187.689822
Y215,7595.336844,8731.935646,10137.63076,11157.12918,9592.277436,9907.480353
Y216,2411.6010771424735,4645.572968,4791.061177,6278.449366,5656.68886,5532.278931
Y217,376.3422129239266,3447.252953,3620.731479,3770.624561,3611.702789,4101.938742
Y218,7567.1884630865125,11094.77414,13838.6429,15021.87879,20601.38289,16352.09276
Y219,-1720.120909500585,1446.023631,1529.614226,1630.564394,1548.444454,1486.334579
Y220,4989.630098230502,7935.198045,7732.579532,7903.275413,7708.033286,7525.364628
Y221,11051.73938,10953.04169,11354.47859,12782.81147,11601.75117,12470.00219
Y222,-1518.748532882052,1548.692111,1709.789955,1349.190232,1010.650417,1080.900065
Y223,9553.68231,9022.646895,9264.474532,8736.250524,9846.909114,11768.88419
Y224,4005.9353314170758,6639.771107,7243.43813,7706.974397,7130.640965,7810.001465
Y225,10643.88354,9693.305749,11007.44152,10495.22075,9112.949958,10598.13302
Y226,1119.200192,1120.894714,1189.87173,1317.845403,1243.714325,1187.378376
Y227,9510.180441,9388.479829,10247.63695,10972.97902,10525.20201,10253.84079
Y228,3440.6826011379035,4857.597704,4736.919247,4245.030206,4110.180089,4379.536408
Y229,4508.984408,5307.391015,5841.294051,6409.482324,6168.959689,6455.477083
Y230,2129.7516609966756,5562.375656,6285.754485,6673.103287,6352.597385,7091.69138
Y231,1117.815725,1110.650599,1239.774871,1334.396288,1225.213259,1165.252741
Y232,1311.9023089953612,5254.596139,5961.162145,7122.222114,6317.930955,6447.656636
Y233,6220.658161,6054.276656,6095.322622,6173.163665,6475.905653,6594.858261
Y234,5397.049194191664,9789.343234,10725.93292,11440.98274,10721.52085,10292.02591
Y235,2979.9622376718594,7037.794176,7467.027359,8038.989005,7383.282636,7480.8715
Y236,2521.6694506257745,7275.629902,8056.045084,9026.451572,9109.065358,9338.107
Y237,3741.410653466922,7997.536829,8297.845377,8381.884111,6966.549008,7534.708907
Y238,-103.29134508054864,4588.360281,4547.60289,4102.551952,4161.342314,4086.828335
Y239,-2562.938522625165,3444.626148,3837.222101,3797.205743,3691.006804,4193.447921
Y240,3975.493949,3941.402464,3956.043499,3895.053002,3884.647401,4108.685528
Y241,1019.9396750981953,8345.043624,9309.739029,9836.44313,10478.77204,10521.26914
Y242,-5228.951528819517,2429.124159,2296.196476,2811.522623,2671.010931,2740.010632
Y243,3879.93858,3844.005127,3921.692682,3958.196567,3963.306881,3981.173547
Y244,13930.026519298166,20723.06376,21973.28344,22728.71332,22382.80085,22813.05409
Y245,10218.808294607477,16751.05152,18092.35622,18951.53079,17625.05329,17966.28678
Y246,4079.4417348370075,10825.91105,11314.13205,12558.12662,14207.86018,15334.8666
Y247,3514.0612222827795,9944.798435,10612.46908,11473.68364,12408.20731,13073.8952
Y248,379.3964177476007,7764.505089,9613.748704,10259.05241,11148.79007,12529.04638
Y249,18062.1212,20847.78736,24258.37192,27332.46717,25738.23934,25826.64845
Y250,-2655.4829224379764,4775.844089,5281.884471,5045.410704,5590.669158,5715.989499
Y251,3519.294186,3847.723733,4181.866277,4772.743568,5160.163814,5533.842651
Y252,12564.3,13314.5,13961.9,14219.2,13863.6,14447.1
Y253,6410.756789896245,12507.09676,13800.07498,13803.89804,13725.2811,14030.16329
Y254,3783.237166115941,10071.34009,10044.62005,10026.53096,10034.37894,10028.86353
Y255,3436.2316081527524,9552.066126,9553.948507,9581.283148,9561.213235,9565.627202
Y256,3801.7992038863626,10047.49108,10134.58539,9982.780149,9584.036807,9388.523407
Y257,2012.6656031088348,8014.640567,8290.053603,8002.028884,9426.435407,9191.489362
Y258,-1484.024032193268,4856.267325,5030.844003,4978.898916,4546.333648,4586.649122
Y259,2069.873277525739,7432.303928,7790.824214,8087.780703,7976.793964,8324.386559
Y260,4836.660802352511,9806.151048,10493.55969,10856.78851,9279.921745,9675.351366
Y261,-205.16548148743084,3737.982782,3788.443127,3774.921194,3624.747232,3710.355928
Y262,-1033.0599359769253,2139.139857,2101.657531,2085.482004,2266.139576,2410.547437
Y263,7895.8632,8675.513546,9311.096432,9745.00615,9864.717821,10502.94265
Y264,3229.3144,3361.581957,3551.98873,3554.772284,3173.430786,3298.884535
Y265,4431.406909,4470.175067,4392.348204,4333.963441,4210.829649,4151.743822
Y266,-2176.2667834368553,1135.143383,1124.243168,1201.192734,1258.487062,1271.46968
Y267,616.0592024000358,3439.779675,3613.058233,3699.27405,3553.521133,3579.585202
Y268,-925.5203878146765,2411.313932,2507.484327,2564.386069,2524.036201,2603.456006
Y269,9214.7248854073,12534.55251,13380.0676,13844.66846,13697.41203,13947.38264
Y270,3708.221962204129,7366.555264,7486.515473,7223.014069,7000.228678,7025.809122
Y271,-589.9541608941366,2881.097137,3158.27201,3424.885646,3287.753479,3522.954407
Y272,2031.379968,2071.961614,2149.383054,2219.836516,2145.986953,2185.039245
Y273,7091.470277282631,10937.16811,11434.19421,11692.39513,11150.61572,11956.05057
Y274,931.6463969701874,4752.189256,4635.113961,4941.169267,4670.587934,4810.407015
Y275,9809.731549,9997.643516,10227.26644,10740.47492,11100.01876,11452.3877
Y276,13249.96678,14064.44995,15003.52038,15781.90351,16088.95789,16705.1708
Y277,4583.05525256189,7576.283571,8119.498046,8608.188922,8398.247721,8594.189588
Y278,-1253.6335461322617,1935.51514,2004.913259,2053.508424,2214.193681,2288.22226
Y279,2290.874196,2432.805161,2620.533427,2714.052186,2454.469525,2490.286703
Y280,7347.917639103427,9477.723062,9968.485452,10168.48917,9508.414015,9070.606092
Y281,4828.065757,5197.817222,5672.721205,6037.349397,5865.099498,5910.419778
Y282,3725.991953,3740.41337,3836.713549,3891.346821,3869.498224,3834.213778
Y283,-613.2058677374899,2178.426177,2306.972084,2381.368816,2264.82804,2336.291795
Y284,-2298.3516886772104,960.0369341,997.1546021,993.7908356,959.1970208,991.5121795
Y285,-403.25204858447603,2543.95223,2471.365712,2417.77723,2354.020508,2301.458063
Y286,-558.997882255703,2399.197004,2752.658921,3336.411931,3193.936167,3181.626417
Y287,4776.778048166148,7994.455125,8942.075646,8940.371751,10181.21511,10493.56133
Y288,2348.5625432199226,5397.972202,5902.053388,6606.319782,6789.507472,6616.631137
Y289,4482.716358255396,8765.366731,8840.313883,9112.645066,8965.5128,9296.884061
Y290,8903.995493,9503.388242,10164.05704,10779.62124,10399.02599,10588.96143
Y291,-482.6029655722572,3737.982782,3788.572327,3775.049118,3625.285317,3711.040315
Y292,6858.222851916563,11490.12961,11976.83832,12426.65368,11832.70017,12526.5642
Y293,292.23131314407675,4855.382711,5511.360984,6013.450555,6519.134412,7129.739238
Y294,-1502.4284098854584,3183.086709,3239.970616,3217.247621,3101.211345,3129.929977
Y295,3465.7505288443094,7812.104673,8030.920853,8170.242791,8646.310287,7992.914468
Y296,4248.751942,4210.807704,4242.515746,4467.636024,4349.551175,4469.070904
Y297,-3962.77420579327,1160.69523,1203.75258,1168.77791,1160.937103,1246.295644
Y298,6569.205499644898,10937.16811,11434.73033,11694.55608,11153.63567,11961.50452
Y299,9658.513353,9861.76413,10631.82444,10923.00027,10692.32535,10644.82946
Y300,4169.871956709468,7280.428155,7592.835705,7674.836811,7578.208304,8065.569861
Y301,6419.252849580477,10030.23211,10370.37604,10288.95934,9738.532074,10439.90933
Y302,5496.314217268486,9087.89263,9737.283411,10604.88009,10804.64253,11717.6287
Y303,-2266.742408100272,1120.752944,1406.105623,1438.978732,1403.661891,1518.037707
Y304,4447.837782,4700.335037,5167.637161,5130.697943,4942.321825,4600.545736
Y305,-1216.3828797733956,1737.420268,1812.903009,1945.605409,1992.671445,2086.302892
Y306,7642.795332,7862.881884,8354.923487,8598.464452,8672.534261,8903.980164
Y307,3301.428443,3433.69838,3601.910932,3777.748911,3748.889374,3655.214862
Y308,658.5615963295006,2527.094691,2556.022357,2674.304507,2553.396162,2414.892687
Y309,2827.12366259451,4046.537028,4314.814753,4479.656489,4460.774087,4508.012723
Y310,3416.9339948328125,4521.577338,4821.782237,6279.717252,5166.396027,5200.912205
Y311,4679.22753,4657.592238,4730.865933,4789.607029,4886.774039,4823.555812
Y312,1025.6265827206248,1619.165629,1643.459252,1783.092602,1575.501203,1524.614865
Y313,583.4437853239172,2247.862517,2400.339417,2611.144818,2677.913003,2708.401617
Y314,-387.6576538617349,1735.026863,1813.798636,1950.674554,1999.419777,2094.694429
Y315,438.95514922825976,2118.221226,2113.675806,2146.261642,2164.983667,2078.878709
Y316,245.63118820504363,1728.80249,1709.281392,1740.712883,1751.098917,1688.363357
Y317,8695.137324,9442.051305,10280.75781,10452.21784,10966.0056,13196.18097
Y318,2740.397305,2823.541959,2869.198007,2952.789113,2814.343574,2883.92646
Y319,3672.701473650934,4661.740326,5776.4414,6419.680584,6660.142609,6574.10444
Y320,2779.7635627194786,4190.232825,4277.348287,4405.472088,4451.77245,4539.501351
Y321,9429.270837,10330.29017,11053.99626,11534.09631,11640.30942,12355.77033
Y322,5234.117154,5269.281902,5169.562575,5093.622167,4940.797962,4862.36832
Y323,-37.96332365233752,1786.694364,1850.681359,1849.85992,1688.251972,1683.091163
Y324,1580.253759,1581.666212,1575.744025,1599.143763,1648.004179,1725.086337
Y325,-1530.6955946534313,1471.812004,1527.87131,1484.995672,1476.103884,1585.04358
Y326,-2504.1702423897023,1145.187112,1211.504723,1290.600431,1375.297617,1438.587521
Y327,3416.089811146217,6777.102542,7448.142851,7924.62989,7655.489089,7937.875638
Y328,963.4536516046883,4434.26938,4827.42839,4770.974382,4752.080101,5939.831551
Y329,6215.820378494647,9891.002556,10474.823,10941.34731,11147.76359,11430.53273
Y330,6245.152227,6568.419001,7136.692724,7626.629102,8007.981911,8473.843021
Y331,9111.113251300041,12946.48895,13513.50064,13793.82013,13131.34862,14056.60908
Y332,2508.0730243355792,7016.718075,7536.643243,8171.335786,8090.908224,8675.341591
Y333,4140.238025,4194.936728,4363.181761,4470.305337,4264.495488,4773.492436
Y334,7850.459192,8901.103608,10849.11288,11844.62531,12748.28541,14575.34538
Y335,6342.329233217674,9599.726543,10203.80789,10999.90393,10400.75208,10131.22542
Y336,1066.409105,1129.141032,1183.708839,1203.595641,1121.967907,1067.087232
Y337,8001.891839,8358.42982,8744.739932,8904.277961,8537.886641,8767.460205
Y338,3542.4770801489553,6380.735838,6607.272282,6636.643543,6860.723311,6980.311372
Y339,1673.284792523615,4033.914191,4019.266184,4085.874951,4132.374759,4170.593598
Y340,5050.373639,5789.187248,7015.587857,7535.624978,7877.841163,7864.768601
Y341,-518.2823008654552,1574.700571,1548.690824,1604.702076,1706.040617,1773.444029
Y342,373.2444969568336,2433.921174,2531.675886,2469.298122,2445.954676,2622.000082
Y343,1500.8728930824639,3081.088263,3133.061537,3103.487514,2933.156083,3066.282099
Y344,3062.709167779424,5012.409906,5749.154485,5742.906884,4978.805222,4948.692985
Y345,12690.79657,13195.94308,13635.09413,13583.65074,13246.1702,14058.18555
Y346,1203.3909216702352,2244.815874,2396.147181,2511.101178,2536.849492,2727.239749
Y347,5071.673241,5017.811666,5217.523951,5214.659721,4807.005073,4832.058648
Y348,2335.690472,2424.566458,2299.663203,2250.279526,2183.875857,2133.40773
Y349,2209.085251,2342.148286,2429.465875,2471.449242,2408.50404,2445.861539
Y350,1455.5181004883111,3630.135002,3710.508816,3763.721044,3609.091197,3550.268935
Y351,65.69116643827633,1704.490378,1673.833561,1732.712437,1836.925128,1905.424747
Y352,-723.4997085729788,1229.252004,1171.299311,1218.868515,1150.008024,1179.503833
Y353,-451.47488175480674,1553.920417,1545.350431,1628.948309,1557.329159,1610.121243
Y354,10243.79442768871,12897.93565,13257.19037,13390.11071,13469.03715,14147.83627
Y355,1873.587493,1930.305468,1942.705843,1997.593749,1961.357302,2029.913754
Y356,2745.69482,2561.39837,2620.845356,2586.561038,2458.876129,2534.040723
Y357,-1114.8363696245779,1508.154589,1562.90971,1568.537719,1537.080677,1542.398832
Y358,3759.6324100896973,6147.246998,6279.254569,6217.695299,5798.033886,6064.256901
Y359,-1308.763815771894,1129.541138,1235.648373,1307.269611,1373.999825,1456.294839
Y360,6062.411494344602,7665.288072,7934.746721,8115.9961,7614.255861,8503.862522
Y361,5899.54577,6194.542618,6365.909236,6479.257753,6941.042728,7125.582844
Y362,1981.54992529696,4773.152066,5101.056623,5315.860213,4815.056185,4903.783365
Y363,1531.079085,1559.966305,1586.376498,1563.580897,1475.206268,1472.308132
Y364,-3196.3418303216645,1340.968737,1348.174478,1355.386952,1362.51426,1369.43567
Y365,-1734.4638048946529,2687.591,2717.9237,2750.0515,2783.4981,2817.4724
Y366,-2584.1081559719464,2359.1972,2423.494,2488.2792,2553.3217,2618.3676
Y367,18509.11621,17207.22168,17424.80713,18006.93481,18287.21924,19090.45776
Y368,8159.418534594963,13007.88906,16517.08125,17230.97813,18389.64063,19304.14531
Y369,16360.761218019059,20658.19727,22319.99414,23993.08203,24781.72656,27526.66211
Y370,-498.330079166341,3740.184375,4706.991016,5674.119531,8688.54375,9112.126563
Y371,-1026.041380375503,3264.838125,2939.953438,2847.63625,2873.610313,2859.153125
Y372,5097.599319740632,9208.558594,9849.658594,10120.02266,10463.76641,10971.56016
Y373,6985.399219,7359.482813,7129.859375,7359.930469,7726.345313,7856.607031
Y374,6825.486816,7169.067383,7601.162109,9316.004883,11020.82129,8961.945313
Y375,2630.350195,2730.782227,2785.963281,2883.675391,3091.156055,3296.825781
Y376,1176.6213237250868,4319.055786,4884.505615,5424.608765,5647.219238,6036.150513
Y377,1676.416211,2166.557422,2064.979688,2338.51875,2604.272852,2734.758594
Y378,6740.3156247636425,11176.62109,10939.87813,11235.86172,11282.66797,11536.8
Y379,212.61385633065774,4142.4825,4560.9375,4741.7,4870.135938,4650.87375
Y380,-1323.692966692047,3744.43875,4071.909375,4443.503125,4657.065625,4947.790625
Y381,-2483.6180461629665,2668.554688,2736.960547,3024.542578,2992.531445,3184.5375
Y382,10755.17656,14222.73125,17587.99844,19299.15625,20968.25625,21326.92656
Y383,15243.805489261616,20732.0957,21651.29102,24796.75195,25197.00586,27324.97266
Y384,-695.9333497075968,4214.630625,4651.427813,4899.427813,5036.363125,5143.342188
Y385,-107.73818989089797,5382.902734,5688.945703,5847.408594,5942.055469,6411.919922
Y386,5843.874448745417,11387.39922,11710.64531,12161.99063,12518.87969,13247.68281
Y387,7705.496094,9100.060156,10777.62891,11743.14297,13028.33672,14585.45625
Y388,5288.264506730696,10383.14819,11096.39893,10935.19775,11134.5752,11308.20313
Y389,-2114.8549690376026,2011.169219,2086.286563,2090.310156,2160.964219,2249.83125
Y390,3398.9875064810776,6869.085156,7852.282031,8489.553906,8449.582031,8801.182031
Y391,9258.963281,10292.86875,11233.15,12008.70703,12578.24297,13328.225
Y392,-343.06430981826065,3332.169922,3642.491406,3935.747656,4474.027734,4617.823047
Y393,8961.895508,9081.885742,9809.71875,9787.675781,10125.45215,10451.12305
Y394,3836.255469,4250.334766,4642.647266,4834.9875,5093.667969,5381.309375
Y395,10673.07422,11845.49531,12257.94453,10081.19141,8303.9125,8335.898438
Y396,2031.383789,2297.847266,2412.3125,2544.695508,2655.588086,2651.414648
Y397,13259.076283642784,15250.698,15517.93,15899.255,16183.547,16598.099
Y398,2106.012109,2105.385547,2159.229883,2436.052734,2815.788672,2914.970898
Y399,-837.9334874813295,2093.196484,2337.614063,2430.17832,2501.63418,2578.132422
Y400,9043.974375,9545.045625,9854.5975,9854.6225,9972.77625,10077.96188
Y401,3120.64625,3504.49625,3954.465625,4157.13,4379.470938,4553.16375
Y402,16255.5957,16357.71875,16743.625,17667.89648,18759.47852,20232.91797
Y403,1793.725599197652,4985.655078,5220.023047,5483.836328,5746.401563,6086.261719
Y404,9125.45023955638,12707.073,13758.196,14747.542,15651.357,16762.24
Y405,2070.5757717856495,5713.609375,5961.435938,6237.999219,6442.503516,6707.760938
Y406,-987.5751278076018,2896.242969,2810.238867,2755.091992,2569.279688,2509.787305
Y407,-1763.5441056993793,2279.85575,2304.46475,2384.291,2483.68225,2570.68
Y408,2367.185156,2902.922188,3862.573125,4329.72875,4545.062188,4244.384375
Y409,8080.483050249813,12811.37,13731.5025,11689.83625,12250.83875,12040.8025
Y410,11427.11914,12389.44043,13113.49316,14694.30957,15375.08691,16108.04883
Y411,8572.322588317209,12887.05938,14472.17344,16038.06094,16155.09063,16128.67188
Y412,3792.9225,4114.942188,4560.9375,4736.861563,4859.463438,4645.942813
Y413,474.6039532255107,4374.280313,4939.3425,5016.5175,4634.771875,4299.194375
Y414,-2172.2316510974965,2053.729297,2072.043555,2369.330078,2695.151563,2846.974609
Y415,668.2802962780344,4263.944688,4651.427813,4872.276563,4972.044688,5055.768125
Y416,8741.947507238325,12670.53,13779.918,14805.637,15644.515,16810.26
Y417,6015.377197,6774.412231,6385.949097,6611.229248,6494.899902,6557.547607
Y418,2273.36375,2325.898,2392.258,2409.86825,2497.6145,2522.987
Y419,-1198.6712559907944,1945.874023,1965.479883,1931.118164,1986.514063,2003.449414
Y420,6644.436719,6905.785156,7852.282031,8451.738281,8409.644531,8707.29375
Y421,5153.386053589097,9122.541992,9809.71875,9720.688477,10061.9082,10342.43555
Y422,2346.226563,2395.404688,2338.835547,2432.891406,2571.755078,2723.961914
Y423,5192.182165005524,7867.276856,8056.604981,8367.368164,9892.696289,10288.47266
Y424,3159.578516,3421.536719,3970.349609,4050.417969,4118.273047,4196.799219
Y425,6247.948017201616,8908.739844,10199.84063,10310.34766,10708.90234,11648.07891
Y426,2916.6340761531073,5862.501875,6183.628125,6261.879375,6366.034375,6456.230625
Y427,7968.007813,8090.619629,8140.209473,8320.706055,8322.538086,8407.664063
Y428,4048.217578,4335.962109,4634.041797,4962.483984,5383.357031,5893.041016
Y429,-1112.0265618995627,2285.355859,2338.835547,2328.168555,2390.214844,2480.267578
Y430,16099.04492,16880.50195,16778.58008,17828.47656,17828.47656,18985.99219
Y431,2652.775313,2703.143438,2653.760938,2546.860781,2518.077188,2540.885938
Y432,12113.05875,12689.87125,13953.6525,14704.98,15097.5925,15640.17125
Y433,-1262.4661804001612,2355.519727,2412.3125,2594.340234,2787.070313,2973.783203
Y434,11197.492793954114,15273.331,15517.931,15863.049,16099.333,16490.192
Y435,8830.257008054028,12710.0,12930.0,13430.0,13760.0,14330.0
Y436,3539.914230343741,7980.3,7954.7,8003.8,7988.4,8033.0
Y437,-667.5922113660256,4153.4,4193.5,4020.9,4101.9,4206.6
Y438,3324.56,3447.77,3495.91,3362.72,3440.55,3542.35
Y439,2660.030833,2734.308333,2832.258333,2924.1325,3006.253333,3088.855833
Y440,1650.4902929248171,6595.16272,6873.090631,7356.048438,7519.801097,5304.714035
Y441,9054.332,9173.082,9295.784,9416.801,9535.079,9651.349
Y442,10183.850144200316,12863.79387,13335.57495,14999.0451,17288.54549,19507.86658
Y443,12461.70969,13882.32344,14464.16569,16205.41466,18440.74343,20774.26865
Y444,9590.435,9919.724,9986.717,10664.06,11906.57,11727.65
Y445,2152.869983736319,5905.209134,6214.506659,7044.539433,7373.961675,5207.24744
Y446,-1685.1197319763207,2336.073951,2416.713618,2432.751606,2537.649265,2668.121257
Y447,1716.311755,1862.802274,1720.736763,1815.429027,1852.398847,1619.171621
Y448,65.12141675766364,4400.558,4232.859,4252.6,4146.425,3881.566
Y449,-2257.6556576791045,1698.5,1673.2,1696.9,1723.8,1744.5
Y450,6015.292499545172,10790.0,10660.0,10510.0,10240.0,10140.0
Y451,-1483.0625005999,3308.6,3402.1,3692.8,3983.1,4291.9
Y452,381.2828909728586,6062.2501,7258.518,8515.909,9741.595,11065.0915
Y453,8308.458436417905,13962.48,17434.83,18184.05,19499.9,19602.93
Y454,-4343.249552779074,1227.76,1266.91,1563.17,1502.27,1446.64
Y455,1069.7737209757688,6592.430736,6789.591686,7051.132314,7291.219274,7447.877259
Y456,1031.7711884583002,6183.05122,6221.27561,6258.297561,6293.217073,6325.685366
Y457,6134.514260955153,12318.67834,12813.82865,14459.10582,15443.21337,13989.89958
Y458,-120.2377241608387,6224.956536,5648.530197,5777.088473,5713.624187,4873.200367
Y459,62.526721849768904,5561.229362,5688.666732,5840.145511,6006.080247,6156.618194
Y460,-2941.7970641527068,2447.154,2552.806,2580.331,2543.696,2412.565
Y461,-2373.9602603562407,3013.859351,2874.553915,2709.73071,2697.762882,2778.78061
Y462,6276.525090821994,11790.0,11600.0,11850.0,11910.0,11850.0
Y463,910.9754840435197,5223.377575,5702.168288,6074.181971,6432.295813,6205.064145
Y464,-1597.6791873417421,2659.876419,2658.787476,2654.285016,2653.898929,2707.086258
Y465,2529.987983086637,6146.614634,6206.936585,6264.497561,6317.787805,6366.302439
Y466,124.83489299672277,3555.889915,4697.923039,5039.026066,5735.659603,6191.694065
Y467,3200.5554847677104,6964.884,6993.825,7069.26,7217.271,7310.293
Y468,9312.049463,11530.1472,10642.43225,10658.77273,10772.06175,8266.445605
Y469,15419.36,15772.98,16134.89,16503.51,16876.73,17252.92
Y470,1032.2959888479515,4939.01,5057.22,5212.9,5412.08,5614.62
Y471,10250.0,10090.0,10000.0,9730.0,9980.0,10130.0
Y472,4588.310707144904,7850.4,7839.4,7434.4,7672.4,7797.8
Y473,2705.7008905195507,5520.0,5513.0,5376.0,5450.0,5526.0
Y474,114.1299624249385,3136.0,3228.0,2946.0,2502.0,2317.0
Y475,5082.881726447919,7768.405,7653.718333,6765.991667,6901.981667,7044.915833
Y476,7311.382559,7468.759652,7655.998693,8168.839978,8786.961481,9503.703704
Y477,2250.425012911758,4765.470479,5038.841816,5385.10755,5872.208739,6379.415289
Y478,4300.564739,4477.909893,4873.457142,5215.389059,5396.15775,5313.205952
Y479,618.1502240227844,2201.004,2071.338,1936.055,1662.107,1428.235
Y480,1258.540847509731,2143.038736,2198.427533,2227.285205,2263.523921,2313.045076
Y481,926.9175244883959,2448.08254,2480.37853,2512.68276,2544.54778,2575.63815
Y482,7658.459,8446.202,9338.431,9820.185,10113.23,10589.71
Y483,10190.0,10380.0,10410.0,9970.0,10230.0,10240.0
Y484,10614.11,7652.551,7642.217,6451.277,8931.433,11441.69
Y485,-202.46226813202128,2158.21,2316.29,2380.15,2444.77,2491.14
Y486,-2055.6062753619217,964.309,971.07,1000.195,1043.186,1090.579
Y487,696.9817442696868,3773.0,3789.0,3737.0,3876.0,3970.0
Y488,-161.73957368357492,4266.077022,4423.117355,4656.219807,4830.976915,4940.045836
Y489,6518.343902,6530.278049,6544.063415,6559.607317,6576.658537,6595.168293
Y490,9787.82592545768,14150.0,13630.0,13970.0,14640.0,14010.0
Y491,1141.0031099887872,5683.6,5778.7,5814.7,6098.4,6211.9
Y492,1642.6598040276076,6197.766119,6605.139933,7335.027592,7468.096567,6571.853849
Y493,5623.5982473125805,11238.83168,11779.74735,12824.37162,12797.69783,11032.15352
Y494,7434.853659990488,12975.36874,14454.16201,17005.25305,17548.96196,18184.41373
Y495,23921.47273,27957.05637,26662.1887,24994.10956,25388.31766,22780.37786
Y496,2010.586,2032.95,2057.331,2083.061,2109.197,2135.022
Y497,2072.038418092854,6259.354638,6701.243797,7316.800032,7130.707538,5586.01772
Y498,3437.2802359779284,7983.556695,5980.586767,5432.169048,6055.252536,6403.820949
Y499,4499.744,4377.781,4142.981,4633.787,4586.203,4550.979
Y500,7601.865854,7620.04878,7633.75122,7646.234146,7660.260976,7677.282927
Y501,3278.2824190536403,7049.483272,6785.225441,6740.813086,7007.003251,7208.098187
Y502,1647.512926,1726.748834,1850.557918,1909.919549,1831.141023,1794.325738
Y503,3142.429476,3286.478814,3513.962209,3618.231253,3461.645096,3385.967463
Y504,9183.323954410927,12078.27458,14026.69129,13850.04682,14578.36387,13709.85212
Y505,7823.9870762771725,11518.39337,11668.68552,12129.6423,12803.44593,11681.76126
Y506,10123.21176,11549.85021,11708.35275,12153.41971,12479.16503,11596.27118
Y507,5520.76401299441,9197.026972,9291.227619,9637.00265,10153.93822,9252.110724
Y508,6591.134437,9566.481707,11343.40167,11871.51359,11232.54284,10777.5541
Y509,-1329.7480691390413,2967.769924,3014.727033,3106.946671,3141.852405,3239.552036
Y510,7214.821951,7257.692683,7298.543902,7336.465854,7370.904878,7401.609756
Y511,1922.5112719655278,5248.914529,5648.124631,6052.344447,6231.979366,5292.425561
Y512,2432.1457,2501.6921,2573.2928,2646.718,2721.6276,2797.7863
Y513,3049.1001135746974,6491.74878,6518.090244,6542.778049,6565.409756,6585.785366
Y514,1992.1503964314584,5292.747792,5435.72453,5608.601999,5831.035797,6000.037665
Y515,3898.6869710380106,7319.196,7058.978,7427.747,7687.723,7179.541
Y516,571.985387647934,3606.968434,3291.489841,3158.80648,3056.999988,2682.347064
Y517,-1744.7371138800477,1999.0,2142.0,2287.0,2509.0,2874.0
Y518,997.9445095818674,5240.385955,5099.936943,5148.241815,4923.687723,4535.483573
Y519,5357.833265884461,9450.1233,9601.7322,9757.1676,9913.869,10069.9395
Y520,-2039.2795119912134,1762.400055,1646.800041,2358.499908,2371.899986,2457.299995
Y521,1250.050744029809,4652.756981,4703.565435,4831.024077,4948.58049,4994.723681
Y522,2809.0647,2878.8438,2949.6047,3020.1051,3088.6545,3154.0372
Y523,10804.68447,11967.36235,12633.88833,13160.20774,13373.58878,13617.88378
Y524,7210.870148522308,12242.72,11113.37,9302.428,8899.378,7736.039
Y525,5760.752,6320.858,6588.6,6684.976,6903.571,6799.975
Y526,-2924.6095716822883,1410.608961,1445.398049,1458.367195,1450.63382,1475.360056
Y527,-293.6193333467911,4057.688229,3855.82704,3579.833456,3419.483631,3067.055937
Y528,1530.8039746441004,5366.490244,5420.5,5472.7,5522.090244,5568.221951
Y529,7058.799779170473,11900.0,12310.0,10860.0,10370.0,10240.0
Y530,11253.902392179065,15964.4521,18064.50797,18711.08979,20877.00544,24147.23601
Y531,8430.905965,8448.504261,9422.270994,9618.350531,9680.115914,9485.319244
Y532,1903.0783408338311,6135.267,6245.778,6492.822,6568.703,6552.184
Y533,5870.60667,6061.456911,6183.247647,6245.922016,6353.313779,6480.159564
Y534,-1841.7985266785947,2860.271391,2620.416344,2441.534277,2380.868461,2426.987416
Y535,4564.8525,4712.2998,4864.5709,5021.3457,5182.2621,5347.042
Y536,180.88775628325698,4359.655586,4845.382618,4607.906333,4481.940076,4396.397861
Y537,3554.075455,3637.746112,3656.895093,3530.107678,3587.739938,3700.24262
Y538,1255.137277701321,5072.360647,5563.199347,6052.086992,6591.052674,6932.844307
Y539,13601.31559,16315.96717,17578.13791,18331.01464,13350.34114,9061.502332
Y540,11525.485279189563,15936.36717,17281.30397,18021.19354,13194.49385,8942.27799
Y541,-3441.1254061947975,2332.6,2329.5,2340.4,2358.4,2392.1
Y542,5532.772213241871,11373.08,11995.26,11652.15,10237.2,9185.96
Y543,1377.08214,1451.883505,1547.98156,1645.910721,1749.467395,1856.718503
Y544,9318.383647821523,15649.66945,17404.68298,19075.51233,20366.91723,21320.70368
Y545,-3128.704241322579,2942.7631,2985.4238,3027.6045,3069.3827,3110.8083
Y546,7778.024418312896,13553.94873,15582.00019,17122.20251,18620.46529,19359.93791
Y547,-3642.9561307461877,1250.0,1150.0,1110.0,1080.0,1080.0
Y548,2908.776577,3038.899334,3383.16965,3859.961814,4060.755872,3638.735458
Y549,8435.476100582517,13503.81634,14227.23779,15828.49252,16509.74597,14062.91651
Y550,-2837.741743319882,1790.957,1805.2,1818.117,1812.771,1797.151
Y551,6761.259986,7238.194322,7765.870816,8535.044086,9191.948032,9496.676961
Y552,1511.47175,1559.156833,1664.655917,1734.548583,1812.886917,1921.503917
Y553,2011.279545669639,7836.48468,8814.96318,9214.1248,9789.08218,10591.85579
Y554,-346.27903205720446,6121.599118,6634.982751,7342.719381,7297.28358,8898.561316
Y555,1877.4862339734782,7886.13,8288.16,8260.16,8750.18,9027.92
Y556,-2699.4886061128395,2984.323083,3152.099962,3404.4176,3642.0168,3988.137
Y557,1084.3873349245077,6960.5,3052.1,4752.8,4651.6,4159.0
Y558,18669.20858227606,25102.95151,27867.00055,29192.1799,32301.69956,35072.97761
Y559,6249.49912,4812.824407,5173.021543,5555.407429,6139.227438,6111.151942
Y560,6085.070749756567,11870.66,12349.92,12716.36,13415.17,14127.99
Y561,3299.265238,3967.5709,4548.964859,5100.565793,5116.961776,5580.846193
Y562,-1284.14749063615,4086.433139,3894.288729,4051.387905,4320.375754,4011.897441
Y563,160.15693679588344,5799.439439,5615.951451,5943.681057,5839.406132,5044.069099
Y564,2338.719877,2663.537022,2787.169741,2992.200995,2960.778001,2866.8001
Y565,20391.30405,22745.25171,22995.01308,23619.10194,25840.93371,26928.92693
Y566,-1214.5140287299353,5112.356133,4833.357273,5050.471532,5132.263997,4377.498517
Y567,3831.0134942514233,9730.277761,9720.561674,10198.6473,10353.44798,9005.024265
Y568,-2870.967709795049,3194.135788,3211.181257,3208.538435,3161.675361,3210.070755
Y569,6349.982995215981,12782.65,14802.91,15457.03,15795.94,16231.97
Y570,9423.017707993113,16708.73732,19770.60232,18853.18644,19149.09082,19514.40049
Y571,1282.5803654311119,8318.533566,9724.684779,9140.574455,9648.887982,9899.159271
Y572,1636.2035319369927,9254.6,12474.8,14048.7,13658.7,13674.8
Y573,-4569.759337896354,2302.610369,2517.26792,2505.886262,2420.775727,2374.654566
Y574,-2848.769248695403,3623.83,3970.06,4039.76,4133.03,4038.84
Y575,11993.922688450137,18175.0,20365.0,21223.0,22162.0,24143.8
Y576,15516.07606,18158.97151,20409.73004,21221.13171,22148.39658,24128.36944
Y577,827.9747229767136,6079.5114,6831.2928,7052.1283,8124.7076,8584.958
Y578,-3099.06394575331,1887.59,2102.73,2155.56,2019.7,2023.76
Y579,-347.26509315410397,3889.197,4311.457,4573.036,4438.939,4421.146
Y580,4.037567819075804,4236.04787,4689.57991,4721.91297,4836.03484,5125.94926
Y581,1326.4224063069175,4576.794,4586.897,4598.294,4617.225,4640.703
Y582,2211.1091252883534,5183.47,5309.46,5433.6,5563.19,5696.76
Y583,3017.537467252956,5398.384,5407.579,5413.393,5418.649,5424.05
Y584,8029.731707,8055.121951,8096.707317,8121.341463,8170.512195,8215.585366
Y585,2.883119212087763,2680.0,3270.0,3900.0,3890.0,4690.0
Y586,-1876.2320930016533,1000.0,1371.213573,1369.855251,1379.721836,1298.022516
Y587,6889.249667,6545.56125,5937.67725,6068.585917,5679.847583,5947.17875
Y588,1417.514107646488,3436.20906,3498.884927,3576.178774,3186.276575,3146.459847
Y589,2892.34025,3622.608583,3706.584167,4034.029417,4034.124083,4249.30025
Y590,1102.743158326923,4359.1,3851.825,3749.75,4159.55,4904.725
Y591,6582.360425594952,10000.0,10078.62453,10252.58672,10555.86947,10842.27621
Y592,3702.6207166718227,7290.0,7190.0,7270.0,7210.0,7000.0
Y593,1374.01,1366.11,1261.51,1201.1,1171.12,1164.14
Y594,2790.0,2810.0,2780.0,2830.0,2880.0,2950.0
Y595,-2017.0681290628665,2080.0,2080.0,2050.0,1980.0,1930.0
Y596,11325.630322034234,15950.4,18631.3,19226.7,19201.1,20044.4
Y597,5741.6,6276.8,7016.8,7568.8,7327.2,7630.9
Y598,742.3585359489284,3910.0,3960.0,3900.0,3850.0,3850.0
Y599,5310.0,5320.0,5210.0,5310.0,5330.0,5800.0
Y600,6461.472403857501,9100.0,9130.0,9200.0,9180.0,9120.0
Y601,1027.0041983329293,4678.1,4880.3,5065.6,5161.8,5325.6
Y602,-2478.656871063988,827.0,800.0,1649.0,1679.0,1840.0
Y603,1687.7298229446312,4098.0,3526.0,3113.0,3090.0,2791.0
Y604,-50.060771217099926,2452.9,2469.76,2373.28,2258.09,2250.97
Y605,-120.79359224609215,2350.0,2410.0,2420.0,2400.0,2430.0
Y606,-1270.6883840459839,1430.0,1430.0,1430.0,1380.0,1350.0
Y607,2440.135916582119,4220.434,4293.352,4202.96,4330.853,4527.845
Y608,3163.694,5705.527,5544.53,5492.85,6063.356,5711.16
Y609,2115.0258509050036,3920.3,2894.61,4160.56,3884.43,4744.29
Y610,1700.0,1570.0,1580.0,1600.0,1610.0,1620.0
Y611,5023.775028193622,6570.0,6410.0,6420.0,6630.0,6880.0
Y612,2540.0,2710.0,2900.0,2950.0,2970.0,2950.0
Y613,1020.5316319350356,2820.0,2790.0,2860.0,2930.0,3040.0
Y614,843.9898854130661,2840.0,2800.0,2890.0,3120.0,3180.0
Y615,5160.0,4900.0,4810.0,4720.0,4670.0,4740.0
Y616,1847.953008852111,3830.0,3850.0,3890.0,3930.0,3980.0
Y617,2039.414,2173.882,2302.333,2416.731,2615.601,2817.773
Y618,3504.749,3797.37,4090.645,4289.135,4474.294,4788.704
Y619,-60.36951129290415,1990.42,2033.99,1970.26,1941.92,1970.17
Y620,-80.79470441263516,2340.0,2400.0,2460.0,2550.0,2620.0
Y621,1837.2964760700015,3790.0,3850.0,3960.0,4020.0,4130.0
Y622,3321.1749857694963,5095.0,3056.0,2015.0,2243.0,4811.0
Y623,1442.8284071468395,3276.124,3758.881,3838.385,3981.362,4082.787
Y624,4232.103545544711,5650.513,6757.964,6637.162,6782.404,6562.147
Y625,-293.72626558288175,2374.389,2999.083,2798.777,2801.042,2479.36
Y626,9340.0,9440.0,9380.0,9490.0,9500.0,9610.0
Y627,4360.0,3940.0,4020.0,3280.0,3280.0,3050.0
Y628,1676.7758044105944,4363.0,4455.0,4535.0,4647.0,4779.0
Y629,-915.6706019046162,1377.0,1392.0,1389.0,1385.0,1407.0
Y630,9810.0,9790.0,9810.0,10040.0,9990.0,10150.0
Y631,8977.34720571055,10550.0,11020.0,11360.0,11770.0,12190.0
Y632,1688.3,1728.2,1765.1,1789.0,1805.7,1847.9
Y633,3219.740612151392,4940.0,4950.0,4990.0,4940.0,4920.0
Y634,2014.0,2058.0,2081.0,2100.0,2137.0,2187.0
Y635,251.34469646373668,1478.0,1518.0,1487.0,1468.0,1544.0
Y636,6757.1,6730.7,6791.1,6754.2,6792.3,6834.8
Y637,4961.6,4912.1,4897.7,4900.6,4879.6,4859.9
Y638,415.78377233226155,1909.2,1891.5,1871.1,1852.1,1840.8
Y639,1912.58,1960.19,2022.41,2095.32,2180.43,2266.4
Y640,2257.3,2268.2,2274.8,2289.8,2260.3,2249.3
Y641,453.99881792297,1730.0,1730.0,1700.0,1680.0,1710.0
Y642,-618.309028265218,1364.0,1391.0,1423.0,1466.0,1520.0
Y643,1382.3363341290194,2920.0,2870.0,2830.0,2730.0,2750.0
Y644,1394.1820165294641,3660.0,3480.0,3600.0,3800.0,4060.0
Y645,-964.1762881591782,1230.0,1283.0,1333.0,1384.0,1447.0
Y646,2400.0,2290.0,2260.0,2270.0,2290.0,2360.0
Y647,8139.662332176436,10490.0,10460.0,10460.0,10460.0,10380.0
Y648,9854.0,10073.0,10311.0,10565.0,10894.0,11230.0
Y649,-1227.152108642083,1720.0,1770.0,1780.0,1780.0,1850.0
Y650,4028.884239638254,7000.0,7330.0,7570.0,7900.0,8190.0
Y651,458.74304123171567,2930.0,2880.0,2780.0,2730.0,2690.0
Y652,-589.1807097906863,2026.81,2040.8,2057.85,2074.24,2088.61
Y653,2767.718595936759,5006.8,5017.0,5017.2,5043.3,5054.1
Y654,951.4977614608563,3247.8,3250.0,3214.2,3159.1,3133.3
Y655,3710.0,3440.0,3390.0,3460.0,3510.0,3600.0
Y656,-71.21555111789269,1951.0,2007.0,2049.0,2109.0,2190.0
Y657,6337.0,6500.0,6632.0,6738.0,6868.0,7001.0
Y658,944.5508338265101,1896.0,1896.0,1910.0,1938.0,1945.0
Y659,2112.437561922854,2940.0,2960.0,2880.0,2900.0,2940.0
Y660,841.3127188583696,1123.0,1120.0,1107.0,1123.0,1133.0
Y661,3880.0,4090.0,3980.0,3590.0,3680.0,3720.0
Y662,-194.85078520262647,1187.0,1179.0,1192.0,1179.0,1180.0
Y663,4322.0,4231.0,4201.0,4196.0,4172.0,4217.0
Y664,3241.0,3294.0,3376.0,3438.0,3481.0,3531.0
Y665,2395.447215933592,3580.0,3640.0,3790.0,3850.0,3790.0
Y666,704.246512020273,2430.0,2490.0,2480.0,2670.0,2820.0
Y667,-71.43236299264723,1533.0,1541.0,1532.0,1558.0,1575.0
Y668,1750.0,1660.0,1660.0,1660.0,1640.0,1660.0
Y669,3762.418236255302,6204.72,6353.42,6495.4,6598.36,6722.28
Y670,3048.4883,3163.526,3299.7012,3543.2266,3633.5598,3721.7759
Y671,-723.2437661303538,1618.03,1750.51,1807.86,1818.75,1843.74
Y672,5639.719500953466,7411.6,7355.6,13390.4,8366.2,8289.3
Y673,-93.77069375185762,2967.86,3083.42,4574.9,3374.56,3512.12
Y674,2918.1545812127088,6785.9,8025.6,12366.1,12604.5,7224.9
Y675,1248.3411322793404,4859.3,4057.2,5621.9,7583.1,7870.1
Y676,5610.0,5540.0,5720.0,5730.0,5840.0,5930.0
Y677,-2291.997206849659,1590.0,1580.0,1630.0,1730.0,1760.0
Y678,-2562.4209697439105,1702.14,1885.89,2003.4,1900.02,2170.82
Y679,8318.85229376361,11870.7,12246.56,13241.82,13736.66,14638.02
Y680,1049.1642152001016,4950.5,4846.1,4932.4,4781.6,4840.8
Y681,1397.0149234115365,4768.6,4908.5,5145.3,5361.3,5669.9
Y682,-800.5886524331725,2255.5,1961.3,3163.9,3406.8,3659.3
Y683,3153.405944972297,6192.798,6261.222,6560.738,7243.099,7152.13
Y684,1749.8511768352887,4349.4,4415.5,4524.8,4595.5,4606.4
Y685,3868.093,4583.977,4765.467,4972.81,4896.317,5232.976
Y686,3016.8862991004944,5990.0,6160.0,6360.0,6510.0,6650.0
Y687,55.79713531976617,2321.044,2523.266,2827.371,2959.924,3040.627
Y688,6809.344,7325.492,7932.494,8681.675,8572.532,9189.255
Y689,-491.1952473763508,1285.7,1269.7,1263.3,1262.8,1252.9
Y690,869.511004480516,2613.0,2585.0,2571.8,2565.9,2565.8
Y691,3734.78548765969,4911.0,4871.9,4829.9,4792.9,4776.8
Y692,2085.7,2097.5,2081.4,2053.0,2037.0,2025.7
Y693,403.8813352170861,1972.1,1969.2,1954.2,1946.0,1944.4
Y694,-294.4841478986262,1065.8,1056.3,1043.4,1043.8,1023.4
Y695,1594.2,1592.5,1574.6,1555.8,1554.3,1552.7
Y696,3564.5,3543.7,3535.6,3537.1,3524.0,3517.3
Y697,286.1205006685361,2182.9,2191.9,2200.3,2208.7,2224.7
Y698,7228.926424528457,9210.0,9400.0,9650.0,9760.0,9870.0
Y699,7260.0,7240.0,7390.0,7540.0,7640.0,7730.0
Y700,188.86421274726402,1882.81,1845.15,2057.6,2120.64,2268.37
Y701,883.6660869665836,2487.499,2825.88,2897.033,2983.664,3052.986
Y702,1188.6085091682269,3332.967,3685.595,3742.916,3890.9,3977.806
Y703,10618.1,10249.6,10363.9,9898.5,9781.3,9630.3
Y704,-472.9796374796231,1970.6,1973.3,1947.9,1936.0,1930.3
Y705,3695.7,3714.1,3715.0,3711.1,3714.7,3711.8
Y706,562.5582819196018,2142.4,2120.9,2092.7,2087.6,2080.3
Y707,3538.2,3477.2,3446.9,3438.9,3397.7,3331.4
Y708,4425.965464196218,5571.9,5585.6,5575.8,5565.0,5569.1
Y709,5196.931536225803,7185.0,7348.0,7445.0,7597.0,7760.0
Y710,-791.9521629160952,1585.0,1658.0,1712.0,1770.0,1829.0
Y711,6760.0,7020.0,7440.0,7840.0,8040.0,8500.0
Y712,310.9402539277987,2852.0,2874.0,2899.0,2926.0,2961.0
Y713,1598.357710816994,4150.0,4140.0,4120.0,4060.0,4040.0
Y714,7670.0,8120.0,8620.0,9090.0,9430.0,9420.0
Y715,171.1485524197711,2016.8,2024.0,2029.3,2043.6,2064.0
Y716,2852.1915365318428,4940.0,4924.6,4890.4,4870.9,4832.5
Y717,1603.6864539686617,3751.8,3753.4,3738.4,3765.4,3742.1
Y718,1335.7633374041432,3683.7,3670.2,3648.1,3629.9,3606.8
Y719,249.72795159030943,2441.9,2393.2,2351.6,2336.5,2312.3
Y720,8319.5,8423.0,8492.4,8552.3,8668.7,8782.4
Y721,-1191.9000804609477,1732.4,1757.8,1774.7,1786.4,1800.6
Y722,-1922.189611006489,1420.64,1331.94,1615.54,1300.45,1384.0
Y723,8611.797810573198,11329.0,8989.0,7066.0,7622.0,6989.0
Y724,-1142.272923421801,1610.0,1580.0,1550.0,1510.0,1500.0
Y725,-1148.523949982219,1452.29,1397.29,1379.52,1361.6,1369.13
Y726,-1304.0635030718129,1561.65,1452.52,2082.28,2133.24,1972.89
Y727,7611.933667302919,9976.67,13371.89,14660.82,15310.29,15448.79
Y728,-285.0129338885979,2500.0,2550.0,2650.0,2620.0,2680.0
Y729,9840.0,10040.0,10190.0,10440.0,10520.0,10610.0
Y730,3365.306687201827,4700.0,4920.0,5050.0,5120.0,5080.0
Y731,2030.0,2040.0,2100.0,2200.0,2280.0,2330.0
Y732,2640.0,2540.0,2520.0,2480.0,2500.0,2470.0
Y733,-420.6223844856122,1178.0,1180.0,1174.0,1183.0,1200.0
Y734,1420.0,1440.0,1490.0,1550.0,1640.0,1610.0
Y735,53.579912479208446,1650.0,1690.0,1750.0,1770.0,1730.0
Y736,-488.6509738475811,1060.0,1070.0,1050.0,1060.0,1090.0
Y737,1133.9451074974183,2378.74,2408.15,2430.58,2412.04,2426.31
Y738,355.3878306609042,1979.0,1930.0,1867.0,1842.0,1822.0
Y739,1323.5210792760772,2520.0,2520.0,2380.0,2380.0,2440.0
Y740,6415.207427566767,8170.0,7840.0,7630.0,7490.0,7350.0
Y741,-378.4139398144506,1013.0,1042.0,1087.0,1113.0,1140.0
Y742,1410.0,1380.0,1390.0,1390.0,1340.0,1350.0
Y743,5230.0,4960.0,4800.0,4710.0,4710.0,4600.0
Y744,777.3098305666372,1580.0,1600.0,1600.0,1540.0,1540.0
Y745,-86.67155694204395,1530.0,1570.0,1610.0,1650.0,1720.0
Y746,477.38115104799266,2050.0,2040.0,2130.0,2290.0,2400.0
Y747,7680.0,7780.0,7840.0,7870.0,7920.0,7940.0
Y748,1666.3471159769258,4200.0,4150.0,4330.0,4360.0,4240.0
Y749,1620.0,1600.0,1560.0,1560.0,1540.0,1550.0
Y750,-2416.172591796188,1410.0,1410.0,1430.0,1440.0,1440.0
Y751,2065.215,1970.274,1911.188,1879.024,1919.91,1963.036
Y752,239.08618045161177,4212.8,4218.3,4178.7,4240.2,4209.4
Y753,12030.116494649019,15756.9,15743.3,15027.7,14605.0,14830.2
Y754,371.7026651946957,4652.6,4466.1,4659.0,4560.6,5363.2
Y755,3150.1832662789384,8126.29,9001.8,10455.0,10632.61,11804.78
Y756,3784.649653292725,8391.0,9637.0,10008.0,9935.0,10698.0
Y757,2569.94,2820.08,3092.9,2859.79,3091.2,2729.22
Y758,1724.7,1348.4,1445.9,1368.1,1357.6,1378.6
Y759,663.3731697542461,5264.4,4648.2,6924.8,4274.6,3103.6
Y760,13129.430346650324,17364.3,19084.8,19469.6,20919.8,22263.7
Y761,-184.63731962691207,3780.0,3770.0,4140.0,4570.0,5120.0
Y762,3530.0,3650.0,3740.0,3760.0,3860.0,3970.0
Y763,3140.0,3230.0,3350.0,3400.0,3570.0,3800.0
Y764,-929.3844582174288,2803.17,2623.99,2524.41,2800.11,3226.67
Y765,-692.8334003097633,2750.78,2757.63,2763.21,2754.99,2742.19
Y766,3607.4473739125087,6483.5,6568.4,6635.65,6695.02,6748.36
Y767,934.9316508021714,3268.15,3286.74,3312.44,3326.34,3336.54
Y768,-655.8933868711474,1480.97,1470.48,1458.26,1450.04,1436.73
Y769,-198.02509870923976,3230.0,3340.0,3440.0,3480.0,3520.0
Y770,4260.0,4130.0,4050.0,4020.0,3980.0,3920.0
Y771,4023.448125541583,7364.1,7515.0,7668.9,7853.5,8042.1
Y772,3380.931417696321,6680.6,6827.0,6964.0,7134.5,7304.2
Y773,-1216.6444867418186,1856.0,1767.0,1751.0,1760.0,1763.0
Y774,5387.832559037914,8918.0,9113.0,9310.0,9519.0,9582.0
Y775,-1082.4857698840324,1928.0,1949.0,1971.0,2031.0,2111.0
Y776,-293.4525901158962,3155.0,3174.0,3191.0,3274.0,3398.0
Y777,1196.6178229451923,4162.0,4336.0,4487.0,4617.0,4819.0
Y778,-1228.3951900315294,1340.0,1300.0,1260.0,1260.0,1200.0
Y779,3213.7704624611133,6000.0,5880.0,5890.0,5860.0,5840.0
Y780,-787.6167334184513,1510.0,1460.0,1470.0,1540.0,1560.0
Y781,-1068.894593633772,2010.0,2054.0,2176.0,2301.0,2460.0
Y782,10690.0,10880.0,11270.0,11750.0,12300.0,12470.0
Y783,1801.731210203005,5115.1,5128.6,5226.0,5322.1,5414.2
Y784,723.7371956956276,4329.3,4355.0,4467.6,4572.0,4667.8
Y785,5734.558057099723,9080.0,9200.0,9300.0,9770.0,9930.0
Y786,2127.0,2136.0,2130.0,2123.0,2136.0,2161.0
Y787,4057.684196111551,7100.0,7410.0,6620.0,6480.0,6390.0
Y788,-270.20209120986124,3320.0,3440.0,3400.0,3530.0,3590.0
Y789,4811.411249976716,8087.0,8180.0,8326.0,8499.0,8695.0
Y790,-1405.4743115627316,1740.0,1760.0,1770.0,1760.0,1730.0
Y791,-791.9780613726782,2150.0,2100.0,2050.0,2030.0,1980.0
Y792,2200.0,2274.26,1862.78,2269.12,1762.75,1151.13
Y793,-64.91270361701415,3620.9216,3877.1968,4023.0379,4296.4774,4371.3484
Y794,14301.25,12820.8,13390.33,14351.66,13453.94,14313.61
Y795,3111.067218477001,6489.0,6486.9,6476.4,6476.3,6471.7
Y796,697.7023888263727,4270.3,4246.9,4232.3,4194.4,4158.2
Y797,357.8387757834667,4190.0,4173.8,4140.0,4117.9,4101.3
Y798,-266.8538020482903,4010.0,3970.0,3880.0,3880.0,3870.0
Y799,8656.337408305018,12425.0,12592.0,12781.0,12902.0,13064.0
Y800,-1716.1458715985698,2440.0,2400.0,2360.0,2180.0,2040.0
Y801,-1674.304559700725,1893.0,1946.0,2028.0,2118.0,2224.0
Y802,6811.140470778434,9810.0,10170.0,10790.0,11750.0,11980.0
Y803,595.234506772405,3422.0,3657.0,3854.0,4085.0,4257.0
Y804,-364.04820754633374,1920.0,1940.0,1940.0,2000.0,2170.0
Y805,-1600.1322727791578,1092.078,1220.072,1285.907,1360.628,1330.223
Y806,1464.0,1610.0,1562.0,1656.0,1776.0,1870.0
Y807,-853.1791500878338,1444.371,1476.017,1584.563,1664.474,1753.433
Y808,2125.1,2097.1,2058.9,2042.7,2040.6,2019.9
Y809,1902.1161933176725,3545.1,3579.19,3613.79,3655.93,3690.19
Y810,203.4099326922669,2069.43,2081.61,2094.5,2110.4,2134.42
Y811,1053.6783916489221,2449.3,2439.5,2438.9,2438.0,2418.4
Y812,3941.2549369269136,5855.2,5936.5,5992.7,5958.8,5966.0
Y813,2446.0,2423.7,2389.2,2370.9,2344.8,2335.7
Y814,2450.250967658195,4037.6,4051.7,3973.9,3962.8,3982.9
Y815,1980.0,1960.0,1970.0,1990.0,2000.0,2010.0
Y816,1239.821655533726,2360.0,2340.0,2330.0,2290.0,2250.0
Y817,-450.0270882900063,1430.0,1400.0,1370.0,1350.0,1380.0
Y818,-575.1891172702287,1220.0,1230.0,1200.0,1160.0,1160.0
Y819,2290.0,2280.0,2280.0,2280.0,2330.0,2410.0
Y820,6107.793314402385,7767.709,8277.13,8351.551,10217.826,11900.176
Y821,2855.7,2851.1,2835.4,2813.2,2812.4,2802.4
Y822,6522.3,6511.2,6464.1,6451.1,6472.2,6588.6
Y823,2882.5,2889.4,2858.3,2830.7,2820.9,2781.1
Y824,1725.42,1734.56,1736.74,1746.67,1759.63,1763.95
Y825,865.0744837974254,3393.8,3599.0,3734.7,3770.0,3895.6
Y826,5702.833330730415,7760.5,7745.3,7732.5,7711.5,7717.0
Y827,4196.825601166426,6090.0,6280.0,6500.0,6480.0,6620.0
Y828,-92.25229009495774,1690.0,1720.0,1850.0,1750.0,1690.0
Y829,505.2410606829901,3396.4,3529.0,3517.9,3722.3,3864.2
Y830,1667.2740571979548,5050.0,5050.0,5170.0,5130.0,5080.0
Y831,-2098.5775846780734,1140.0,1200.0,1180.0,1180.0,1170.0
Y832,2780.0,2690.0,2700.0,2700.0,2710.0,2760.0
Y833,1307.9944880143369,3780.0,3790.0,3750.0,3740.0,3760.0
Y834,3027.243453464217,5670.0,5740.0,5850.0,5880.0,5810.0
Y835,4619.8,3975.3,5103.2,4458.0,3535.1,5847.8
Y836,5326.20098542261,7776.21,8823.958,8892.503,9103.302,9407.393
Y837,255.81222159092192,2252.7,2225.8,2223.8,2215.3,2200.4
Y838,2967.4,2960.4,2966.7,2948.7,2937.2,2934.3
Y839,580.8936034118899,2737.4,2727.4,2734.2,2753.1,2775.5
Y840,4128.8,4128.4,4111.4,4089.5,4085.5,4088.7
Y841,681.1018608681325,3515.2,3558.7,3649.1,3726.4,3806.6
Y842,2861.3207,3006.3766,3338.1135,3594.9038,3727.0997,3910.5952
Y843,1885.1785374316194,3981.5,3961.7,3947.5,3913.7,3918.7
Y844,305.9024577282612,2548.9,2547.4,2547.2,2542.3,2554.8
Y845,3048.9972739396244,5152.2,5172.1,5156.9,5196.7,5202.1
Y846,5117.813286986054,7570.0,8110.0,8380.0,8670.0,8610.0
Y847,3100.0,3290.0,3510.0,3650.0,3750.0,3760.0
Y848,1660.0,1730.0,1780.0,1890.0,1910.0,1960.0
Y849,747.1036337114302,3080.0,3180.0,3240.0,3310.0,3350.0
Y850,7310.0,7580.0,7680.0,7760.0,7890.0,8060.0
Y851,1226.9111548028457,2910.0,2990.0,2990.0,3010.0,3100.0
Y852,369.02173539067235,1217.0,1225.0,1246.0,1247.0,1269.0
Y853,2815.9619998382486,4330.0,4340.0,4410.0,4460.0,4480.0
Y854,2906.3616983161405,4686.06,4331.26,4597.44,4951.34,6217.27
Y855,2392.54,2627.99,2556.52,2693.44,2575.83,2662.47
Y856,7574.5,9122.0,9413.2,8413.1,8540.1,8329.9
Y857,1006.133052502413,2270.0,2320.0,2330.0,2350.0,2450.0
Y858,90.93014833626111,1661.8,1630.4,1674.0,1695.2,1718.3
Y859,-155.5030523009613,1090.0,1053.0,1035.0,1022.0,1018.0
Y860,-8.111230191089362,1653.08,1648.67,1648.56,1649.57,1648.01
Y861,148.27880599727598,1264.86,1261.86,1264.07,1264.3,1265.17
Y862,658.2812042614551,1719.96,1754.35,1794.34,1826.49,1851.97
Y863,6281.31,6357.99,6493.18,6594.28,6690.94,6788.89
Y864,991.7443921482345,2604.0,2616.6,2609.2,2614.9,2606.6
Y865,4090.331349452362,6664.4,6670.0,6723.5,6798.3,6857.0
Y866,2637.81,2690.97,2743.39,2815.96,2891.47,2986.12
Y867,11462.0,11678.7,11910.6,12200.2,12541.8,12891.1
Y868,1059.0905545447777,4000.0,4280.0,4510.0,4630.0,4660.0
Y869,10069.484455382966,12977.8,13032.6,13065.3,13010.3,12968.2
Y870,3610.0,3670.0,3800.0,3870.0,3970.0,4110.0
Y871,521.565000533585,3380.0,3500.0,3640.0,3690.0,3740.0
Y872,80.33132238539247,3230.9,3244.0,3275.9,3291.1,3287.4
Y873,57.022728667598926,3193.75,3245.03,3303.4,3381.76,3463.12
Y874,-2.0720025790595287,3147.7,4716.8,4519.8,5246.2,4950.2
Y875,-1230.2159483895352,1437.888,1474.547,1516.423,1529.371,1620.523
Y876,4402.5030621296055,6250.64,6260.0,6349.65,6226.84,6610.1
Y877,1485.0,2160.82,2529.04,3866.69,3662.63,3773.29
Y878,-956.9841183489059,2023.39,2051.1,2100.0,2141.92,2237.18
Y879,5253.809482760315,7705.772,8062.639,8735.455,9004.192,9633.031
Y880,-599.220211645147,1874.9,1544.9,1602.7,1620.5,1669.0
Y881,1104.1468235509064,3369.0,3676.0,3558.0,3709.0,3267.0
Y882,-1022.0909448569064,1331.0,1384.0,1420.0,1454.0,1527.0
Y883,3343.7262244878043,4980.0,5190.0,5350.0,5500.0,5610.0
Y884,2620.0,2676.0,2768.0,2859.0,2965.0,3079.0
Y885,1497.3316521293414,2920.36,2961.44,2971.16,2931.22,3359.82
Y886,687.8405563556109,1570.0,1560.0,1590.0,1700.0,1770.0
Y887,171.03173613768695,1196.0,1222.0,1273.0,1321.0,1364.0
Y888,3810.4,3846.4,3871.1,3924.3,3979.7,4052.2
Y889,7538.13,7627.01,8434.26,8686.19,9003.51,9404.13
Y890,54.5416458712229,1746.8,1783.6,1816.8,1857.7,1879.3
Y891,-172.55420907522776,1212.49,1216.01,1221.65,1234.19,1254.67
Y892,1220.15,1224.82,1229.42,1231.97,1231.59,1241.08
Y893,6312.607757302241,7952.72,8077.76,8191.73,8315.61,8423.04
Y894,716.0133242299751,2834.2,2860.98,2898.99,2950.39,2994.53
Y895,4593.36,4717.37,4850.04,4995.74,5190.54,5375.59
Y896,-585.8955197836048,1666.9,1645.5,1642.8,1644.8,1665.9
Y897,1975.149649606181,3800.0,6800.0,4800.0,7200.0,4300.0
Y898,2990.997915435793,4600.0,4400.0,12500.0,8200.0,8200.0
Y899,-842.3235774484451,460.0,530.0,670.0,380.0,440.0
Y900,4049.5969190627775,4500.0,4800.0,4000.0,3700.0,4800.0
Y901,-686.6746910180718,575.0,688.0,534.0,538.0,500.0
Y902,-378.4495080380289,1111.0,1309.0,1688.0,1518.0,1378.0
Y903,-266.32721541214244,723.0,954.0,1166.0,1325.0,1319.0
Y904,2400.0,3000.0,3100.0,5100.0,4700.0,3600.0
Y905,120.01478739573764,919.0,1389.0,1793.0,1693.0,1650.0
Y906,630.0,540.0,570.0,850.0,1060.0,1300.0
Y907,830.0,700.0,1490.0,2290.0,2450.0,2950.0
Y908,1258.6446527224568,2400.0,5000.0,2600.0,1700.0,2800.0
Y909,1035.0,1020.0,804.0,743.0,781.0,799.0
Y910,1010.1264766894378,2100.0,2000.0,4800.0,1400.0,1200.0
Y911,3415.539117131807,4500.0,4400.0,4100.0,4300.0,6300.0
Y912,4000.0,3600.0,3500.0,4800.0,3200.0,3100.0
Y913,101.06038591813068,1640.0,2020.0,2760.0,2680.0,3120.0
Y914,735.0210136918122,2400.0,2300.0,1800.0,2800.0,3000.0
Y915,5103.6133986084105,6300.0,6300.0,10100.0,5600.0,9500.0
Y916,424.0,356.0,389.0,486.0,487.0,578.0
Y917,-650.7213178140755,481.0,479.0,607.0,489.0,472.0
Y918,-621.2305173388069,771.0,993.0,2028.0,2731.0,2296.0
Y919,1090.0,850.0,650.0,780.0,800.0,750.0
Y920,960.0,750.0,690.0,980.0,780.0,1100.0
Y921,9200.0,8800.0,6200.0,6900.0,7200.0,5500.0
Y922,2864.4306829790003,3410.0,2980.0,4310.0,4790.0,3920.0
Y923,1180.0,1360.0,1100.0,1760.0,1790.0,2220.0
Y924,2385.4843798702614,2700.0,2700.0,3600.0,2700.0,2700.0
Y925,2346.421057094257,3600.0,7500.0,3900.0,3500.0,3100.0
Y926,-1043.7656221407417,510.0,360.0,440.0,330.0,380.0
Y927,1320.0,1420.0,1530.0,2880.0,3650.0,4360.0
Y928,2516.462845418812,3800.0,2800.0,3800.0,2600.0,2600.0
Y929,-23.31539504218256,1200.0,1800.0,2900.0,1600.0,3500.0
Y930,-74.24160328124222,1590.0,2620.0,3390.0,3130.0,3390.0
Y931,-225.4334454426295,780.0,950.0,450.0,400.0,600.0
Y932,1233.9488349715773,2700.0,3500.0,2500.0,2200.0,6400.0
Y933,198.4976115874075,1350.0,1590.0,2880.0,2820.0,3500.0
Y934,1020.0,860.0,350.0,600.0,660.0,490.0
Y935,4465.546948336394,5150.0,7070.0,8990.0,7830.0,7020.0
Y936,283.5150199128386,797.0,850.0,1014.0,997.0,989.0
Y937,-266.68310972157747,1610.0,2130.0,3700.0,2940.0,3490.0
Y938,-249.66289105625737,1940.0,2570.0,1940.0,2140.0,1950.0
Y939,1280.0,860.0,790.0,1240.0,790.0,960.0
Y940,-830.6721075800797,980.0,840.0,1100.0,1100.0,940.0
Y941,1900.0,3200.0,2300.0,2800.0,4100.0,2600.0
Y942,7098.003795373925,8760.0,8810.0,11050.0,12700.0,14060.0
Y943,3523.3605259259716,4700.0,5900.0,6300.0,7100.0,7600.0
Y944,212.92876967953555,1790.0,1880.0,2100.0,2620.0,2990.0
Y945,7400.0,6900.0,9600.0,10900.0,10900.0,12700.0
Y946,2300.0,1500.0,1700.0,1900.0,1100.0,9100.0
Y947,2220.0,1630.0,2370.0,1980.0,1950.0,1940.0
Y948,568.1092391773793,1420.0,1320.0,1610.0,2360.0,2700.0
Y949,-1081.449134547667,580.0,760.0,890.0,570.0,3170.0
Y950,-1504.863700708483,860.0,1220.0,1112.0,946.0,1003.0
Y951,1656.0,1591.0,1935.0,1967.0,2543.0,2986.0
Y952,4386.854660087359,6831.6,6849.7,6934.1,6979.8,7069.9
Y953,-183.2140780382826,2556.39,2600.15,2638.61,2670.18,2697.21
Y954,-1602.8490708520187,1868.0,2408.0,2877.0,3826.0,3830.0
Y955,5985.944121620716,9020.0,9430.0,10060.0,10710.0,11530.0
Y956,5637.620230379483,9170.0,9390.0,9610.0,9850.0,10130.0
Y957,10240.0,10710.0,11190.0,11650.0,11950.0,12370.0
Y958,-994.8807702604186,1960.0,2000.0,2000.0,2010.0,2050.0
Y959,6655.180906166194,9430.0,9500.0,9610.0,9860.0,10120.0
Y960,-649.7521919730043,1720.0,1740.0,1800.0,1880.0,2010.0
Y961,-1802.9200438395242,1240.0,1200.0,1240.0,1320.0,1360.0
Y962,2040.0,2060.0,2130.0,2160.0,2140.0,2180.0
Y963,927.4518469403841,3120.0,3260.0,3330.0,3460.0,3550.0
Y964,-722.6211267771182,1961.0,2040.0,2145.0,2244.0,2390.0
Y965,183.92489110403204,2666.0,2621.0,2651.0,2703.0,2771.0
Y966,68.16896137428759,2790.0,2800.0,2890.0,3100.0,3310.0
Y967,579.7120984202837,2850.0,3660.0,3880.0,4190.0,3510.0
Y968,-1932.2101624663198,796.0,1369.0,1540.0,1222.0,1423.0
Y969,5653.700903430072,7900.0,5400.0,6200.0,7600.0,7900.0
Y970,1941.145467651566,3830.0,3990.0,4210.0,4460.0,4550.0
Y971,4196.472033347603,5955.6,5935.8,5919.5,5894.0,5861.2
Y972,1708.142703257331,3211.9,3244.9,3219.8,3206.2,3191.4
Y973,2801.9,2817.8,2827.2,2818.2,2806.8,2785.2
Y974,600.0,470.0,880.0,1420.0,1270.0,1360.0
Y975,2173.9,2144.8,2134.8,2164.1,2191.7,2225.3
Y976,9459.7,9484.2,9569.1,9678.2,9736.9,9765.3
Y977,-727.428288127637,958.09,965.48,961.62,959.55,962.01
Y978,7246.585441790124,9296.8,9304.7,9376.1,9397.9,9440.9
Y979,615.8155150020942,2900.0,2500.0,1900.0,2200.0,1700.0
Y980,810.0,880.0,720.0,750.0,870.0,920.0
Y981,1161.245330643013,4429.76,4457.28,4491.2,4508.79,4527.45
Y982,2960.0,2960.0,3020.0,3050.0,3090.0,3160.0
Y983,3940.0,3950.0,3940.0,3920.0,3970.0,3900.0
Y984,6408.531399072677,9210.0,9220.0,9260.0,9280.0,9320.0
Y985,8616.832725267857,11860.0,12070.0,11840.0,11600.0,12140.0
Y986,8990.0,8940.0,8880.0,8820.0,8560.0,8560.0
Y987,7767.198212138251,10570.6,10703.0,10858.9,11039.4,11190.1
Y988,-374.9920914638219,2378.9,2367.6,2345.3,2344.1,2335.3
Y989,5362.6,5434.5,5454.3,5495.8,5574.0,5648.2
Y990,1370.0,1260.0,1090.0,1050.0,970.0,970.0
Y991,-435.097824750438,870.0,1060.0,1190.0,1240.0,1240.0
Y992,1700.0,1300.0,1400.0,1500.0,1100.0,2000.0
Y993,3470.0,3190.0,2810.0,1740.0,1900.0,1510.0
Y994,522.0765133794634,445.0,644.0,794.0,1028.0,993.0
Y995,290.0,800.0,1100.0,140.0,220.0,270.0
Y996,758.3214852809284,758.0,1502.0,1877.0,1936.0,2112.0
Y997,320.12096036337454,320.0,410.0,1420.0,1050.0,2150.0
Y998,1530.55895072025,1530.0,2720.0,3780.0,4030.0,4630.0
Y999,468.9318938742926,469.0,328.0,483.0,437.0,458.0
Y1000,173.0,114.0,194.0,285.0,405.0,413.0
