file,Mutual_Information_target
dirty-mean-5.csv,5.251348156355463
dirty-mean-10.csv,4.9472399833576315
dirty-mean-15.csv,4.65339408311498
dirty-mean-20.csv,4.287621727574908
dirty-mean-25.csv,3.966782979396332
dirty-mean-30.csv,3.6359711875404646
dirty-mean-35.csv,3.3518274752127617
dirty-mean-40.csv,3.041279693002103
dirty-mean-45.csv,2.7125136061913966
dirty-mean-50.csv,2.3942735507351247
dirty-mean-55.csv,2.0834063819946818
dirty-mean-60.csv,1.7917447447791188
dirty-mean-65.csv,1.477272439207531
dirty-mean-70.csv,1.2277717567965398
dirty-mean-75.csv,0.9526294714671986
dirty-mean-80.csv,0.7196961610188284
dirty-mean-85.csv,0.47891510624084965
dirty-mean-90.csv,0.257115675483222
dirty-mean-95.csv,0.07174292030587903
dirty-median-5.csv,5.248223539481739
dirty-median-10.csv,4.944652621963812
dirty-median-15.csv,4.654056703148141
dirty-median-20.csv,4.280717214007751
dirty-median-25.csv,3.9666650418727656
dirty-median-30.csv,3.6365077373360335
dirty-median-35.csv,3.357807135819562
dirty-median-40.csv,3.035150844925685
dirty-median-45.csv,2.7054132869385747
dirty-median-50.csv,2.3883638679857353
dirty-median-55.csv,2.0832178763353477
dirty-median-60.csv,1.7850896058551875
dirty-median-65.csv,1.4775420861244015
dirty-median-70.csv,1.2089403905569842
dirty-median-75.csv,0.9502037437357123
dirty-median-80.csv,0.7270133035370963
dirty-median-85.csv,0.4793755154061916
dirty-median-90.csv,0.2637986507017267
dirty-median-95.csv,0.06978510362649804
dirty-mode-5.csv,5.239010426458759
dirty-mode-10.csv,4.923081725958106
dirty-mode-15.csv,4.633895552605075
dirty-mode-20.csv,4.260069876069497
dirty-mode-25.csv,3.9374129288728144
dirty-mode-30.csv,3.6568994603499565
dirty-mode-35.csv,3.3342032453576644
dirty-mode-40.csv,3.019580610968175
dirty-mode-45.csv,2.6876844573268355
dirty-mode-50.csv,2.3837921732757827
dirty-mode-55.csv,2.075060216578653
dirty-mode-60.csv,1.7702163477636041
dirty-mode-65.csv,1.595897958007205
dirty-mode-70.csv,1.2089403905569842
dirty-mode-75.csv,1.0155372012739612
dirty-mode-80.csv,0.8215974234495862
dirty-mode-85.csv,0.5077423032817405
dirty-mode-90.csv,0.25729732699434216
dirty-mode-95.csv,0.11628384959540483
dirty-knn-5.csv,5.221451841391563
dirty-knn-10.csv,4.829026496036191
dirty-knn-15.csv,4.505425345126778
dirty-knn-20.csv,4.129517076265955
dirty-knn-25.csv,3.78503755356532
dirty-knn-30.csv,3.48616367111738
dirty-knn-35.csv,3.2234902699384964
dirty-knn-40.csv,2.91454282545249
dirty-knn-45.csv,2.604672580154144
dirty-knn-50.csv,2.3831920758058707
dirty-knn-55.csv,2.0995457851742576
dirty-knn-60.csv,1.9324283510690003
dirty-knn-65.csv,1.541269998286607
dirty-knn-70.csv,1.3869986618386538
dirty-knn-75.csv,1.1059489708719634
dirty-knn-80.csv,0.9707517021078496
dirty-knn-85.csv,0.7953998958116117
dirty-knn-90.csv,0.648603370772022
dirty-knn-95.csv,0.43613025721208
dirty-hdi-5.csv,5.2583636018334765
dirty-hdi-10.csv,4.9204612254874585
dirty-hdi-15.csv,4.660508449591208
dirty-hdi-20.csv,4.289856506994441
dirty-hdi-25.csv,3.9860063252131663
dirty-hdi-30.csv,3.697620385250526
dirty-hdi-35.csv,3.431189608198372
dirty-hdi-40.csv,3.179579483692432
dirty-hdi-45.csv,2.840593490461606
dirty-hdi-50.csv,2.6079905314295893
dirty-hdi-55.csv,2.270191427334031
dirty-hdi-60.csv,2.082167664847995
dirty-hdi-65.csv,1.8278897040050204
dirty-hdi-70.csv,1.55059815700774
dirty-hdi-75.csv,1.280373293406198
dirty-hdi-80.csv,1.0966749945032204
dirty-hdi-85.csv,0.8398960001641536
dirty-hdi-90.csv,0.6666442373702077
dirty-hdi-95.csv,0.4910479596664268
dirty-mice-5.csv,5.198401113511139
dirty-mice-10.csv,4.807743461099449
dirty-mice-15.csv,4.446041125806159
dirty-mice-20.csv,4.137396481830239
dirty-mice-25.csv,3.77872697692042
dirty-mice-30.csv,3.449224751463026
dirty-mice-35.csv,3.1746656129138753
dirty-mice-40.csv,2.87354692364179
dirty-mice-45.csv,2.6077017521696346
dirty-mice-50.csv,2.3482740600310255
dirty-mice-55.csv,2.056989045336701
dirty-mice-60.csv,1.869272812626531
dirty-mice-65.csv,1.5190260135173044
dirty-mice-70.csv,1.3733715906523676
dirty-mice-75.csv,1.1478440311066658
dirty-mice-80.csv,1.0518980408268117
dirty-mice-85.csv,0.8497873151753441
dirty-mice-90.csv,0.6614368558342707
dirty-mice-95.csv,0.3873383898127587
dirty-iim-5.csv,5.248309245499679
dirty-iim-10.csv,4.866017580362853
dirty-iim-15.csv,4.529145977709144
dirty-iim-20.csv,4.164663161229066
dirty-iim-25.csv,3.8472513167630593
dirty-iim-30.csv,3.6065843205408927
dirty-iim-35.csv,3.2789579077278046
dirty-iim-40.csv,3.0682392547237867
dirty-iim-45.csv,2.7459080558796964
dirty-iim-50.csv,2.5088037575812074
dirty-iim-55.csv,2.2382499536930975
dirty-iim-60.csv,2.068263848660184
dirty-iim-65.csv,1.7724837415933141
dirty-iim-70.csv,1.524036410453546
dirty-iim-75.csv,1.3536023486224105
dirty-iim-80.csv,1.2038795010952223
dirty-iim-85.csv,1.0936636897234755
dirty-iim-90.csv,0.8712646128376447
dirty-iim-95.csv,0.7209713836220817
dirty-si-5.csv,5.189415975575951
dirty-si-10.csv,4.888347576601063
dirty-si-15.csv,4.565110170376403
dirty-si-20.csv,4.254102746289696
dirty-si-25.csv,3.955638355670267
dirty-si-30.csv,3.6150536511017086
dirty-si-35.csv,3.4138525555253856
dirty-si-40.csv,3.1179116376890366
dirty-si-45.csv,2.9333474405724425
dirty-si-50.csv,2.59076589063279
dirty-si-55.csv,2.3386811908563865
dirty-si-60.csv,2.1294169330066204
dirty-si-65.csv,1.7689928004430602
dirty-si-70.csv,1.6012855626160314
dirty-si-75.csv,1.4530541353263127
dirty-si-80.csv,1.127904378389399
dirty-si-85.csv,1.0622290297638415
dirty-si-90.csv,0.7404493377087196
dirty-si-95.csv,0.1365546538604887
dirty-mfi-5.csv,5.152523364315185
dirty-mfi-10.csv,4.785578207763773
dirty-mfi-15.csv,4.505249146287047
dirty-mfi-20.csv,4.036246741597197
dirty-mfi-25.csv,3.785665572588326
dirty-mfi-30.csv,3.3829049994169105
dirty-mfi-35.csv,3.147134380858392
dirty-mfi-40.csv,2.8115434298877484
dirty-mfi-45.csv,2.528821544060863
dirty-mfi-50.csv,2.155590353748378
dirty-mfi-55.csv,2.0320303828187245
dirty-mfi-60.csv,1.7816495521252538
dirty-mfi-65.csv,1.4041646084184634
dirty-mfi-70.csv,1.2342314378969697
dirty-mfi-75.csv,0.8222135504328922
dirty-mfi-80.csv,0.7263364335887399
dirty-mfi-85.csv,0.531105091136904
dirty-mfi-90.csv,0.2737477485229949
dirty-mfi-95.csv,0.11816311867110318
dirty-missfi-5.csv,5.275411483043841
dirty-missfi-10.csv,4.975775467065155
dirty-missfi-15.csv,4.697714284707524
dirty-missfi-20.csv,4.353086976050776
dirty-missfi-25.csv,4.071846020286746
dirty-missfi-30.csv,3.7589764266651002
dirty-missfi-35.csv,3.61575685953136
dirty-missfi-40.csv,3.2137580839683273
dirty-missfi-45.csv,2.976785507568512
dirty-missfi-50.csv,2.7723581017349384
dirty-missfi-55.csv,2.5302742808591687
dirty-missfi-60.csv,2.2609537906273918
dirty-missfi-65.csv,1.913642220228084
dirty-missfi-70.csv,1.7887577166112312
dirty-missfi-75.csv,1.5296947997498123
dirty-missfi-80.csv,1.376091411726485
dirty-missfi-85.csv,1.1964995116399413
dirty-missfi-90.csv,1.0031733267863654
dirty-missfi-95.csv,0.791981031245728
dirty-xgbi-5.csv,5.321059410589503
dirty-xgbi-10.csv,5.0421912657448
dirty-xgbi-15.csv,4.749221342882059
dirty-xgbi-20.csv,4.421369140529482
dirty-xgbi-25.csv,4.14175690170537
dirty-xgbi-30.csv,3.8968833862360275
dirty-xgbi-35.csv,3.6868121645115677
dirty-xgbi-40.csv,3.353064007416286
dirty-xgbi-45.csv,3.0605742877361677
dirty-xgbi-50.csv,2.8897107671520703
dirty-xgbi-55.csv,2.5903332223372026
dirty-xgbi-60.csv,2.395508140739945
dirty-xgbi-65.csv,2.08898072795462
dirty-xgbi-70.csv,1.8907899198901532
dirty-xgbi-75.csv,1.6403426237275105
dirty-xgbi-80.csv,1.5753400894080585
dirty-xgbi-85.csv,1.248304519794818
dirty-xgbi-90.csv,1.0221674063194683
dirty-xgbi-95.csv,0.8764191744314744
dirty-gain-5.csv,5.163037238085438
dirty-gain-10.csv,4.766954966353001
dirty-gain-15.csv,4.500451736202017
dirty-gain-20.csv,4.047195427373377
dirty-gain-25.csv,3.6454109596222635
dirty-gain-30.csv,3.2672023206409273
dirty-gain-35.csv,3.013483697694021
dirty-gain-40.csv,2.7541924824675763
dirty-gain-45.csv,2.6121355571456655
dirty-gain-50.csv,2.0333209434468165
dirty-gain-55.csv,1.9220757081195532
dirty-gain-60.csv,1.682368390413897
dirty-gain-65.csv,1.3806013653671547
dirty-gain-70.csv,1.124532278141333
dirty-gain-75.csv,0.8752876634905817
dirty-gain-80.csv,0.6924770269373601
dirty-gain-85.csv,0.45630896298998813
dirty-gain-90.csv,0.21472844269586044
dirty-gain-95.csv,0.07492615880061493
dirty-midae-5.csv,5.251348156355463
dirty-midae-10.csv,4.9472399833576315
dirty-midae-15.csv,4.65339408311498
dirty-midae-20.csv,4.287621727574908
dirty-midae-25.csv,3.966782979396332
dirty-midae-30.csv,3.6359711875404646
dirty-midae-35.csv,3.3518274752127617
dirty-midae-40.csv,3.041279693002103
dirty-midae-45.csv,2.7125136061913966
dirty-midae-50.csv,2.3942735507351247
dirty-midae-55.csv,2.0834063819946818
dirty-midae-60.csv,1.7917447447791188
dirty-midae-65.csv,1.477272439207531
dirty-midae-70.csv,1.2277717567965398
dirty-midae-75.csv,0.9526294714671986
dirty-midae-80.csv,0.7196961610188284
dirty-midae-85.csv,0.47891510624084965
dirty-midae-90.csv,0.257115675483222
dirty-midae-95.csv,0.07174292030587903
