Rings,Sex,Length,Diameter,Height,Whole_weight,Shucked_weight,Viscera_weight,Shell_weight
9.458290980324866,1,0.455,0.365,0.095,0.514,0.2245,0.101,0.15
8.71440289002,1,0.35,0.265,0.09,0.2255,0.0995,0.0485,0.07
11.081144319778764,-1,0.53,0.42,0.135,0.677,0.2565,0.1415,0.21
10.0,1,0.44,0.365,0.125,0.516,0.2155,0.114,0.155
7.0,0,0.33,0.255,0.08,0.205,0.0895,0.0395,0.055
8.0,0,0.425,0.3,0.095,0.3515,0.141,0.0775,0.12
13.316440628684791,-1,0.53,0.415,0.15,0.7775,0.237,0.1415,0.33
16.0,-1,0.545,0.425,0.125,0.768,0.294,0.1495,0.26
9.577116274443453,1,0.475,0.37,0.125,0.5095,0.2165,0.1125,0.165
13.103647478952325,-1,0.55,0.44,0.15,0.8945,0.3145,0.151,0.32
12.956743005433037,-1,0.525,0.38,0.14,0.6065,0.194,0.1475,0.21
7.931317994410115,1,0.43,0.35,0.11,0.406,0.1675,0.081,0.135
12.961878380180993,1,0.49,0.38,0.135,0.5415,0.2175,0.095,0.19
11.284140610456683,-1,0.535,0.405,0.145,0.6845,0.2725,0.171,0.205
12.835719272579986,-1,0.47,0.355,0.1,0.4755,0.1675,0.0805,0.185
11.608140964469412,1,0.5,0.4,0.13,0.6645,0.258,0.133,0.24
8.924421932322355,0,0.355,0.28,0.085,0.2905,0.095,0.0395,0.115
9.905528427428594,-1,0.44,0.34,0.1,0.451,0.188,0.087,0.13
7.0,1,0.365,0.295,0.08,0.2555,0.097,0.043,0.1
7.672010141182248,1,0.45,0.32,0.1,0.381,0.1705,0.075,0.115
11.0,1,0.355,0.28,0.095,0.2455,0.0955,0.062,0.075
10.0,0,0.38,0.275,0.1,0.2255,0.08,0.049,0.085
11.640727945357433,-1,0.565,0.44,0.155,0.9395,0.4275,0.214,0.27
9.0,-1,0.55,0.415,0.135,0.7635,0.318,0.21,0.2
12.128125119684116,-1,0.615,0.48,0.165,1.1615,0.513,0.301,0.305
11.0,-1,0.56,0.44,0.14,0.9285,0.3825,0.188,0.3
11.0,-1,0.58,0.45,0.185,0.9955,0.3945,0.272,0.285
11.774606954019754,1,0.59,0.445,0.14,0.931,0.356,0.234,0.28
11.313372271950021,1,0.605,0.475,0.18,0.9365,0.394,0.219,0.295
8.986279630780079,1,0.575,0.425,0.14,0.8635,0.393,0.227,0.2
13.023303242060388,1,0.58,0.47,0.165,0.9975,0.3935,0.242,0.33
15.150380954552432,-1,0.68,0.56,0.165,1.639,0.6055,0.2805,0.46
18.0,1,0.665,0.525,0.165,1.338,0.5515,0.3575,0.35
19.0,-1,0.68,0.55,0.175,1.798,0.815,0.3925,0.455
13.0,-1,0.705,0.55,0.2,1.7095,0.633,0.4115,0.49
8.0,1,0.465,0.355,0.105,0.4795,0.227,0.124,0.125
11.91583720909375,-1,0.54,0.475,0.155,1.217,0.5305,0.3075,0.34
8.10299773344812,-1,0.45,0.355,0.105,0.5225,0.237,0.1165,0.145
11.0,-1,0.575,0.445,0.135,0.883,0.381,0.2035,0.26
9.0,1,0.355,0.29,0.09,0.3275,0.134,0.086,0.09
9.961120510952163,-1,0.45,0.335,0.105,0.425,0.1865,0.091,0.115
12.774549863940923,-1,0.55,0.425,0.135,0.8515,0.362,0.196,0.27
5.0,0,0.24,0.175,0.045,0.07,0.0315,0.0235,0.02
4.135493525346987,0,0.205,0.15,0.055,0.042,0.0255,0.015,0.012
4.448786949215257,0,0.21,0.15,0.05,0.042,0.0175,0.0125,0.015
8.929519064546685,0,0.39,0.295,0.095,0.203,0.0875,0.045,0.075
8.004666785576752,1,0.47,0.37,0.12,0.5795,0.293,0.227,0.14
9.551549069729205,-1,0.46,0.375,0.12,0.4605,0.1775,0.11,0.15
6.0,0,0.325,0.245,0.07,0.161,0.0755,0.0255,0.045
12.558523157387544,-1,0.525,0.425,0.16,0.8355,0.3545,0.2135,0.245
12.815218386640533,0,0.52,0.41,0.12,0.595,0.2385,0.111,0.19
8.372162226931069,1,0.4,0.32,0.095,0.303,0.1335,0.06,0.1
10.0,1,0.485,0.36,0.13,0.5415,0.2595,0.096,0.16
9.516767240968287,-1,0.47,0.36,0.12,0.4775,0.2105,0.1055,0.15
7.0,1,0.405,0.31,0.1,0.385,0.173,0.0915,0.11
11.125799238376521,-1,0.5,0.4,0.14,0.6615,0.2565,0.1755,0.22
7.800820778410488,1,0.445,0.35,0.12,0.4425,0.192,0.0955,0.135
8.0,1,0.47,0.385,0.135,0.5895,0.2765,0.12,0.17
4.0,0,0.245,0.19,0.06,0.086,0.042,0.014,0.025
9.8100568974879,-1,0.505,0.4,0.125,0.583,0.246,0.13,0.175
7.0,1,0.45,0.345,0.105,0.4115,0.18,0.1125,0.135
8.16674310952956,1,0.505,0.405,0.11,0.625,0.305,0.16,0.175
10.0,-1,0.53,0.41,0.13,0.6965,0.302,0.1935,0.2
7.649482068782788,1,0.425,0.325,0.095,0.3785,0.1705,0.08,0.1
11.67890824081058,1,0.52,0.4,0.12,0.58,0.234,0.1315,0.185
7.797780536621471,1,0.475,0.355,0.12,0.48,0.234,0.1015,0.135
12.301752805011528,-1,0.565,0.44,0.16,0.915,0.354,0.1935,0.32
15.703637361566718,-1,0.595,0.495,0.185,1.285,0.416,0.224,0.485
10.0,-1,0.475,0.39,0.12,0.5305,0.2135,0.1155,0.17
6.8561026605933,0,0.31,0.235,0.07,0.151,0.063,0.0405,0.045
12.91943670158423,1,0.555,0.425,0.13,0.7665,0.264,0.168,0.275
8.0,-1,0.4,0.32,0.11,0.353,0.1405,0.0985,0.1
15.40718933098838,-1,0.595,0.475,0.17,1.247,0.48,0.225,0.425
11.0,1,0.57,0.48,0.175,1.185,0.474,0.261,0.38
12.496179658243129,-1,0.605,0.45,0.195,1.098,0.481,0.2895,0.315
13.737455270067223,-1,0.6,0.475,0.15,1.0075,0.4425,0.221,0.28
12.308580141662736,1,0.595,0.475,0.14,0.944,0.3625,0.189,0.315
10.0,-1,0.6,0.47,0.15,0.922,0.363,0.194,0.305
13.29170138685027,-1,0.555,0.425,0.14,0.788,0.282,0.1595,0.285
12.581936513973492,-1,0.615,0.475,0.17,1.1025,0.4695,0.2355,0.345
11.5573556683586,-1,0.575,0.445,0.14,0.941,0.3845,0.252,0.285
17.976688926304902,1,0.62,0.51,0.175,1.615,0.5105,0.192,0.675
16.0,-1,0.52,0.425,0.165,0.9885,0.396,0.225,0.32
21.0,1,0.595,0.475,0.16,1.3175,0.408,0.234,0.58
14.01220067574407,1,0.58,0.45,0.14,1.013,0.38,0.216,0.36
18.59605110947532,-1,0.57,0.465,0.18,1.295,0.339,0.2225,0.44
13.05178820875386,1,0.625,0.465,0.14,1.195,0.4825,0.205,0.4
10.0,1,0.56,0.44,0.16,0.8645,0.3305,0.2075,0.26
9.504400463696827,-1,0.46,0.355,0.13,0.517,0.2205,0.114,0.165
13.904616837564806,-1,0.575,0.45,0.16,0.9775,0.3135,0.231,0.33
12.094344606790637,1,0.565,0.425,0.135,0.8115,0.341,0.1675,0.255
12.529497471830375,1,0.555,0.44,0.15,0.755,0.307,0.1525,0.26
14.718999338565236,1,0.595,0.465,0.175,1.115,0.4015,0.254,0.39
13.941005358376529,-1,0.625,0.495,0.165,1.262,0.507,0.318,0.39
14.427230266366182,1,0.695,0.56,0.19,1.494,0.588,0.3425,0.485
14.183550691955027,1,0.665,0.535,0.195,1.606,0.5755,0.388,0.48
12.137848969197558,1,0.535,0.435,0.15,0.725,0.269,0.1385,0.25
8.41071841883009,1,0.47,0.375,0.13,0.523,0.214,0.132,0.145
7.0,1,0.47,0.37,0.13,0.5225,0.201,0.133,0.165
10.0,-1,0.475,0.375,0.125,0.5785,0.2775,0.085,0.155
7.0,0,0.36,0.265,0.095,0.2315,0.105,0.046,0.075
11.735400839307463,1,0.55,0.435,0.145,0.843,0.328,0.1915,0.255
14.341756101981952,1,0.53,0.435,0.16,0.883,0.316,0.164,0.335
9.707390809115381,1,0.53,0.415,0.14,0.724,0.3105,0.1675,0.205
12.088281626806705,1,0.605,0.47,0.16,1.1735,0.4975,0.2405,0.345
10.467938721963124,-1,0.52,0.41,0.155,0.727,0.291,0.1835,0.235
12.243791785488304,-1,0.545,0.43,0.165,0.802,0.2935,0.183,0.28
10.0,-1,0.5,0.4,0.125,0.6675,0.261,0.1315,0.22
13.197945612402348,-1,0.51,0.39,0.135,0.6335,0.231,0.179,0.2
9.0,-1,0.435,0.395,0.105,0.3635,0.136,0.098,0.13
9.0,1,0.495,0.395,0.125,0.5415,0.2375,0.1345,0.155
10.406656660093743,1,0.465,0.36,0.105,0.431,0.172,0.107,0.175
7.644288853594413,0,0.435,0.32,0.08,0.3325,0.1485,0.0635,0.105
9.0,1,0.425,0.35,0.105,0.393,0.13,0.063,0.165
9.759840221039319,-1,0.545,0.41,0.125,0.6935,0.2975,0.146,0.21
11.444797976712318,-1,0.53,0.415,0.115,0.5915,0.233,0.1585,0.18
11.0,-1,0.49,0.375,0.135,0.6125,0.2555,0.102,0.22
10.0,1,0.44,0.34,0.105,0.402,0.1305,0.0955,0.165
12.797827446629054,-1,0.56,0.43,0.15,0.8825,0.3465,0.172,0.31
8.212231601756208,1,0.405,0.305,0.085,0.2605,0.1145,0.0595,0.085
9.854170167702344,-1,0.47,0.365,0.105,0.4205,0.163,0.1035,0.14
7.8584646632834225,0,0.385,0.295,0.085,0.2535,0.103,0.0575,0.085
12.132371933342245,-1,0.515,0.425,0.14,0.766,0.304,0.1725,0.255
8.83859440389925,1,0.37,0.265,0.075,0.214,0.09,0.051,0.07
8.629853157003648,0,0.36,0.28,0.08,0.1755,0.081,0.0505,0.07
4.580000455960958,0,0.27,0.195,0.06,0.073,0.0285,0.0235,0.03
7.415129163378654,0,0.375,0.275,0.09,0.238,0.1075,0.0545,0.07
7.603146416237994,0,0.385,0.29,0.085,0.2505,0.112,0.061,0.08
19.0,1,0.7,0.535,0.16,1.7255,0.63,0.2635,0.54
18.304132612238984,1,0.71,0.54,0.165,1.959,0.7665,0.261,0.78
17.0,1,0.595,0.48,0.165,1.262,0.4835,0.283,0.41
10.13392003261653,-1,0.44,0.35,0.125,0.4035,0.175,0.063,0.129
7.0,-1,0.325,0.26,0.09,0.1915,0.085,0.036,0.062
7.577775361448216,0,0.35,0.26,0.095,0.211,0.086,0.056,0.068
7.0,0,0.265,0.2,0.065,0.0975,0.04,0.0205,0.028
10.083745641270223,-1,0.425,0.33,0.115,0.406,0.1635,0.081,0.1355
6.905199862812565,-1,0.305,0.23,0.08,0.156,0.0675,0.0345,0.048
9.0,1,0.345,0.255,0.09,0.2005,0.094,0.0295,0.063
9.83568620969219,-1,0.405,0.325,0.11,0.3555,0.151,0.063,0.117
9.46587013320658,1,0.375,0.285,0.095,0.253,0.096,0.0575,0.0925
11.8024027606181,-1,0.565,0.445,0.155,0.826,0.341,0.2055,0.2475
10.0,-1,0.55,0.45,0.145,0.741,0.295,0.1435,0.2665
16.0,1,0.65,0.52,0.19,1.3445,0.519,0.306,0.4465
11.999554817859533,1,0.56,0.455,0.155,0.797,0.34,0.19,0.2425
10.0,1,0.475,0.375,0.13,0.5175,0.2075,0.1165,0.17
9.891850176465791,-1,0.49,0.38,0.125,0.549,0.245,0.1075,0.174
9.521273139209734,1,0.46,0.35,0.12,0.515,0.224,0.108,0.1565
9.0,0,0.28,0.205,0.08,0.127,0.052,0.039,0.042
5.0,0,0.175,0.13,0.055,0.0315,0.0105,0.0065,0.0125
4.0,0,0.17,0.13,0.095,0.03,0.013,0.008,0.01
15.0,1,0.59,0.475,0.145,1.053,0.4415,0.262,0.325
12.752116509015448,-1,0.605,0.5,0.185,1.1185,0.469,0.2585,0.335
10.0,-1,0.635,0.515,0.19,1.3715,0.5065,0.305,0.45
13.428459276395433,-1,0.605,0.485,0.16,1.0565,0.37,0.2355,0.355
13.150974765954546,-1,0.565,0.45,0.135,0.9885,0.387,0.1495,0.31
9.255170969366835,1,0.515,0.405,0.13,0.722,0.32,0.131,0.21
12.787316322839626,-1,0.575,0.46,0.19,0.994,0.392,0.2425,0.34
17.948631250393795,1,0.645,0.485,0.215,1.514,0.546,0.2615,0.635
11.005770019964238,-1,0.58,0.455,0.17,0.9075,0.374,0.2135,0.285
18.11400775552389,-1,0.575,0.46,0.165,1.124,0.2985,0.1785,0.44
13.0,1,0.605,0.465,0.165,1.056,0.4215,0.2475,0.34
12.241241405234819,-1,0.605,0.485,0.16,1.222,0.53,0.2575,0.28
12.234630123785994,1,0.61,0.485,0.175,1.2445,0.544,0.297,0.345
18.223433747995497,-1,0.725,0.56,0.21,2.141,0.65,0.398,1.005
17.758782928581642,-1,0.65,0.545,0.23,1.752,0.5605,0.2895,0.815
18.89153549266616,1,0.725,0.57,0.19,2.55,1.0705,0.483,0.725
20.0,-1,0.725,0.575,0.175,2.124,0.765,0.4515,0.85
17.958082609506544,-1,0.68,0.57,0.205,1.842,0.625,0.408,0.65
18.064455611145362,1,0.705,0.56,0.22,1.981,0.8175,0.3085,0.76
17.483228206601165,-1,0.68,0.515,0.175,1.6185,0.5125,0.409,0.62
19.924453678696796,1,0.695,0.55,0.215,1.9565,0.7125,0.541,0.59
7.0,-1,0.53,0.395,0.145,0.775,0.308,0.169,0.255
13.784030953667527,1,0.525,0.435,0.155,1.065,0.486,0.233,0.285
8.0,-1,0.52,0.405,0.115,0.776,0.32,0.1845,0.22
4.745307063474648,0,0.235,0.16,0.04,0.048,0.0185,0.018,0.015
7.0,0,0.36,0.26,0.09,0.1785,0.0645,0.037,0.075
7.210082479844326,0,0.315,0.21,0.06,0.125,0.06,0.0375,0.035
8.0,0,0.315,0.245,0.085,0.1435,0.053,0.0475,0.05
4.534338879111141,0,0.225,0.16,0.045,0.0465,0.025,0.015,0.015
12.359860526402064,1,0.58,0.475,0.15,0.97,0.385,0.2165,0.35
11.723900189688798,1,0.57,0.48,0.18,0.9395,0.399,0.2,0.295
19.05585706047071,1,0.64,0.51,0.175,1.368,0.515,0.266,0.57
13.922345078373112,-1,0.56,0.45,0.16,1.0235,0.429,0.268,0.3
14.706684381399029,-1,0.62,0.475,0.175,1.0165,0.4355,0.214,0.325
12.0,-1,0.645,0.51,0.2,1.5675,0.621,0.367,0.46
13.0,1,0.62,0.49,0.19,1.218,0.5455,0.2965,0.355
12.470551767432797,-1,0.63,0.48,0.15,1.0525,0.392,0.336,0.285
10.0,-1,0.63,0.5,0.185,1.383,0.54,0.3315,0.38
11.0,-1,0.63,0.48,0.16,1.199,0.5265,0.335,0.315
9.0,-1,0.585,0.46,0.17,0.9325,0.365,0.271,0.29
13.0,1,0.615,0.48,0.18,1.1595,0.4845,0.2165,0.325
13.526889888234539,1,0.61,0.485,0.17,1.0225,0.419,0.2405,0.36
14.0,1,0.58,0.45,0.15,0.927,0.276,0.1815,0.36
9.94133976677772,0,0.355,0.275,0.085,0.22,0.092,0.06,0.15
10.0,-1,0.51,0.4,0.14,0.8145,0.459,0.1965,0.195
12.048060068111168,1,0.5,0.405,0.155,0.772,0.346,0.1535,0.245
10.21905527782324,-1,0.505,0.41,0.15,0.644,0.285,0.145,0.21
16.0,1,0.64,0.5,0.185,1.3035,0.4445,0.2635,0.465
12.222319061395266,1,0.56,0.45,0.16,0.922,0.432,0.178,0.26
10.0,1,0.585,0.46,0.185,0.922,0.3635,0.213,0.285
10.115488916108534,-1,0.45,0.345,0.12,0.4165,0.1655,0.095,0.135
13.0,1,0.5,0.4,0.165,0.825,0.254,0.205,0.285
14.034710951129314,-1,0.5,0.4,0.145,0.63,0.234,0.1465,0.23
13.0,-1,0.53,0.435,0.17,0.8155,0.2985,0.155,0.275
8.0,1,0.42,0.335,0.115,0.369,0.171,0.071,0.12
11.951877394399606,-1,0.44,0.34,0.14,0.482,0.186,0.1085,0.16
9.0,0,0.4,0.3,0.11,0.315,0.109,0.067,0.12
7.540186036270743,0,0.435,0.34,0.11,0.3795,0.1495,0.085,0.12
13.234194158615589,-1,0.525,0.415,0.17,0.8325,0.2755,0.1685,0.31
7.0,0,0.37,0.28,0.095,0.2655,0.122,0.052,0.08
14.368010042060012,-1,0.49,0.365,0.145,0.6345,0.1995,0.1625,0.22
7.0,1,0.335,0.25,0.09,0.181,0.0755,0.0415,0.06
9.984747534485614,-1,0.415,0.325,0.105,0.38,0.1595,0.0785,0.12
9.0,1,0.5,0.405,0.14,0.6155,0.241,0.1355,0.205
10.845304901575895,-1,0.485,0.395,0.16,0.66,0.2475,0.128,0.235
10.0,1,0.55,0.405,0.14,0.8025,0.244,0.1635,0.255
7.993307125044785,1,0.45,0.35,0.13,0.46,0.174,0.111,0.135
7.0,0,0.405,0.3,0.12,0.324,0.1265,0.07,0.11
9.807079407295992,1,0.47,0.36,0.135,0.501,0.1665,0.115,0.165
9.895903061644992,-1,0.415,0.305,0.13,0.32,0.1305,0.0755,0.105
9.644216556678515,-1,0.445,0.325,0.125,0.455,0.1785,0.1125,0.14
11.0,-1,0.47,0.35,0.145,0.5175,0.187,0.1235,0.18
14.156379971777858,-1,0.49,0.375,0.15,0.5755,0.22,0.144,0.19
11.824641167003257,-1,0.445,0.355,0.15,0.485,0.181,0.125,0.155
10.0,0,0.425,0.38,0.105,0.3265,0.1285,0.0785,0.1
9.0,-1,0.5,0.37,0.135,0.45,0.1715,0.1055,0.155
7.0,-1,0.39,0.29,0.125,0.3055,0.121,0.082,0.09
8.67795586854238,0,0.365,0.27,0.085,0.205,0.078,0.0485,0.07
13.597020328619733,-1,0.58,0.465,0.165,1.1015,0.404,0.2095,0.35
12.25915358553996,-1,0.53,0.415,0.16,0.783,0.2935,0.158,0.245
13.0,1,0.555,0.445,0.135,0.836,0.336,0.1625,0.275
12.595803712713087,1,0.565,0.44,0.175,0.9025,0.31,0.193,0.325
22.0,1,0.625,0.505,0.215,1.4455,0.496,0.287,0.435
6.062880890068787,0,0.275,0.215,0.075,0.1155,0.0485,0.029,0.035
7.236389895211462,0,0.44,0.35,0.135,0.435,0.1815,0.083,0.125
9.0,0,0.295,0.225,0.08,0.124,0.0485,0.032,0.04
1.0,0,0.075,0.055,0.01,0.002,0.001,0.0005,0.0015
3.0347036637252978,0,0.13,0.1,0.03,0.013,0.0045,0.003,0.004
2.7384840641048096,0,0.11,0.09,0.03,0.008,0.0025,0.002,0.003
3.684743358928539,0,0.16,0.12,0.035,0.021,0.0075,0.0045,0.005
17.0,1,0.565,0.425,0.16,0.9425,0.3495,0.2185,0.275
5.178521861924548,0,0.27,0.2,0.07,0.1,0.034,0.0245,0.035
3.937159893275176,0,0.23,0.175,0.065,0.0645,0.026,0.0105,0.02
6.173786899361309,0,0.3,0.23,0.08,0.1275,0.0435,0.0265,0.04
6.7651692445026095,0,0.33,0.255,0.085,0.1655,0.063,0.039,0.06
6.856271695566582,0,0.35,0.26,0.085,0.174,0.0705,0.0345,0.06
6.904473061170913,0,0.32,0.245,0.08,0.1585,0.0635,0.0325,0.05
9.0,0,0.36,0.275,0.085,0.1975,0.0745,0.0415,0.07
6.820515872586809,0,0.305,0.245,0.075,0.156,0.0675,0.038,0.045
7.90618924484526,0,0.345,0.27,0.11,0.2135,0.082,0.0545,0.07
6.9011583818092035,0,0.33,0.25,0.105,0.1715,0.0655,0.035,0.06
13.778680162030192,1,0.59,0.47,0.18,1.1235,0.4205,0.2805,0.36
12.28101633963967,-1,0.595,0.455,0.155,1.0605,0.5135,0.2165,0.3
13.234545812195558,-1,0.575,0.46,0.185,1.094,0.4485,0.217,0.345
12.475401297018426,1,0.6,0.495,0.165,1.2415,0.485,0.2775,0.34
15.049399400355146,1,0.56,0.45,0.175,1.011,0.3835,0.2065,0.37
16.421001577248266,1,0.56,0.45,0.185,1.07,0.3805,0.175,0.41
13.344592611465123,1,0.545,0.46,0.16,0.8975,0.341,0.1655,0.345
15.0,-1,0.635,0.505,0.17,1.415,0.605,0.297,0.365
13.0,-1,0.59,0.475,0.16,1.1015,0.4775,0.2555,0.295
11.0,-1,0.54,0.475,0.155,0.928,0.394,0.194,0.26
12.130772319421412,-1,0.57,0.44,0.125,0.865,0.3675,0.1725,0.27
11.0,1,0.53,0.42,0.165,0.8945,0.319,0.239,0.245
4.0,0,0.245,0.195,0.06,0.095,0.0445,0.0245,0.026
6.0,1,0.27,0.2,0.08,0.1205,0.0465,0.028,0.04
8.083804102325614,-1,0.46,0.38,0.13,0.639,0.3,0.1525,0.16
10.150188007674565,1,0.52,0.45,0.15,0.895,0.3615,0.186,0.235
8.538223664255474,1,0.35,0.275,0.11,0.2925,0.1225,0.0635,0.0905
16.023890577384588,1,0.47,0.39,0.15,0.6355,0.2185,0.0885,0.255
9.907015816190805,-1,0.45,0.36,0.125,0.4995,0.2035,0.1,0.17
22.0,-1,0.64,0.525,0.215,1.779,0.4535,0.2855,0.55
14.400395988249159,1,0.59,0.5,0.2,1.187,0.412,0.2705,0.37
14.0,1,0.62,0.485,0.205,1.219,0.3875,0.2505,0.385
16.748769380107046,1,0.63,0.505,0.225,1.525,0.56,0.3335,0.45
15.16985387607627,1,0.63,0.515,0.155,1.259,0.4105,0.197,0.41
19.877534223469734,1,0.655,0.54,0.215,1.844,0.7425,0.327,0.585
12.0,-1,0.66,0.53,0.185,1.3485,0.493,0.245,0.49
17.85768867422537,1,0.61,0.5,0.24,1.642,0.532,0.3345,0.69
14.688666138264518,1,0.635,0.525,0.205,1.484,0.55,0.3115,0.43
11.0,-1,0.515,0.425,0.135,0.712,0.2665,0.1605,0.25
13.277044074957143,-1,0.535,0.415,0.185,0.8415,0.314,0.1585,0.3
8.52730970396642,0,0.36,0.285,0.105,0.2415,0.0915,0.057,0.075
9.0,-1,0.455,0.355,0.12,0.4495,0.177,0.104,0.15
13.14962241740938,1,0.485,0.395,0.14,0.6295,0.2285,0.127,0.225
17.212756050574786,1,0.515,0.38,0.175,0.9565,0.325,0.158,0.31
10.0,-1,0.535,0.415,0.17,0.879,0.295,0.1965,0.285
10.377062347778871,1,0.53,0.435,0.155,0.699,0.288,0.1595,0.205
10.812242415230143,-1,0.495,0.4,0.155,0.6445,0.242,0.1325,0.205
14.23121009414248,1,0.44,0.355,0.125,0.4775,0.132,0.0815,0.19
11.553671602395656,-1,0.535,0.435,0.16,0.8105,0.3155,0.1795,0.24
13.324724008353963,1,0.54,0.435,0.18,0.996,0.3835,0.226,0.325
12.879063751780906,-1,0.565,0.505,0.21,1.2765,0.501,0.279,0.355
15.0,1,0.61,0.475,0.165,1.116,0.428,0.2205,0.315
14.375056820648254,-1,0.565,0.455,0.175,1.013,0.342,0.207,0.35
15.270516544752297,1,0.6,0.495,0.195,1.0575,0.384,0.19,0.375
6.0,0,0.295,0.215,0.085,0.128,0.049,0.034,0.04
6.0,0,0.275,0.205,0.075,0.1105,0.045,0.0285,0.035
4.0,0,0.28,0.21,0.085,0.1065,0.039,0.0295,0.03
10.815453937280216,1,0.49,0.395,0.14,0.549,0.2215,0.1275,0.15
9.02379435578719,1,0.37,0.28,0.105,0.234,0.0905,0.0585,0.075
10.099478317085085,-1,0.405,0.305,0.095,0.3485,0.1455,0.0895,0.1
13.304898519017051,-1,0.54,0.435,0.175,0.892,0.322,0.174,0.335
8.830219223467294,1,0.37,0.28,0.1,0.252,0.1065,0.0595,0.074
8.910670438480873,1,0.36,0.27,0.1,0.217,0.0885,0.0495,0.0715
10.0,-1,0.47,0.36,0.13,0.472,0.182,0.114,0.15
3.7594733774933946,0,0.2,0.145,0.06,0.037,0.0125,0.0095,0.011
3.838318608019692,0,0.165,0.12,0.03,0.0215,0.007,0.005,0.005
13.0,1,0.645,0.515,0.24,1.5415,0.471,0.369,0.535
11.516749140672632,1,0.55,0.41,0.125,0.7605,0.2505,0.1635,0.195
11.953143209789417,1,0.57,0.435,0.145,0.9055,0.3925,0.2355,0.275
21.0,-1,0.63,0.485,0.19,1.2435,0.4635,0.3055,0.39
12.17784787788208,1,0.56,0.44,0.14,0.971,0.443,0.2045,0.265
12.535785122236843,1,0.595,0.455,0.195,1.3305,0.4595,0.3235,0.345
23.0,-1,0.62,0.47,0.2,1.2255,0.381,0.27,0.435
16.35826984389795,1,0.63,0.485,0.175,1.3,0.4335,0.2945,0.46
7.803843514030275,0,0.45,0.355,0.11,0.4585,0.194,0.067,0.14
13.938319522072483,-1,0.635,0.535,0.19,1.242,0.576,0.2475,0.39
7.75864518784256,1,0.45,0.35,0.1,0.3675,0.1465,0.1015,0.12
13.088418996760229,-1,0.58,0.455,0.155,0.8365,0.315,0.1385,0.32
6.0,0,0.33,0.255,0.095,0.172,0.066,0.0255,0.06
6.009368605212774,0,0.265,0.21,0.06,0.0965,0.0425,0.022,0.03
4.558951414852429,0,0.19,0.145,0.04,0.038,0.0165,0.0065,0.015
9.02718128629539,1,0.385,0.31,0.1,0.2845,0.1065,0.075,0.1
5.0,0,0.265,0.205,0.07,0.1055,0.039,0.041,0.035
8.981772519473811,1,0.335,0.265,0.105,0.222,0.0935,0.056,0.075
8.03070038410668,0,0.355,0.275,0.09,0.251,0.097,0.053,0.08
7.0,0,0.32,0.255,0.1,0.1755,0.073,0.0415,0.065
10.795860035849378,1,0.51,0.4,0.13,0.6435,0.27,0.1665,0.205
8.0,1,0.36,0.295,0.105,0.241,0.0865,0.053,0.095
8.995314088456292,0,0.36,0.28,0.09,0.2255,0.0885,0.04,0.09
14.302660172932347,1,0.5,0.38,0.155,0.5955,0.2135,0.161,0.2
9.688223153198336,-1,0.4,0.325,0.12,0.3185,0.134,0.0565,0.095
7.42166579857068,0,0.3,0.22,0.08,0.121,0.0475,0.042,0.035
5.0,0,0.235,0.175,0.04,0.0705,0.0335,0.015,0.02
18.058945704812885,-1,0.74,0.6,0.195,1.974,0.598,0.4085,0.71
12.606885866455844,1,0.62,0.465,0.19,1.3415,0.5705,0.3175,0.355
13.380290818129776,1,0.6,0.475,0.19,1.0875,0.403,0.2655,0.325
16.0,1,0.59,0.45,0.185,1.283,0.473,0.276,0.425
13.0,1,0.62,0.475,0.185,1.325,0.6045,0.325,0.33
12.795438780496074,-1,0.565,0.45,0.195,1.0035,0.406,0.2505,0.285
11.955015680539088,1,0.575,0.455,0.145,1.165,0.581,0.2275,0.3
14.0,-1,0.62,0.51,0.205,1.3475,0.4775,0.2565,0.48
12.0,1,0.62,0.465,0.185,1.274,0.579,0.3065,0.32
11.61149190661733,-1,0.505,0.375,0.18,0.568,0.2325,0.1495,0.17
8.0,-1,0.46,0.425,0.155,0.746,0.3005,0.152,0.24
10.5506381945248,1,0.49,0.39,0.14,0.707,0.2795,0.2185,0.18
9.0,-1,0.525,0.42,0.16,0.756,0.2745,0.173,0.275
6.0,0,0.34,0.26,0.08,0.2,0.08,0.0555,0.055
8.0,0,0.375,0.305,0.115,0.2715,0.092,0.074,0.09
14.0,1,0.61,0.48,0.15,1.2,0.56,0.2455,0.28
8.0,-1,0.61,0.495,0.185,1.153,0.536,0.2905,0.245
11.976690694849918,-1,0.585,0.45,0.17,0.8685,0.3325,0.1635,0.27
12.0,1,0.57,0.46,0.14,0.9535,0.4465,0.2065,0.245
9.0,1,0.58,0.455,0.17,0.93,0.408,0.259,0.22
12.29803920973566,1,0.635,0.515,0.17,1.275,0.509,0.286,0.34
19.96290297858728,1,0.7,0.58,0.205,2.13,0.7415,0.49,0.58
13.0,1,0.675,0.525,0.185,1.587,0.6935,0.336,0.395
15.2648817875426,-1,0.645,0.525,0.19,1.8085,0.7035,0.3885,0.395
18.67106107489252,1,0.745,0.585,0.215,2.499,0.9265,0.472,0.7
17.31739629260877,-1,0.685,0.545,0.18,1.768,0.7495,0.392,0.485
12.663842425893758,1,0.605,0.49,0.18,1.227,0.48,0.287,0.35
12.0,-1,0.59,0.465,0.15,0.997,0.392,0.246,0.34
14.543340197682506,-1,0.65,0.525,0.175,1.4225,0.61,0.2995,0.445
16.0,-1,0.6,0.48,0.15,1.029,0.4085,0.2705,0.295
12.331464737151052,-1,0.62,0.5,0.175,1.186,0.4985,0.3015,0.35
13.131204818104742,1,0.63,0.515,0.16,1.016,0.4215,0.244,0.355
12.427360468858115,1,0.58,0.465,0.145,0.887,0.4405,0.1655,0.265
10.287983803642879,-1,0.58,0.455,0.12,1.0735,0.479,0.2735,0.265
12.883028697097092,1,0.63,0.49,0.18,1.13,0.458,0.2765,0.315
17.124371829807313,-1,0.69,0.56,0.215,1.719,0.68,0.299,0.47
16.0,-1,0.65,0.545,0.165,1.566,0.6645,0.3455,0.415
16.0,-1,0.66,0.565,0.195,1.7605,0.692,0.3265,0.5
18.90645527718398,-1,0.68,0.58,0.2,1.787,0.585,0.453,0.6
14.0,-1,0.7,0.575,0.17,1.31,0.5095,0.314,0.42
14.960720634530219,1,0.685,0.52,0.15,1.343,0.4635,0.292,0.4
17.875745783032247,-1,0.675,0.545,0.195,1.7345,0.6845,0.3695,0.605
12.039846691346451,1,0.63,0.49,0.19,1.1775,0.4935,0.3365,0.285
8.81282473409534,-1,0.585,0.45,0.16,1.077,0.4995,0.2875,0.25
15.0,1,0.565,0.465,0.175,0.995,0.3895,0.183,0.37
12.0,-1,0.61,0.495,0.185,1.1085,0.3705,0.3135,0.33
16.80847318544635,1,0.605,0.47,0.18,1.1405,0.3755,0.2805,0.385
11.791955368351134,1,0.535,0.42,0.145,0.791,0.33,0.189,0.25
9.171377742549678,1,0.485,0.4,0.135,0.663,0.313,0.137,0.2
13.20970391802243,1,0.47,0.375,0.12,0.5565,0.226,0.122,0.195
10.0,1,0.545,0.425,0.135,0.8445,0.373,0.21,0.235
8.957373852941732,-1,0.455,0.37,0.105,0.4925,0.216,0.1245,0.135
12.0,1,0.54,0.42,0.155,0.7385,0.3515,0.152,0.215
8.61922358479721,1,0.46,0.38,0.135,0.482,0.207,0.1225,0.145
14.0,1,0.49,0.42,0.125,0.609,0.239,0.1435,0.22
9.0,0,0.465,0.375,0.12,0.471,0.222,0.119,0.14
10.0,0,0.415,0.325,0.1,0.3215,0.1535,0.0595,0.105
9.166406687886635,1,0.475,0.375,0.125,0.593,0.277,0.115,0.18
10.010179626984083,-1,0.47,0.375,0.125,0.5615,0.252,0.137,0.18
7.644282157176279,0,0.365,0.295,0.095,0.25,0.1075,0.0545,0.08
6.0,0,0.345,0.275,0.095,0.1995,0.0755,0.0535,0.07
8.397796403489437,0,0.39,0.31,0.1,0.302,0.116,0.064,0.115
10.049185390254884,-1,0.5,0.395,0.14,0.7155,0.3165,0.176,0.24
12.538238700862491,1,0.47,0.38,0.145,0.5865,0.2385,0.144,0.185
12.867068971204,1,0.535,0.44,0.15,0.6765,0.256,0.139,0.26
11.0,1,0.585,0.455,0.15,0.987,0.4355,0.2075,0.31
9.765075540666743,-1,0.485,0.365,0.12,0.5885,0.27,0.131,0.175
9.421104569719203,1,0.515,0.455,0.135,0.7225,0.295,0.1625,0.235
9.94159145542749,-1,0.435,0.325,0.11,0.4335,0.178,0.0985,0.155
9.53681903028093,-1,0.515,0.415,0.14,0.6935,0.3115,0.152,0.2
7.531648093393837,0,0.44,0.345,0.12,0.365,0.1655,0.083,0.11
11.920972294222024,-1,0.525,0.44,0.15,0.8425,0.3685,0.1985,0.24
9.46327020406207,1,0.45,0.355,0.115,0.479,0.2125,0.1045,0.15
12.377350653493409,1,0.59,0.485,0.12,0.911,0.39,0.182,0.29
11.810490997208687,1,0.555,0.45,0.145,0.915,0.4,0.246,0.285
8.0,1,0.57,0.44,0.095,0.827,0.3395,0.2215,0.235
12.61099803608923,1,0.59,0.5,0.165,1.1045,0.4565,0.2425,0.34
12.065377468404643,1,0.585,0.475,0.12,0.945,0.41,0.2115,0.28
11.911626377055557,-1,0.58,0.46,0.12,0.9935,0.4625,0.2385,0.28
11.585808754804216,1,0.545,0.44,0.12,0.8565,0.3475,0.1715,0.24
13.052571500970902,-1,0.605,0.495,0.17,1.2385,0.528,0.2465,0.39
14.287180205740338,-1,0.62,0.47,0.14,1.0325,0.3605,0.224,0.36
12.88761293840367,-1,0.63,0.5,0.17,1.3135,0.5595,0.267,0.4
14.207296193309324,1,0.63,0.515,0.165,1.352,0.488,0.349,0.45
16.0,-1,0.63,0.5,0.155,1.005,0.367,0.199,0.36
13.503618848076,1,0.545,0.41,0.14,0.625,0.223,0.16,0.235
14.0,-1,0.67,0.54,0.165,1.5015,0.518,0.358,0.505
9.597678501001575,0,0.49,0.38,0.12,0.529,0.2165,0.139,0.155
9.925628579588585,-1,0.49,0.39,0.135,0.5785,0.2465,0.123,0.2
5.260236761695146,0,0.29,0.225,0.07,0.101,0.036,0.0235,0.035
4.9649928774648,0,0.26,0.2,0.07,0.092,0.037,0.02,0.03
14.031270182136682,1,0.58,0.45,0.175,1.068,0.425,0.203,0.32
13.243002063842317,-1,0.61,0.485,0.165,1.0915,0.3935,0.2435,0.33
14.854899341171446,1,0.6,0.5,0.16,1.015,0.3995,0.1735,0.33
21.0,-1,0.56,0.455,0.125,0.943,0.344,0.129,0.375
16.724640023973325,-1,0.575,0.45,0.17,1.0475,0.3775,0.1705,0.385
12.121878618288777,-1,0.57,0.45,0.175,0.9555,0.38,0.1665,0.295
20.0,1,0.6,0.47,0.155,1.036,0.4375,0.196,0.325
13.053857674526848,1,0.565,0.455,0.17,0.9065,0.342,0.156,0.32
12.566420969184286,1,0.545,0.42,0.14,0.7505,0.2475,0.13,0.255
8.05744517196783,0,0.44,0.345,0.1,0.366,0.122,0.0905,0.12
11.0,1,0.5,0.41,0.15,0.662,0.2815,0.137,0.22
9.008528774562732,0,0.36,0.275,0.095,0.217,0.084,0.0435,0.09
8.527959131415946,0,0.385,0.305,0.095,0.252,0.0915,0.055,0.09
7.95218064639077,1,0.39,0.3,0.09,0.3055,0.143,0.0645,0.085
12.248701239318773,1,0.5,0.415,0.165,0.6885,0.249,0.138,0.25
10.0,0,0.36,0.275,0.11,0.2335,0.095,0.0525,0.085
8.0,0,0.335,0.26,0.1,0.192,0.0785,0.0585,0.07
19.0,-1,0.505,0.425,0.14,0.85,0.275,0.1625,0.285
7.350369507249708,0,0.395,0.295,0.1,0.2715,0.134,0.0325,0.085
9.90751481688416,-1,0.41,0.325,0.105,0.3635,0.159,0.077,0.12
13.344618068042509,-1,0.56,0.455,0.19,0.714,0.283,0.129,0.275
13.0,1,0.565,0.435,0.185,0.9815,0.329,0.136,0.39
15.624199958800675,1,0.565,0.455,0.185,0.9265,0.354,0.1575,0.375
12.0,1,0.605,0.5,0.175,1.098,0.4765,0.232,0.375
18.0,-1,0.565,0.455,0.15,0.8205,0.365,0.159,0.26
20.07924988505422,1,0.725,0.565,0.215,1.891,0.6975,0.4725,0.58
14.245209088364499,-1,0.675,0.535,0.16,1.41,0.592,0.3175,0.42
15.095766356858874,-1,0.665,0.555,0.195,1.4385,0.581,0.354,0.36
11.317874761111371,-1,0.565,0.49,0.155,0.9245,0.405,0.2195,0.255
12.693526125434332,-1,0.645,0.55,0.175,1.2915,0.57,0.3045,0.33
11.26580137372599,1,0.575,0.47,0.14,0.8375,0.3485,0.1735,0.24
15.0,-1,0.64,0.54,0.175,1.221,0.51,0.259,0.39
9.0,0,0.36,0.28,0.105,0.199,0.0695,0.045,0.08
10.0,0,0.415,0.31,0.11,0.2965,0.123,0.057,0.0995
9.634233140974409,-1,0.525,0.41,0.135,0.7085,0.293,0.1525,0.235
8.44493133858503,1,0.38,0.285,0.1,0.2665,0.115,0.061,0.075
12.0,-1,0.585,0.465,0.17,0.9915,0.3865,0.224,0.265
4.48240953138845,0,0.24,0.185,0.07,0.0715,0.026,0.018,0.025
4.435604809390617,0,0.22,0.165,0.055,0.0545,0.0215,0.012,0.02
4.513571825701999,0,0.255,0.195,0.07,0.0735,0.0255,0.02,0.025
3.8255715462194018,0,0.175,0.125,0.05,0.0235,0.008,0.0035,0.008
13.01392687496118,-1,0.67,0.55,0.19,1.3905,0.5425,0.3035,0.4
13.603430702827543,1,0.655,0.53,0.195,1.388,0.567,0.2735,0.41
17.0,-1,0.68,0.55,0.21,1.7445,0.5975,0.305,0.625
14.563576243126604,1,0.675,0.555,0.2,1.4385,0.545,0.2665,0.465
9.397973640664164,-1,0.53,0.44,0.135,0.7835,0.313,0.1715,0.2185
10.0,-1,0.515,0.405,0.12,0.646,0.2895,0.1405,0.177
7.573965484315806,0,0.43,0.34,0.12,0.3575,0.151,0.0645,0.1045
10.745076970389318,-1,0.52,0.405,0.12,0.627,0.2645,0.1415,0.181
13.030750299173047,-1,0.545,0.415,0.16,0.7715,0.272,0.1455,0.2765
14.020396716052268,1,0.53,0.415,0.175,0.7395,0.261,0.1395,0.2645
10.233012661477227,-1,0.465,0.35,0.115,0.421,0.1565,0.091,0.1345
14.182192673132088,1,0.665,0.54,0.175,1.347,0.4955,0.254,0.415
21.0,1,0.735,0.59,0.225,1.756,0.637,0.3405,0.58
16.0,1,0.66,0.545,0.185,1.32,0.5305,0.2635,0.455
16.769676150688287,-1,0.7,0.585,0.185,1.8075,0.7055,0.3215,0.475
12.4852155355316,1,0.575,0.4,0.155,0.9325,0.3605,0.2445,0.3
11.09172448891739,1,0.57,0.465,0.125,0.849,0.3785,0.1765,0.24
11.977253066559364,-1,0.58,0.46,0.15,0.9955,0.429,0.212,0.26
12.0,1,0.63,0.48,0.145,1.0115,0.4235,0.237,0.305
11.797374340294748,-1,0.585,0.465,0.14,0.908,0.381,0.1615,0.315
12.069262752678387,1,0.55,0.45,0.13,0.92,0.378,0.2385,0.29
15.0,-1,0.625,0.515,0.15,1.2415,0.5235,0.3065,0.36
9.950876638084978,1,0.54,0.42,0.135,0.8075,0.3485,0.1795,0.235
13.365580426708334,-1,0.57,0.455,0.165,1.0595,0.44,0.2195,0.285
14.0,1,0.59,0.455,0.145,1.073,0.475,0.19,0.285
13.0,1,0.58,0.46,0.13,0.921,0.357,0.181,0.29
11.0,-1,0.655,0.51,0.155,1.2895,0.5345,0.2855,0.41
14.816010403509697,1,0.655,0.53,0.175,1.2635,0.486,0.2635,0.415
17.0,1,0.625,0.5,0.195,1.369,0.5875,0.2185,0.37
15.0,-1,0.625,0.5,0.15,0.953,0.3445,0.2235,0.305
15.744626173695286,-1,0.64,0.52,0.175,1.248,0.4245,0.2595,0.48
19.0,-1,0.605,0.485,0.165,1.0105,0.435,0.209,0.3
11.0,-1,0.615,0.525,0.155,1.0385,0.427,0.2315,0.345
10.0,1,0.555,0.45,0.175,0.874,0.3275,0.202,0.305
12.0,-1,0.58,0.44,0.18,0.854,0.3665,0.1635,0.245
23.0,-1,0.62,0.52,0.225,1.1835,0.378,0.27,0.395
15.0,-1,0.62,0.47,0.225,1.115,0.378,0.2145,0.36
13.821715468229065,-1,0.6,0.505,0.19,1.129,0.4385,0.256,0.36
17.0,-1,0.625,0.485,0.19,1.1745,0.4385,0.2305,0.42
12.473981512871637,1,0.6,0.47,0.175,1.105,0.4865,0.247,0.315
12.933799627875514,1,0.56,0.46,0.235,0.8395,0.3325,0.157,0.305
15.0,1,0.585,0.455,0.225,1.055,0.3815,0.221,0.365
11.69883823659462,1,0.56,0.435,0.18,0.889,0.36,0.204,0.25
11.364660818107604,0,0.56,0.445,0.155,0.8735,0.3005,0.209,0.275
10.0,0,0.68,0.53,0.185,1.1095,0.439,0.245,0.34
11.417630005625826,-1,0.455,0.35,0.14,0.5185,0.221,0.1265,0.135
11.312124709268094,-1,0.49,0.38,0.145,0.6725,0.249,0.181,0.21
8.131131554976724,1,0.31,0.22,0.085,0.146,0.061,0.0365,0.045
4.360401772051733,-1,0.275,0.195,0.07,0.08,0.031,0.0215,0.025
6.0,1,0.27,0.195,0.08,0.1,0.0385,0.0195,0.03
8.39002892606079,1,0.4,0.29,0.115,0.2795,0.1115,0.0575,0.075
5.218486672736134,1,0.28,0.2,0.08,0.0915,0.033,0.0215,0.03
7.996304300149038,1,0.325,0.23,0.09,0.147,0.06,0.034,0.045
7.035473821673792,-1,0.345,0.25,0.09,0.203,0.078,0.059,0.055
3.0,1,0.21,0.15,0.05,0.0385,0.0155,0.0085,0.01
6.9941490183955075,-1,0.36,0.27,0.09,0.1885,0.0845,0.0385,0.055
9.0,0,0.365,0.26,0.115,0.218,0.0935,0.0445,0.07
3.90016752975038,1,0.2,0.14,0.055,0.035,0.0145,0.008,0.01
5.405527061661026,1,0.235,0.16,0.06,0.0545,0.0265,0.0095,0.015
3.8673781414418373,1,0.175,0.125,0.04,0.024,0.0095,0.006,0.005
3.0,1,0.155,0.11,0.04,0.0155,0.0065,0.003,0.005
10.988717250138912,-1,0.57,0.445,0.155,0.733,0.282,0.159,0.235
11.515935325277766,-1,0.57,0.45,0.16,0.9715,0.3965,0.255,0.26
9.039944961872344,1,0.385,0.3,0.095,0.24,0.0885,0.059,0.085
10.325423761171276,0,0.53,0.42,0.185,0.752,0.299,0.156,0.205
9.531669950373336,-1,0.46,0.355,0.13,0.458,0.192,0.1055,0.13
9.63932725393621,0,0.47,0.37,0.12,0.4705,0.1845,0.1055,0.155
10.098674022501138,-1,0.435,0.335,0.11,0.38,0.1695,0.086,0.11
10.0,0,0.47,0.37,0.14,0.4985,0.2095,0.1225,0.145
10.368865825038574,0,0.465,0.38,0.13,0.454,0.1895,0.08,0.155
11.690019496205627,0,0.52,0.405,0.14,0.5775,0.2,0.145,0.179
7.0,1,0.29,0.23,0.075,0.1165,0.043,0.0255,0.04
5.0,1,0.275,0.205,0.07,0.094,0.0335,0.02,0.0325
9.243536551363636,-1,0.375,0.29,0.115,0.2705,0.093,0.066,0.0885
11.257017252452194,-1,0.5,0.375,0.14,0.604,0.242,0.1415,0.179
11.0,-1,0.44,0.355,0.115,0.415,0.1585,0.0925,0.131
8.819368086119761,1,0.42,0.325,0.115,0.2885,0.1,0.057,0.1135
7.877084142505494,1,0.445,0.35,0.115,0.3615,0.1565,0.0695,0.117
10.0,-1,0.38,0.29,0.105,0.257,0.099,0.051,0.085
11.0,1,0.32,0.245,0.075,0.1555,0.0585,0.038,0.049
5.338987119916469,1,0.255,0.195,0.065,0.08,0.0315,0.018,0.027
5.7006164184186625,1,0.205,0.155,0.045,0.0425,0.017,0.0055,0.0155
9.962246460725572,-1,0.565,0.45,0.16,0.795,0.3605,0.1555,0.23
11.929786476994769,0,0.555,0.425,0.18,0.875,0.3695,0.2005,0.255
12.37094494840283,0,0.65,0.515,0.16,1.1625,0.495,0.203,0.33
13.0,0,0.615,0.49,0.155,0.9885,0.4145,0.195,0.345
11.80181235099944,0,0.56,0.44,0.165,0.8,0.335,0.1735,0.25
9.53326922569644,0,0.48,0.37,0.12,0.514,0.2075,0.131,0.155
8.791270397931212,0,0.485,0.39,0.125,0.591,0.287,0.141,0.12
10.0,0,0.5,0.385,0.15,0.6265,0.2605,0.1665,0.16
14.0,0,0.525,0.405,0.15,0.795,0.3075,0.205,0.255
12.0,-1,0.66,0.5,0.165,1.1905,0.4585,0.298,0.37
13.0,-1,0.66,0.53,0.17,1.326,0.519,0.2625,0.44
10.546979808939541,0,0.52,0.4,0.145,0.66,0.267,0.1055,0.22
9.980337297934545,-1,0.44,0.34,0.105,0.364,0.148,0.0805,0.1175
13.0,0,0.515,0.4,0.12,0.659,0.2705,0.179,0.17
11.0,-1,0.475,0.35,0.115,0.452,0.1715,0.092,0.155
11.35843101734173,-1,0.545,0.415,0.15,0.7335,0.2795,0.163,0.2185
14.0,-1,0.47,0.355,0.13,0.5465,0.2005,0.126,0.185
10.0,1,0.35,0.255,0.065,0.179,0.0705,0.0385,0.06
9.340273922946357,0,0.485,0.355,0.13,0.581,0.245,0.132,0.168
12.0,0,0.435,0.33,0.125,0.406,0.1685,0.1055,0.096
7.0,1,0.28,0.21,0.08,0.1085,0.041,0.0265,0.0345
9.5344233045306,-1,0.41,0.32,0.115,0.387,0.165,0.1005,0.0985
16.0,0,0.45,0.35,0.14,0.474,0.21,0.109,0.1275
7.005981334063628,0,0.45,0.345,0.135,0.443,0.1975,0.0875,0.1175
20.0,-1,0.59,0.455,0.155,1.066,0.382,0.2275,0.415
12.071251347154822,-1,0.57,0.44,0.14,0.9535,0.3785,0.201,0.305
10.0,0,0.61,0.475,0.15,0.9665,0.4145,0.2,0.345
11.0,-1,0.61,0.475,0.14,1.133,0.5275,0.2355,0.35
12.506043894767968,0,0.56,0.425,0.14,0.9175,0.4005,0.1975,0.26
12.235962825064746,-1,0.585,0.435,0.175,0.982,0.4055,0.2495,0.27
11.544080190495588,0,0.58,0.445,0.15,0.8865,0.383,0.209,0.255
14.017197236233166,-1,0.63,0.48,0.175,1.3675,0.5015,0.3035,0.515
13.318577476779696,-1,0.625,0.49,0.175,1.233,0.5565,0.247,0.365
12.005886856191053,0,0.55,0.425,0.15,0.806,0.376,0.171,0.245
14.850183506432057,-1,0.645,0.525,0.19,1.4635,0.6615,0.3435,0.435
13.0,0,0.46,0.355,0.14,0.4935,0.216,0.133,0.115
11.0,-1,0.41,0.305,0.1,0.363,0.1735,0.065,0.11
9.669227338349803,0,0.495,0.39,0.125,0.6655,0.284,0.162,0.2
10.0,0,0.52,0.425,0.17,0.6805,0.28,0.174,0.195
11.515963044717452,-1,0.55,0.41,0.145,0.8285,0.3095,0.1905,0.25
14.0,1,0.45,0.335,0.14,0.4625,0.164,0.076,0.15
9.948196066230068,-1,0.405,0.31,0.12,0.3095,0.138,0.058,0.095
10.45135045871108,0,0.51,0.4,0.15,0.745,0.2865,0.1675,0.235
8.947922002642539,-1,0.37,0.29,0.115,0.25,0.111,0.057,0.075
9.932278321171834,0,0.525,0.41,0.175,0.874,0.3585,0.207,0.205
19.0,-1,0.66,0.52,0.18,1.514,0.526,0.2975,0.42
11.999516772003092,1,0.535,0.42,0.15,0.6995,0.2575,0.153,0.24
13.0,0,0.575,0.455,0.18,0.8525,0.3015,0.1825,0.3
11.996851464420981,-1,0.55,0.43,0.14,0.7135,0.2565,0.186,0.225
13.0,0,0.605,0.47,0.14,0.939,0.3385,0.201,0.32
12.0,0,0.605,0.495,0.145,1.054,0.369,0.2255,0.36
16.0,-1,0.56,0.445,0.195,0.981,0.305,0.2245,0.335
11.806383159655141,0,0.535,0.42,0.145,0.926,0.398,0.1965,0.25
10.195408974988949,-1,0.385,0.315,0.11,0.286,0.1225,0.0635,0.0835
10.639650238747386,-1,0.39,0.3,0.1,0.265,0.1075,0.06,0.0865
9.5567010351817,0,0.47,0.345,0.115,0.4885,0.2005,0.108,0.166
13.18858236204381,0,0.515,0.39,0.14,0.5555,0.2,0.1135,0.2235
10.402154052925926,0,0.425,0.345,0.125,0.425,0.16,0.0795,0.154
8.72771659762545,1,0.345,0.27,0.09,0.195,0.078,0.0455,0.059
8.160705337106128,0,0.485,0.37,0.13,0.458,0.181,0.113,0.136
9.22828336715639,1,0.37,0.285,0.1,0.228,0.0675,0.0675,0.081
12.0,1,0.35,0.265,0.09,0.1775,0.0575,0.042,0.068
12.441485856790141,-1,0.44,0.345,0.17,0.4085,0.15,0.0825,0.1515
4.0,1,0.195,0.145,0.05,0.032,0.01,0.008,0.012
8.615072600627085,1,0.325,0.24,0.075,0.155,0.0475,0.0355,0.06
18.0,0,0.495,0.37,0.125,0.4775,0.185,0.0705,0.169
11.048498561421331,0,0.45,0.35,0.145,0.525,0.2085,0.1,0.1655
8.382523403259327,1,0.415,0.345,0.135,0.3865,0.128,0.07,0.148
12.034706142054636,-1,0.47,0.355,0.14,0.433,0.1525,0.095,0.152
7.0,1,0.32,0.24,0.085,0.17,0.0655,0.047,0.049
8.020339515836614,1,0.31,0.225,0.075,0.1295,0.0455,0.0335,0.044
7.0,1,0.235,0.17,0.055,0.0515,0.018,0.0105,0.0195
10.0,1,0.345,0.255,0.08,0.169,0.06,0.0425,0.054
13.068802388189113,0,0.485,0.38,0.14,0.673,0.2175,0.13,0.195
9.191036737514004,-1,0.5,0.385,0.115,0.6785,0.2945,0.138,0.195
10.372139201649532,-1,0.5,0.385,0.105,0.498,0.1795,0.1095,0.17
7.996461653703478,0,0.465,0.36,0.105,0.498,0.214,0.116,0.14
10.745664936525891,-1,0.525,0.405,0.16,0.658,0.2655,0.1125,0.225
9.987860143479603,-1,0.425,0.335,0.095,0.322,0.1205,0.061,0.125
10.348068865380249,-1,0.38,0.305,0.095,0.2815,0.1255,0.0525,0.09
21.0,0,0.53,0.415,0.145,0.944,0.3845,0.185,0.265
10.0,1,0.34,0.265,0.085,0.1835,0.077,0.046,0.065
7.9992657178776225,0,0.475,0.365,0.115,0.49,0.223,0.1235,0.1335
9.998317680424384,-1,0.43,0.34,0.12,0.391,0.1555,0.095,0.1405
10.0,1,0.46,0.365,0.125,0.467,0.1895,0.0945,0.158
9.0,0,0.47,0.36,0.13,0.5225,0.198,0.1065,0.165
9.0,1,0.36,0.295,0.1,0.2105,0.066,0.0525,0.075
8.0,1,0.355,0.265,0.09,0.168,0.05,0.041,0.063
7.0,1,0.38,0.235,0.1,0.258,0.1055,0.054,0.08
8.796922332848277,1,0.355,0.26,0.085,0.1905,0.081,0.0485,0.055
9.643772208941332,0,0.44,0.345,0.12,0.487,0.1965,0.108,0.16
13.110932911337207,-1,0.51,0.4,0.13,0.5735,0.219,0.1365,0.195
7.968198793761007,1,0.325,0.24,0.085,0.173,0.0795,0.038,0.05
14.451113315656697,0,0.62,0.485,0.18,1.1785,0.4675,0.2655,0.39
12.790535372513556,-1,0.59,0.45,0.16,0.9,0.358,0.156,0.315
8.512614338336876,1,0.33,0.255,0.095,0.1875,0.0735,0.045,0.06
7.875000690661716,1,0.45,0.34,0.13,0.3715,0.1605,0.0795,0.105
8.143886685149994,0,0.445,0.33,0.12,0.347,0.12,0.084,0.105
6.797630358772006,1,0.33,0.215,0.075,0.1145,0.045,0.0265,0.035
9.0,1,0.48,0.375,0.145,0.777,0.216,0.13,0.17
9.52910420527123,0,0.46,0.35,0.12,0.4885,0.193,0.105,0.155
10.230144784163292,-1,0.475,0.36,0.125,0.447,0.1695,0.081,0.14
5.345488421222559,1,0.255,0.18,0.065,0.079,0.034,0.014,0.025
6.0,0,0.335,0.245,0.09,0.1665,0.0595,0.04,0.06
7.251456436439145,0,0.47,0.35,0.13,0.466,0.1845,0.099,0.145
6.767311878497768,1,0.31,0.225,0.08,0.1345,0.054,0.024,0.05
8.519818697251665,-1,0.37,0.28,0.11,0.2305,0.0945,0.0465,0.075
6.577057209324646,1,0.295,0.215,0.075,0.129,0.05,0.0295,0.04
13.355158077751016,-1,0.555,0.435,0.165,0.97,0.336,0.2315,0.295
15.594516001283862,-1,0.615,0.515,0.17,1.14,0.4305,0.2245,0.42
14.419453351241403,0,0.58,0.49,0.195,1.3165,0.5305,0.254,0.41
12.451045297912266,-1,0.585,0.475,0.185,0.9585,0.4145,0.1615,0.33
15.194100057013957,0,0.65,0.525,0.18,1.626,0.597,0.3445,0.53
13.141044578603687,0,0.535,0.45,0.17,0.781,0.3055,0.1555,0.295
9.95555953701449,-1,0.415,0.34,0.13,0.3675,0.146,0.0885,0.12
12.0,-1,0.38,0.305,0.105,0.281,0.1045,0.0615,0.09
10.795496302015035,0,0.45,0.355,0.12,0.412,0.1145,0.0665,0.16
8.757203612588802,-1,0.395,0.295,0.095,0.2245,0.078,0.054,0.08
9.922729206867968,1,0.455,0.35,0.12,0.4835,0.1815,0.144,0.16
15.0,-1,0.485,0.38,0.15,0.605,0.2155,0.14,0.18
13.0,1,0.55,0.425,0.155,0.9175,0.2775,0.243,0.335
11.478609017554422,-1,0.45,0.35,0.145,0.5425,0.1765,0.123,0.175
14.19961640621346,1,0.475,0.385,0.145,0.6175,0.235,0.108,0.215
10.98678884552156,-1,0.5,0.38,0.155,0.655,0.2405,0.143,0.205
19.0,-1,0.53,0.41,0.165,0.8115,0.24,0.169,0.24
11.26001373307618,1,0.49,0.39,0.15,0.573,0.225,0.124,0.17
11.707743232489777,-1,0.49,0.385,0.15,0.7865,0.241,0.14,0.24
22.0,-1,0.52,0.395,0.18,0.64,0.158,0.11,0.245
11.654189373564186,1,0.54,0.415,0.145,0.74,0.2635,0.168,0.245
13.192259151092513,-1,0.5,0.375,0.115,0.5945,0.185,0.148,0.19
23.0,-1,0.45,0.38,0.165,0.8165,0.25,0.1915,0.265
7.542096128838751,-1,0.37,0.275,0.1,0.2225,0.093,0.026,0.08
8.647663995704365,0,0.37,0.275,0.1,0.2295,0.0885,0.0465,0.07
11.475066851522625,1,0.485,0.37,0.14,0.5725,0.204,0.1415,0.175
9.951076965992518,-1,0.435,0.325,0.115,0.3915,0.154,0.094,0.12
12.65319914177619,1,0.535,0.405,0.185,0.8345,0.3175,0.1725,0.29
10.0,1,0.51,0.4,0.14,0.6515,0.2455,0.1665,0.185
11.20595184430295,1,0.565,0.44,0.185,0.909,0.344,0.2325,0.255
13.0,-1,0.535,0.4,0.15,0.8045,0.3345,0.2125,0.21
16.0,-1,0.535,0.405,0.125,0.927,0.26,0.1425,0.345
11.757048521327905,1,0.525,0.4,0.17,0.7305,0.279,0.2055,0.195
11.0,1,0.59,0.44,0.15,0.9555,0.366,0.2425,0.295
10.618557639628024,1,0.5,0.375,0.15,0.636,0.2535,0.145,0.19
5.0,0,0.255,0.19,0.075,0.0865,0.0345,0.0205,0.025
11.0,-1,0.43,0.325,0.115,0.3865,0.1475,0.1065,0.11
8.212654384180222,1,0.38,0.29,0.12,0.283,0.1175,0.0655,0.085
4.0,0,0.165,0.11,0.02,0.019,0.0065,0.0025,0.005
7.0,0,0.315,0.23,0.09,0.1285,0.043,0.04,0.04
3.344959340614807,0,0.155,0.105,0.05,0.0175,0.005,0.0035,0.005
6.53319088006381,1,0.28,0.205,0.1,0.1165,0.0545,0.0285,0.03
9.870172254851859,-1,0.43,0.335,0.12,0.444,0.155,0.1145,0.14
9.736013351858421,-1,0.395,0.315,0.105,0.3515,0.1185,0.091,0.1195
8.252943821477011,1,0.385,0.285,0.105,0.2905,0.1215,0.0685,0.0875
14.0,-1,0.48,0.385,0.135,0.536,0.1895,0.142,0.173
9.0,-1,0.445,0.33,0.105,0.4525,0.18,0.103,0.123
8.318778188790773,1,0.395,0.295,0.115,0.316,0.1205,0.0595,0.1105
9.0,1,0.4,0.3,0.125,0.417,0.191,0.09,0.1175
11.48443056959804,1,0.415,0.325,0.14,0.417,0.1535,0.1015,0.144
11.0,1,0.315,0.25,0.09,0.203,0.0615,0.037,0.0795
7.792790949255663,-1,0.345,0.26,0.09,0.207,0.0775,0.0435,0.0765
10.0,1,0.36,0.295,0.13,0.2765,0.0895,0.057,0.1005
6.274212025454016,0,0.295,0.225,0.09,0.1105,0.0405,0.0245,0.032
7.3483142173200555,0,0.325,0.25,0.08,0.176,0.0595,0.0355,0.063
11.0,1,0.375,0.3,0.1,0.2465,0.104,0.0475,0.083
6.072882312103924,0,0.28,0.205,0.055,0.1135,0.045,0.0275,0.0335
8.868342504847604,1,0.355,0.265,0.085,0.201,0.069,0.053,0.0695
9.202322652871263,1,0.35,0.255,0.08,0.1915,0.08,0.0385,0.063
6.085973045210084,0,0.275,0.2,0.065,0.1035,0.0475,0.0205,0.03
5.226538342267775,0,0.29,0.205,0.07,0.0975,0.036,0.019,0.035
4.3592999366911735,0,0.25,0.19,0.06,0.0765,0.036,0.0115,0.0245
3.872852832044107,0,0.18,0.125,0.035,0.0265,0.0095,0.0055,0.0085
3.1751878349813634,0,0.15,0.1,0.025,0.015,0.0045,0.004,0.005
3.5203704228785555,0,0.16,0.11,0.025,0.018,0.0065,0.0055,0.005
13.0,1,0.555,0.455,0.16,1.0575,0.3925,0.228,0.293
15.0,1,0.555,0.44,0.15,1.092,0.416,0.212,0.4405
15.0,1,0.525,0.41,0.13,0.99,0.3865,0.243,0.295
9.552203773230524,1,0.465,0.36,0.08,0.488,0.191,0.125,0.155
13.799061836460236,-1,0.49,0.36,0.11,0.5005,0.161,0.107,0.195
10.0,1,0.4,0.305,0.085,0.297,0.108,0.0705,0.1
9.49742025268983,-1,0.48,0.375,0.105,0.525,0.2185,0.1195,0.155
12.286722613938382,1,0.505,0.4,0.125,0.77,0.2735,0.159,0.255
10.985060452842887,-1,0.52,0.4,0.12,0.6515,0.261,0.2015,0.165
11.0,1,0.525,0.4,0.13,0.8295,0.2405,0.1825,0.275
9.726852573199777,1,0.545,0.42,0.13,0.879,0.374,0.1695,0.23
14.695029318120449,1,0.52,0.4,0.12,0.823,0.298,0.1805,0.265
13.0,1,0.505,0.38,0.13,0.656,0.227,0.1785,0.22
15.022184151714777,1,0.525,0.425,0.12,0.8665,0.2825,0.176,0.29
10.939336328476058,1,0.51,0.39,0.125,0.6565,0.262,0.1835,0.175
13.03711280087964,1,0.52,0.385,0.115,0.669,0.2385,0.172,0.205
12.0,-1,0.52,0.405,0.125,0.6435,0.2415,0.1735,0.21
13.511211458734717,1,0.535,0.41,0.135,0.862,0.2855,0.1525,0.32
7.741353768584438,1,0.445,0.345,0.09,0.3795,0.143,0.074,0.125
14.0,1,0.53,0.44,0.205,0.835,0.32,0.2175,0.245
7.142194983796775,-1,0.36,0.265,0.09,0.2065,0.078,0.057,0.06
14.0,-1,0.535,0.42,0.15,0.7365,0.2785,0.186,0.215
13.536168524817427,-1,0.52,0.405,0.14,0.8175,0.2795,0.183,0.26
20.0,1,0.53,0.415,0.13,0.8425,0.275,0.1945,0.265
17.008481549205325,-1,0.53,0.42,0.13,1.001,0.34,0.226,0.265
17.0,-1,0.66,0.52,0.2,1.676,0.673,0.4805,0.45
10.213766069225814,1,0.52,0.385,0.14,0.6595,0.2485,0.2035,0.16
12.902708443156666,1,0.535,0.42,0.13,0.8055,0.301,0.181,0.28
15.0,1,0.695,0.515,0.175,1.5165,0.578,0.4105,0.39
13.173948472067393,-1,0.51,0.39,0.105,0.612,0.187,0.15,0.195
8.089450727147417,1,0.485,0.355,0.12,0.547,0.215,0.1615,0.14
12.441017485724323,-1,0.605,0.46,0.17,1.122,0.347,0.3045,0.315
13.0,-1,0.58,0.455,0.165,1.1365,0.369,0.3005,0.275
14.668496196327427,1,0.65,0.515,0.175,1.4805,0.5295,0.272,0.525
13.0,1,0.62,0.505,0.185,1.5275,0.69,0.368,0.35
20.0,1,0.615,0.525,0.155,1.1375,0.367,0.236,0.37
15.0,-1,0.605,0.495,0.19,1.437,0.469,0.2655,0.41
10.23085108787585,1,0.57,0.44,0.155,1.116,0.4775,0.2315,0.27
15.0,1,0.57,0.43,0.12,1.0615,0.348,0.167,0.31
14.132574501555222,1,0.585,0.405,0.15,1.2565,0.435,0.202,0.325
13.910406033048565,-1,0.55,0.44,0.155,0.946,0.313,0.1825,0.335
14.03226545249414,-1,0.54,0.44,0.135,0.959,0.2385,0.221,0.3
13.946879677877028,1,0.64,0.51,0.19,1.613,0.6215,0.361,0.47
12.247778718758958,-1,0.61,0.47,0.145,1.153,0.403,0.296,0.32
13.707906765250879,1,0.545,0.45,0.15,0.978,0.3365,0.1905,0.3
12.556038520855477,-1,0.59,0.445,0.13,1.1325,0.3825,0.234,0.32
9.05073678889437,1,0.345,0.27,0.095,0.197,0.0665,0.05,0.07
10.785155544041643,-1,0.55,0.43,0.155,0.785,0.289,0.227,0.233
17.0,-1,0.53,0.425,0.17,0.949,0.3485,0.2395,0.278
14.527734861519631,-1,0.53,0.455,0.165,0.9805,0.3155,0.2815,0.2965
10.956365330062562,0,0.485,0.375,0.14,0.521,0.2,0.123,0.17
8.0,1,0.385,0.275,0.115,0.2685,0.0975,0.0825,0.085
8.357002219646594,1,0.455,0.34,0.135,0.462,0.1675,0.158,0.12
10.669667188633866,1,0.49,0.38,0.14,0.7605,0.245,0.167,0.185
11.0,1,0.53,0.41,0.165,0.732,0.189,0.17,0.31
15.0,1,0.505,0.385,0.145,0.6775,0.236,0.179,0.2
13.0,1,0.49,0.38,0.14,0.6385,0.2305,0.142,0.195
13.03311367960422,1,0.465,0.35,0.14,0.5755,0.2015,0.1505,0.19
15.0,-1,0.47,0.36,0.145,0.537,0.1725,0.1375,0.195
12.603779053316151,1,0.56,0.41,0.165,0.93,0.3505,0.237,0.3
10.724987169041036,1,0.505,0.385,0.15,0.6415,0.246,0.152,0.215
13.306073040518593,1,0.515,0.435,0.145,0.8815,0.292,0.206,0.255
6.0,0,0.385,0.28,0.125,0.244,0.102,0.038,0.085
5.0,0,0.215,0.155,0.06,0.0525,0.021,0.0165,0.015
14.022711581486007,1,0.55,0.415,0.175,1.042,0.3295,0.2325,0.2905
9.0,-1,0.515,0.39,0.13,0.5755,0.1975,0.13,0.1845
14.97858899713627,1,0.495,0.385,0.135,0.709,0.211,0.1375,0.262
10.770846204878639,-1,0.505,0.39,0.16,0.644,0.2475,0.2025,0.1635
11.167398615587093,-1,0.6,0.465,0.165,0.8875,0.309,0.246,0.262
10.0,-1,0.57,0.465,0.16,0.8935,0.3145,0.2575,0.263
10.322745098057512,-1,0.485,0.375,0.135,0.556,0.1925,0.1315,0.1685
11.036857465167916,1,0.47,0.37,0.18,0.51,0.1915,0.1285,0.1625
11.10429933267317,1,0.575,0.45,0.165,0.9215,0.3275,0.225,0.256
15.386965775875968,1,0.58,0.465,0.16,1.0345,0.315,0.26,0.3635
15.0,1,0.515,0.405,0.145,0.695,0.215,0.1635,0.234
11.0,1,0.53,0.41,0.155,0.7155,0.2805,0.1685,0.214
7.712649253866314,1,0.44,0.335,0.11,0.394,0.157,0.096,0.122
12.68128034529288,1,0.52,0.42,0.16,0.745,0.255,0.157,0.2885
9.970620198201717,-1,0.425,0.345,0.11,0.3665,0.125,0.081,0.117
10.0,1,0.46,0.34,0.135,0.495,0.1655,0.117,0.185
8.339535056086698,1,0.45,0.335,0.125,0.349,0.119,0.1055,0.115
10.03613159156587,1,0.425,0.33,0.13,0.4405,0.152,0.0935,0.155
7.0,0,0.37,0.275,0.1,0.22,0.094,0.045,0.065
10.0,1,0.515,0.38,0.135,0.6615,0.2875,0.2095,0.155
7.0,1,0.405,0.305,0.12,0.3185,0.1235,0.0905,0.095
6.0,0,0.28,0.205,0.07,0.1015,0.041,0.03,0.03
14.109018897632033,-1,0.48,0.4,0.125,0.759,0.2125,0.179,0.24
10.0,-1,0.44,0.34,0.13,0.4195,0.153,0.1155,0.13
9.2329632696702,-1,0.52,0.41,0.115,0.807,0.2855,0.179,0.235
15.952658176349091,1,0.505,0.405,0.14,0.875,0.2665,0.174,0.285
13.384068714944686,-1,0.49,0.365,0.13,0.6835,0.165,0.1315,0.205
4.26789164311892,0,0.235,0.175,0.055,0.067,0.027,0.0125,0.018
5.0,0,0.255,0.185,0.06,0.088,0.0365,0.021,0.023
6.863255540444187,0,0.315,0.24,0.085,0.1715,0.071,0.0345,0.0535
7.0,0,0.325,0.25,0.08,0.1735,0.0765,0.0345,0.049
6.0,0,0.335,0.25,0.08,0.183,0.0735,0.04,0.0575
6.0,0,0.35,0.27,0.09,0.2055,0.075,0.0575,0.062
6.763582539712976,0,0.35,0.25,0.07,0.18,0.0655,0.048,0.054
7.651146035753941,0,0.36,0.3,0.085,0.27,0.1185,0.064,0.0745
7.0,0,0.365,0.275,0.135,0.24,0.108,0.0445,0.0735
6.0,0,0.37,0.275,0.14,0.2215,0.097,0.0455,0.0615
7.0,0,0.38,0.275,0.095,0.1375,0.086,0.0585,0.0605
7.157854605369481,0,0.385,0.29,0.095,0.312,0.143,0.0635,0.086
7.783611184132808,0,0.385,0.3,0.1,0.2895,0.1215,0.063,0.09
6.718864274005141,0,0.395,0.29,0.095,0.319,0.138,0.08,0.082
6.0,0,0.395,0.29,0.095,0.304,0.127,0.084,0.077
8.524722324818374,0,0.4,0.31,0.1,0.306,0.13,0.06,0.094
7.34417476309765,0,0.41,0.325,0.1,0.394,0.208,0.0655,0.106
7.0,0,0.415,0.32,0.11,0.3735,0.175,0.0755,0.109
6.0,1,0.415,0.305,0.1,0.325,0.156,0.0505,0.091
8.071055811455466,0,0.425,0.325,0.1,0.398,0.1185,0.0645,0.0945
7.586124311928916,0,0.44,0.365,0.115,0.501,0.2435,0.084,0.1465
7.563206604904898,0,0.445,0.335,0.1,0.4895,0.2745,0.086,0.1105
7.0,0,0.445,0.325,0.1,0.378,0.1795,0.1,0.089
7.906639681249382,0,0.45,0.35,0.13,0.547,0.245,0.1405,0.1405
10.197156087411276,1,0.47,0.375,0.12,0.5805,0.266,0.0935,0.169
9.0,0,0.475,0.365,0.125,0.5465,0.229,0.1185,0.172
8.062004021055488,-1,0.48,0.365,0.135,0.6395,0.2945,0.113,0.175
9.756825840207426,0,0.485,0.355,0.105,0.498,0.2175,0.096,0.1525
8.109334500300614,1,0.49,0.385,0.125,0.609,0.3065,0.096,0.1775
9.0,-1,0.495,0.41,0.125,0.7555,0.3355,0.129,0.214
9.27106176376844,1,0.5,0.4,0.125,0.5975,0.27,0.1275,0.166
10.258265423100042,1,0.505,0.44,0.14,0.8275,0.3415,0.1855,0.239
9.353595227491343,1,0.525,0.395,0.13,0.7635,0.3375,0.1425,0.225
9.0,1,0.54,0.405,0.125,0.891,0.4815,0.1915,0.202
11.0,-1,0.54,0.42,0.14,0.805,0.369,0.1725,0.21
10.0,-1,0.545,0.44,0.135,0.9185,0.429,0.2015,0.2375
12.150298865958193,-1,0.55,0.43,0.125,0.923,0.4035,0.175,0.283
13.446288928387673,1,0.55,0.45,0.15,1.0145,0.407,0.2015,0.2875
12.00662315184969,-1,0.55,0.45,0.15,0.875,0.362,0.1755,0.2765
9.934232871029366,1,0.555,0.435,0.145,0.9685,0.4985,0.168,0.2385
10.0,1,0.565,0.45,0.155,1.0595,0.4735,0.24,0.265
11.75201985200732,1,0.57,0.455,0.15,0.952,0.3895,0.2155,0.2745
9.095606389954227,1,0.57,0.435,0.13,0.7535,0.349,0.1755,0.194
12.229245250384785,-1,0.575,0.465,0.14,0.958,0.442,0.1815,0.2705
13.112314716422976,1,0.59,0.475,0.165,1.077,0.4545,0.244,0.3095
12.0,1,0.59,0.46,0.13,1.102,0.455,0.2055,0.33
12.190803435473923,-1,0.595,0.48,0.15,1.11,0.498,0.228,0.33
11.965192581956517,-1,0.595,0.48,0.16,1.2095,0.5225,0.296,0.32
9.773045469851583,-1,0.595,0.475,0.16,1.1405,0.547,0.231,0.271
12.0,-1,0.595,0.465,0.14,1.113,0.5175,0.244,0.305
11.0,1,0.6,0.475,0.175,1.3445,0.549,0.2875,0.36
10.0,-1,0.6,0.475,0.155,1.21,0.653,0.1695,0.3205
12.310506878704373,1,0.6,0.495,0.175,1.29,0.606,0.276,0.3445
10.0,-1,0.605,0.475,0.175,1.382,0.609,0.2325,0.3985
9.0,1,0.605,0.455,0.16,1.1035,0.421,0.3015,0.325
11.542022042455715,-1,0.615,0.5,0.175,1.377,0.5585,0.33,0.292
11.975602811812946,-1,0.615,0.52,0.15,1.3435,0.629,0.2605,0.345
9.0,1,0.615,0.51,0.15,1.296,0.545,0.3315,0.32
14.282607469709184,1,0.615,0.505,0.165,1.34,0.5315,0.2815,0.41
13.03672199511091,-1,0.62,0.505,0.16,1.3725,0.6285,0.275,0.3685
11.857122487919199,1,0.62,0.5,0.165,1.307,0.6355,0.2545,0.315
15.691119291296852,-1,0.625,0.49,0.155,1.2085,0.465,0.162,0.411
12.728468930119396,-1,0.625,0.49,0.2,1.3825,0.5895,0.285,0.381
14.0,1,0.63,0.505,0.165,1.26,0.4525,0.2755,0.406
12.881442718298832,1,0.635,0.51,0.17,1.3555,0.619,0.305,0.39
10.0,-1,0.635,0.5,0.15,1.376,0.6495,0.361,0.31
9.936440270504228,-1,0.635,0.485,0.165,1.2945,0.668,0.2605,0.2715
10.985997905714871,-1,0.64,0.51,0.165,1.486,0.7595,0.332,0.321
13.275162041999986,1,0.65,0.525,0.175,1.4715,0.675,0.315,0.399
9.0,1,0.655,0.52,0.165,1.4095,0.586,0.291,0.405
18.295781308989557,1,0.655,0.58,0.205,2.0805,0.959,0.3415,0.601
13.983867320995266,1,0.66,0.53,0.17,1.3905,0.5905,0.212,0.453
10.0,1,0.66,0.52,0.19,1.558,0.755,0.298,0.4
14.374954750298116,-1,0.67,0.585,0.16,1.309,0.5445,0.2945,0.413
17.72959457690682,-1,0.675,0.525,0.17,1.8095,0.784,0.391,0.455
14.551567496791062,-1,0.675,0.525,0.155,1.4785,0.628,0.3405,0.42
16.580300787616025,-1,0.68,0.56,0.195,1.7775,0.861,0.322,0.415
16.109482361065297,-1,0.685,0.54,0.16,1.6675,0.833,0.3775,0.475
17.835023317382046,-1,0.695,0.56,0.22,1.834,0.8455,0.422,0.455
17.0,1,0.73,0.595,0.23,2.8255,1.1465,0.419,0.897
4.522190703994372,0,0.205,0.14,0.05,0.046,0.0165,0.012,0.0135
4.295805927926891,0,0.24,0.175,0.055,0.0705,0.025,0.014,0.021
3.0,0,0.24,0.175,0.065,0.0665,0.031,0.0135,0.017
4.402041353296968,0,0.255,0.19,0.05,0.083,0.0295,0.0215,0.027
4.0,0,0.255,0.18,0.055,0.083,0.031,0.0215,0.02
4.705109141857062,0,0.265,0.195,0.06,0.092,0.0345,0.025,0.0245
4.0,0,0.28,0.12,0.075,0.117,0.0455,0.029,0.0345
6.8380656164931715,0,0.295,0.23,0.08,0.1625,0.065,0.05,0.0385
4.0,0,0.3,0.235,0.08,0.131,0.05,0.0265,0.043
6.928918560219015,0,0.3,0.23,0.095,0.1385,0.056,0.0365,0.037
5.0,0,0.305,0.22,0.07,0.141,0.062,0.031,0.037
7.03545008619437,0,0.315,0.235,0.075,0.1485,0.0585,0.0375,0.0425
8.0,0,0.315,0.23,0.07,0.144,0.053,0.0305,0.04
5.914279762090254,0,0.32,0.24,0.09,0.1575,0.07,0.0265,0.0425
6.0,0,0.325,0.24,0.075,0.187,0.0825,0.0445,0.05
6.0,0,0.33,0.265,0.085,0.196,0.0775,0.0305,0.0445
7.0,0,0.335,0.25,0.075,0.1825,0.0705,0.044,0.055
6.699957795833878,0,0.335,0.25,0.075,0.186,0.0945,0.038,0.0445
6.718212605153,0,0.34,0.25,0.075,0.1785,0.0665,0.0455,0.045
7.0,0,0.34,0.25,0.07,0.2225,0.104,0.0425,0.055
6.663394028506179,0,0.345,0.265,0.1,0.2455,0.111,0.0535,0.065
6.0,0,0.37,0.29,0.095,0.249,0.1045,0.058,0.067
7.0,0,0.37,0.28,0.095,0.2865,0.1505,0.069,0.0795
6.35000901571642,0,0.375,0.28,0.09,0.215,0.084,0.06,0.055
7.201013481278817,0,0.385,0.265,0.08,0.251,0.124,0.037,0.07
6.979476829962667,0,0.41,0.31,0.09,0.339,0.155,0.0695,0.09
7.0,0,0.41,0.305,0.09,0.3535,0.157,0.0745,0.1
7.280589691305645,0,0.41,0.31,0.09,0.3335,0.1635,0.061,0.091
6.827883898978837,0,0.415,0.33,0.09,0.3595,0.17,0.081,0.09
7.357850315146948,0,0.42,0.32,0.115,0.376,0.169,0.092,0.1
6.0,0,0.42,0.315,0.1,0.3435,0.157,0.0795,0.09
7.428626148849888,0,0.425,0.34,0.1,0.382,0.164,0.096,0.1
7.417451374836551,0,0.425,0.315,0.1,0.377,0.1645,0.072,0.105
7.410854297074864,0,0.43,0.325,0.1,0.3645,0.1575,0.0825,0.105
7.490480692766351,0,0.43,0.325,0.09,0.425,0.217,0.087,0.095
7.819019362500594,0,0.435,0.325,0.12,0.3995,0.1815,0.061,0.1125
7.488289911109015,0,0.435,0.34,0.115,0.3925,0.1825,0.078,0.1145
6.0,0,0.44,0.345,0.13,0.4495,0.209,0.0835,0.134
7.0,0,0.44,0.325,0.09,0.35,0.148,0.067,0.105
9.650225886143936,-1,0.445,0.335,0.11,0.4355,0.2025,0.1095,0.1195
7.244139290883977,0,0.445,0.35,0.13,0.4195,0.1695,0.0945,0.1195
8.046705922984884,0,0.45,0.36,0.13,0.478,0.191,0.127,0.137
7.455801552431286,0,0.45,0.355,0.105,0.4445,0.197,0.093,0.1335
7.5223608488242375,0,0.45,0.345,0.11,0.47,0.2355,0.0855,0.1135
8.851713940185762,0,0.45,0.335,0.105,0.447,0.2335,0.153,0.119
7.0,0,0.455,0.355,0.125,0.5325,0.225,0.126,0.1465
8.474696752847374,0,0.455,0.375,0.12,0.497,0.2355,0.1055,0.1295
7.531571598441702,0,0.46,0.36,0.1,0.4635,0.2325,0.093,0.115
7.0,0,0.46,0.345,0.105,0.449,0.196,0.0945,0.1265
7.55935226481625,0,0.465,0.365,0.115,0.467,0.2315,0.0925,0.113
7.662978442964407,0,0.465,0.37,0.115,0.534,0.261,0.098,0.143
7.404458693802777,0,0.465,0.345,0.11,0.4415,0.1755,0.0905,0.12
6.0,-1,0.465,0.35,0.125,0.482,0.23,0.106,0.1095
8.051640817993418,1,0.47,0.365,0.12,0.612,0.327,0.15,0.14
7.586850787445443,-1,0.47,0.365,0.12,0.582,0.29,0.092,0.146
9.307567492162313,1,0.475,0.37,0.125,0.537,0.222,0.1215,0.15
6.0,-1,0.475,0.36,0.12,0.5915,0.3245,0.11,0.127
8.167375622716198,1,0.48,0.375,0.115,0.6765,0.3205,0.1065,0.17
6.0,1,0.48,0.385,0.145,0.64,0.2925,0.1405,0.1575
7.57029138369279,1,0.48,0.36,0.1,0.439,0.194,0.099,0.115
7.989058731507603,1,0.48,0.365,0.12,0.6015,0.312,0.117,0.14
9.720140088305072,-1,0.485,0.37,0.115,0.4785,0.1995,0.0955,0.129
8.034142239109018,1,0.49,0.385,0.125,0.649,0.32,0.124,0.1695
8.0,1,0.495,0.395,0.135,0.6335,0.3035,0.1295,0.1495
8.533894758563926,1,0.495,0.4,0.135,0.61,0.272,0.1435,0.144
7.951510309707109,1,0.5,0.39,0.135,0.6595,0.3145,0.1535,0.1565
8.527711619320549,0,0.5,0.385,0.12,0.56,0.2835,0.103,0.135
7.938357508186788,1,0.5,0.385,0.135,0.6425,0.3195,0.129,0.1535
7.0,1,0.5,0.4,0.125,0.6725,0.336,0.12,0.1825
8.208430933887511,-1,0.505,0.39,0.13,0.674,0.3165,0.141,0.1785
7.3852491603344985,0,0.505,0.39,0.15,0.685,0.362,0.131,0.156
9.0,1,0.505,0.41,0.125,0.642,0.289,0.133,0.155
8.0,0,0.505,0.355,0.125,0.601,0.25,0.1205,0.185
8.869937840588612,1,0.51,0.39,0.135,0.769,0.3935,0.1455,0.19
10.020447286676438,0,0.51,0.375,0.1,0.5785,0.238,0.1225,0.175
7.0,0,0.51,0.405,0.135,0.769,0.3655,0.1585,0.18
8.0,1,0.51,0.405,0.15,0.7035,0.347,0.134,0.1885
9.793886747394799,1,0.51,0.41,0.145,0.796,0.3865,0.1815,0.1955
8.0,-1,0.515,0.43,0.14,0.834,0.367,0.2,0.23
7.0,1,0.515,0.39,0.155,0.7125,0.3695,0.137,0.155
8.0,-1,0.525,0.415,0.14,0.724,0.3475,0.173,0.175
7.862361395039497,1,0.525,0.4,0.14,0.7325,0.334,0.1575,0.17
9.377858139335167,-1,0.53,0.425,0.13,0.7585,0.325,0.197,0.205
8.0,-1,0.53,0.425,0.15,0.8495,0.328,0.232,0.202
10.707476382731501,1,0.53,0.405,0.125,0.6515,0.2715,0.1605,0.186
9.660931208034423,-1,0.535,0.4,0.135,0.8215,0.3935,0.196,0.205
8.0,1,0.535,0.43,0.14,0.7165,0.2855,0.1595,0.2155
9.61302972075633,1,0.535,0.435,0.14,0.874,0.3735,0.229,0.2195
10.07624493448979,-1,0.55,0.445,0.155,0.9905,0.544,0.178,0.218
9.0,-1,0.55,0.43,0.14,0.8105,0.368,0.161,0.275
9.0,-1,0.56,0.455,0.16,0.967,0.4525,0.207,0.274
8.263486510631333,-1,0.565,0.4,0.13,0.6975,0.3075,0.1665,0.18
11.822043251452932,1,0.57,0.45,0.155,1.195,0.5625,0.2565,0.295
10.0,1,0.57,0.45,0.155,1.1935,0.513,0.21,0.343
8.0,-1,0.57,0.455,0.15,1.107,0.54,0.255,0.27
9.72282074863739,1,0.57,0.445,0.14,1.0635,0.5265,0.2195,0.24
7.0,1,0.57,0.46,0.17,0.9035,0.4075,0.1935,0.214
12.18670393290481,1,0.575,0.475,0.16,1.114,0.4955,0.2745,0.29
9.051126511318259,-1,0.575,0.46,0.16,1.103,0.538,0.221,0.249
11.8412906868296,-1,0.58,0.46,0.15,1.1155,0.5575,0.2255,0.29
12.888981084088648,-1,0.58,0.46,0.18,1.0515,0.4095,0.2595,0.276
10.0,1,0.58,0.455,0.15,1.012,0.4985,0.2115,0.2835
11.83361515398718,-1,0.58,0.45,0.145,1.137,0.5585,0.22,0.29
9.0,1,0.58,0.49,0.13,1.1335,0.586,0.2565,0.237
11.0,1,0.59,0.465,0.155,1.136,0.5245,0.2615,0.275
12.378581316709495,1,0.59,0.47,0.16,1.206,0.479,0.2425,0.309
8.0,-1,0.59,0.455,0.145,1.063,0.5155,0.2445,0.25
7.698368293496527,-1,0.595,0.47,0.155,1.121,0.4515,0.178,0.155
