SSPL,f,alpha,c,U_infinity,delta
129.45499999999998,800,0.0,0.3048,71.3,0.00266337
125.201,1000,0.0,0.3048,71.3,0.00266337
130.7328,1250,0.0,0.3048,71.3,0.00266337
127.591,1600,0.0,0.3048,71.3,0.00266337
127.461,2000,0.0,0.3048,71.3,0.00266337
125.571,2500,0.0,0.3048,71.3,0.00266337
128.8284,3150,0.0,0.3048,71.3,0.00266337
127.0024,4000,0.0,0.3048,71.3,0.00266337
123.87639999999999,5000,0.0,0.3048,71.3,0.00266337
121.75280000000001,6300,0.0,0.3048,71.3,0.00266337
123.33599999999998,8000,0.0,0.3048,71.3,0.00266337
120.38760000000002,10000,0.0,0.3048,71.3,0.00266337
113.332,12500,0.0,0.3048,71.3,0.00266337
115.02539999999999,16000,0.0,0.3048,71.3,0.00266337
126.99179999999998,500,0.0,0.3048,55.5,0.00283081
129.0948,630,0.0,0.3048,55.5,0.00283081
128.086,800,0.0,0.3048,55.5,0.00283081
126.966,1000,0.0,0.3048,55.5,0.00283081
126.086,1250,0.0,0.3048,55.5,0.00283081
128.3634,1600,0.0,0.3048,55.5,0.00283081
126.1256,2000,0.0,0.3048,55.5,0.00283081
128.1542,2500,0.0,0.3048,55.5,0.00283081
126.5862,3150,0.0,0.3048,55.5,0.00283081
124.89259999999999,4000,0.0,0.3048,55.5,0.00283081
119.606,5000,0.0,0.3048,55.5,0.00283081
117.976,6300,0.0,0.3048,55.5,0.00283081
123.0214,8000,0.0,0.3048,55.5,0.00283081
113.076,10000,0.0,0.3048,55.5,0.00283081
111.076,12500,0.0,0.3048,55.5,0.00283081
122.3656,200,0.0,0.3048,39.6,0.00310138
119.319,250,0.0,0.3048,39.6,0.00310138
125.35220000000001,315,0.0,0.3048,39.6,0.00310138
124.809,400,0.0,0.3048,39.6,0.00310138
128.70639999999997,500,0.0,0.3048,39.6,0.00310138
129.2748,630,0.0,0.3048,39.6,0.00310138
129.1618,800,0.0,0.3048,39.6,0.00310138
127.899,1000,0.0,0.3048,39.6,0.00310138
125.499,1250,0.0,0.3048,39.6,0.00310138
127.1732,1600,0.0,0.3048,39.6,0.00310138
123.689,2000,0.0,0.3048,39.6,0.00310138
121.399,2500,0.0,0.3048,39.6,0.00310138
120.319,3150,0.0,0.3048,39.6,0.00310138
119.229,4000,0.0,0.3048,39.6,0.00310138
121.06200000000001,5000,0.0,0.3048,39.6,0.00310138
116.229,6300,0.0,0.3048,39.6,0.00310138
117.02059999999999,8000,0.0,0.3048,39.6,0.00310138
112.139,10000,0.0,0.3048,39.6,0.00310138
109.619,12500,0.0,0.3048,39.6,0.00310138
122.3656,200,0.0,0.3048,31.7,0.00331266
118.595,250,0.0,0.3048,31.7,0.00331266
122.08579999999999,315,0.0,0.3048,31.7,0.00331266
125.045,400,0.0,0.3048,31.7,0.00331266
127.315,500,0.0,0.3048,31.7,0.00331266
129.095,630,0.0,0.3048,31.7,0.00331266
129.235,800,0.0,0.3048,31.7,0.00331266
128.593,1000,0.0,0.3048,31.7,0.00331266
128.33919999999998,1250,0.0,0.3048,31.7,0.00331266
122.365,1600,0.0,0.3048,31.7,0.00331266
122.375,2000,0.0,0.3048,31.7,0.00331266
120.755,2500,0.0,0.3048,31.7,0.00331266
119.135,3150,0.0,0.3048,31.7,0.00331266
119.87720000000002,4000,0.0,0.3048,31.7,0.00331266
115.645,5000,0.0,0.3048,31.7,0.00331266
129.15300000000002,6300,0.0,0.3048,31.7,0.00331266
110.515,8000,0.0,0.3048,31.7,0.00331266
120.1842,10000,0.0,0.3048,31.7,0.00331266
127.122,800,1.5,0.3048,71.3,0.00336729
125.992,1000,1.5,0.3048,71.3,0.00336729
130.7328,1250,1.5,0.3048,71.3,0.00336729
126.632,1600,1.5,0.3048,71.3,0.00336729
128.83560000000003,2000,1.5,0.3048,71.3,0.00336729
124.512,2500,1.5,0.3048,71.3,0.00336729
123.392,3150,1.5,0.3048,71.3,0.00336729
127.0024,4000,1.5,0.3048,71.3,0.00336729
119.632,5000,1.5,0.3048,71.3,0.00336729
121.75280000000001,6300,1.5,0.3048,71.3,0.00336729
115.372,8000,1.5,0.3048,71.3,0.00336729
120.38760000000002,10000,1.5,0.3048,71.3,0.00336729
109.222,12500,1.5,0.3048,71.3,0.00336729
115.02539999999999,16000,1.5,0.3048,71.3,0.00336729
128.3092,315,1.5,0.3048,39.6,0.00392107
126.075,400,1.5,0.3048,39.6,0.00392107
128.70639999999997,500,1.5,0.3048,39.6,0.00392107
128.311,630,1.5,0.3048,39.6,0.00392107
128.831,800,1.5,0.3048,39.6,0.00392107
129.1578,1000,1.5,0.3048,39.6,0.00392107
128.2612,1250,1.5,0.3048,39.6,0.00392107
127.17320000000002,1600,1.5,0.3048,39.6,0.00392107
127.0488,2000,1.5,0.3048,39.6,0.00392107
120.981,2500,1.5,0.3048,39.6,0.00392107
119.111,3150,1.5,0.3048,39.6,0.00392107
125.73119999999999,4000,1.5,0.3048,39.6,0.00392107
120.549,5000,1.5,0.3048,39.6,0.00392107
119.9694,6300,1.5,0.3048,39.6,0.00392107
112.251,8000,1.5,0.3048,39.6,0.00392107
120.00280000000001,10000,1.5,0.3048,39.6,0.00392107
106.111,12500,1.5,0.3048,39.6,0.00392107
132.9918,400,3.0,0.3048,71.3,0.00425727
128.6564,500,3.0,0.3048,71.3,0.00425727
129.354,630,3.0,0.3048,71.3,0.00425727
129.494,800,3.0,0.3048,71.3,0.00425727
129.4234,1000,3.0,0.3048,71.3,0.00425727
130.7328,1250,3.0,0.3048,71.3,0.00425727
126.59639999999999,1600,3.0,0.3048,71.3,0.00425727
127.3158,2000,3.0,0.3048,71.3,0.00425727
127.35560000000001,2500,3.0,0.3048,71.3,0.00425727
128.82840000000002,3150,3.0,0.3048,71.3,0.00425727
120.264,4000,3.0,0.3048,71.3,0.00425727
118.134,5000,3.0,0.3048,71.3,0.00425727
121.75280000000001,6300,3.0,0.3048,71.3,0.00425727
114.634,8000,3.0,0.3048,71.3,0.00425727
120.38759999999999,10000,3.0,0.3048,71.3,0.00425727
126.159,400,3.0,0.3048,55.5,0.00452492
126.99179999999998,500,3.0,0.3048,55.5,0.00452492
129.0948,630,3.0,0.3048,55.5,0.00452492
129.949,800,3.0,0.3048,55.5,0.00452492
129.329,1000,3.0,0.3048,55.5,0.00452492
127.1054,1250,3.0,0.3048,55.5,0.00452492
124.439,1600,3.0,0.3048,55.5,0.00452492
123.069,2000,3.0,0.3048,55.5,0.00452492
122.439,2500,3.0,0.3048,55.5,0.00452492
120.189,3150,3.0,0.3048,55.5,0.00452492
124.89259999999999,4000,3.0,0.3048,55.5,0.00452492
125.253,5000,3.0,0.3048,55.5,0.00452492
124.1502,6300,3.0,0.3048,55.5,0.00452492
113.799,8000,3.0,0.3048,55.5,0.00452492
112.169,10000,3.0,0.3048,55.5,0.00452492
123.312,315,3.0,0.3048,39.6,0.00495741
126.8894,400,3.0,0.3048,39.6,0.00495741
129.03119999999998,500,3.0,0.3048,39.6,0.00495741
129.292,630,3.0,0.3048,39.6,0.00495741
130.033,800,3.0,0.3048,39.6,0.00495741
128.312,1000,3.0,0.3048,39.6,0.00495741
125.802,1250,3.0,0.3048,39.6,0.00495741
127.1732,1600,3.0,0.3048,39.6,0.00495741
120.532,2000,3.0,0.3048,39.6,0.00495741
120.162,2500,3.0,0.3048,39.6,0.00495741
122.119,3150,3.0,0.3048,39.6,0.00495741
124.4656,4000,3.0,0.3048,39.6,0.00495741
120.549,5000,3.0,0.3048,39.6,0.00495741
118.23219999999999,6300,3.0,0.3048,39.6,0.00495741
110.652,8000,3.0,0.3048,39.6,0.00495741
122.08579999999999,315,3.0,0.3048,31.7,0.00529514
125.398,400,3.0,0.3048,31.7,0.00529514
125.7476,500,3.0,0.3048,31.7,0.00529514
128.698,630,3.0,0.3048,31.7,0.00529514
128.708,800,3.0,0.3048,31.7,0.00529514
126.838,1000,3.0,0.3048,31.7,0.00529514
125.82160000000002,1250,3.0,0.3048,31.7,0.00529514
128.2848,1600,3.0,0.3048,31.7,0.00529514
123.0548,2000,3.0,0.3048,31.7,0.00529514
119.598,2500,3.0,0.3048,31.7,0.00529514
118.108,3150,3.0,0.3048,31.7,0.00529514
121.3786,4000,3.0,0.3048,31.7,0.00529514
124.36919999999998,5000,3.0,0.3048,31.7,0.00529514
129.15300000000002,6300,3.0,0.3048,31.7,0.00529514
132.27880000000002,250,4.0,0.3048,71.3,0.00497773
133.78879999999998,315,4.0,0.3048,71.3,0.00497773
129.575,400,4.0,0.3048,71.3,0.00497773
128.6564,500,4.0,0.3048,71.3,0.00497773
131.615,630,4.0,0.3048,71.3,0.00497773
131.755,800,4.0,0.3048,71.3,0.00497773
131.015,1000,4.0,0.3048,71.3,0.00497773
130.7328,1250,4.0,0.3048,71.3,0.00497773
126.645,1600,4.0,0.3048,71.3,0.00497773
126.3652,2000,4.0,0.3048,71.3,0.00497773
123.775,2500,4.0,0.3048,71.3,0.00497773
124.7836,3150,4.0,0.3048,71.3,0.00497773
119.535,4000,4.0,0.3048,71.3,0.00497773
117.785,5000,4.0,0.3048,71.3,0.00497773
121.75280000000001,6300,4.0,0.3048,71.3,0.00497773
117.22919999999999,8000,4.0,0.3048,71.3,0.00497773
110.905,10000,4.0,0.3048,71.3,0.00497773
107.405,12500,4.0,0.3048,71.3,0.00497773
125.0164,250,4.0,0.3048,39.6,0.00579636
130.0778,315,4.0,0.3048,39.6,0.00579636
128.633,400,4.0,0.3048,39.6,0.00579636
129.03119999999998,500,4.0,0.3048,39.6,0.00579636
131.03379999999999,630,4.0,0.3048,39.6,0.00579636
129.7122,800,4.0,0.3048,39.6,0.00579636
128.3092,1000,4.0,0.3048,39.6,0.00579636
126.61859999999999,1250,4.0,0.3048,39.6,0.00579636
127.1732,1600,4.0,0.3048,39.6,0.00579636
120.963,2000,4.0,0.3048,39.6,0.00579636
126.4374,2500,4.0,0.3048,39.6,0.00579636
120.41879999999999,3150,4.0,0.3048,39.6,0.00579636
124.46560000000002,4000,4.0,0.3048,39.6,0.00579636
120.549,5000,4.0,0.3048,39.6,0.00579636
130.7328,1250,0.0,0.2286,71.3,0.00214345
129.134,1600,0.0,0.2286,71.3,0.00214345
128.8356,2000,0.0,0.2286,71.3,0.00214345
127.30519999999999,2500,0.0,0.2286,71.3,0.00214345
128.8284,3150,0.0,0.2286,71.3,0.00214345
127.0024,4000,0.0,0.2286,71.3,0.00214345
123.87639999999999,5000,0.0,0.2286,71.3,0.00214345
122.044,6300,0.0,0.2286,71.3,0.00214345
118.024,8000,0.0,0.2286,71.3,0.00214345
120.38760000000002,10000,0.0,0.2286,71.3,0.00214345
117.624,12500,0.0,0.2286,71.3,0.00214345
114.984,16000,0.0,0.2286,71.3,0.00214345
116.2082,20000,0.0,0.2286,71.3,0.00214345
127.8836,315,0.0,0.2286,55.5,0.00229336
121.66,400,0.0,0.2286,55.5,0.00229336
126.99179999999998,500,0.0,0.2286,55.5,0.00229336
129.0948,630,0.0,0.2286,55.5,0.00229336
129.63420000000002,800,0.0,0.2286,55.5,0.00229336
128.29,1000,0.0,0.2286,55.5,0.00229336
127.1054,1250,0.0,0.2286,55.5,0.00229336
126.79,1600,0.0,0.2286,55.5,0.00229336
126.54,2000,0.0,0.2286,55.5,0.00229336
126.54,2500,0.0,0.2286,55.5,0.00229336
126.5862,3150,0.0,0.2286,55.5,0.00229336
123.41,4000,0.0,0.2286,55.5,0.00229336
122.41,5000,0.0,0.2286,55.5,0.00229336
118.41,6300,0.0,0.2286,55.5,0.00229336
125.35220000000001,315,0.0,0.2286,39.6,0.00253511
123.565,400,0.0,0.2286,39.6,0.00253511
128.5784,500,0.0,0.2286,39.6,0.00253511
129.2748,630,0.0,0.2286,39.6,0.00253511
130.205,800,0.0,0.2286,39.6,0.00253511
129.1578,1000,0.0,0.2286,39.6,0.00253511
129.395,1250,0.0,0.2286,39.6,0.00253511
127.1732,1600,0.0,0.2286,39.6,0.00253511
129.526,2000,0.0,0.2286,39.6,0.00253511
125.025,2500,0.0,0.2286,39.6,0.00253511
126.38640000000001,3150,0.0,0.2286,39.6,0.00253511
123.465,4000,0.0,0.2286,39.6,0.00253511
122.4124,5000,0.0,0.2286,39.6,0.00253511
117.465,6300,0.0,0.2286,39.6,0.00253511
120.595,315,0.0,0.2286,31.7,0.0027238
123.635,400,0.0,0.2286,31.7,0.0027238
126.675,500,0.0,0.2286,31.7,0.0027238
127.5122,630,0.0,0.2286,31.7,0.0027238
128.32619999999997,800,0.0,0.2286,31.7,0.0027238
128.593,1000,0.0,0.2286,31.7,0.0027238
128.3392,1250,0.0,0.2286,31.7,0.0027238
128.2848,1600,0.0,0.2286,31.7,0.0027238
123.455,2000,0.0,0.2286,31.7,0.0027238
127.52359999999999,2500,0.0,0.2286,31.7,0.0027238
122.99359999999999,3150,0.0,0.2286,31.7,0.0027238
120.72440000000002,4000,0.0,0.2286,31.7,0.0027238
127.07000000000001,5000,0.0,0.2286,31.7,0.0027238
129.15300000000002,6300,0.0,0.2286,31.7,0.0027238
132.9918,400,2.0,0.2286,71.3,0.00293031
126.486,500,2.0,0.2286,71.3,0.00293031
131.7122,630,2.0,0.2286,71.3,0.00293031
128.216,800,2.0,0.2286,71.3,0.00293031
128.6732,1000,2.0,0.2286,71.3,0.00293031
128.816,1250,2.0,0.2286,71.3,0.00293031
127.796,1600,2.0,0.2286,71.3,0.00293031
126.896,2000,2.0,0.2286,71.3,0.00293031
127.006,2500,2.0,0.2286,71.3,0.00293031
128.8284,3150,2.0,0.2286,71.3,0.00293031
127.0024,4000,2.0,0.2286,71.3,0.00293031
121.94099999999999,5000,2.0,0.2286,71.3,0.00293031
121.75280000000001,6300,2.0,0.2286,71.3,0.00293031
116.681,8000,2.0,0.2286,71.3,0.00293031
120.38759999999999,10000,2.0,0.2286,71.3,0.00293031
122.292,400,2.0,0.2286,55.5,0.00313525
124.692,500,2.0,0.2286,55.5,0.00313525
129.0948,630,2.0,0.2286,55.5,0.00313525
129.6342,800,2.0,0.2286,55.5,0.00313525
129.30239999999998,1000,2.0,0.2286,55.5,0.00313525
127.1054,1250,2.0,0.2286,55.5,0.00313525
126.752,1600,2.0,0.2286,55.5,0.00313525
126.1256,2000,2.0,0.2286,55.5,0.00313525
128.1542,2500,2.0,0.2286,55.5,0.00313525
123.742,3150,2.0,0.2286,55.5,0.00313525
124.89259999999999,4000,2.0,0.2286,55.5,0.00313525
125.253,5000,2.0,0.2286,55.5,0.00313525
124.1502,6300,2.0,0.2286,55.5,0.00313525
128.3092,315,2.0,0.2286,39.6,0.00346574
122.147,400,2.0,0.2286,39.6,0.00346574
128.5784,500,2.0,0.2286,39.6,0.00346574
129.2748,630,2.0,0.2286,39.6,0.00346574
129.1618,800,2.0,0.2286,39.6,0.00346574
129.1578,1000,2.0,0.2286,39.6,0.00346574
128.26119999999997,1250,2.0,0.2286,39.6,0.00346574
127.17320000000002,1600,2.0,0.2286,39.6,0.00346574
125.26399999999998,2000,2.0,0.2286,39.6,0.00346574
121.397,2500,2.0,0.2286,39.6,0.00346574
126.38640000000001,3150,2.0,0.2286,39.6,0.00346574
125.73119999999999,4000,2.0,0.2286,39.6,0.00346574
118.827,5000,2.0,0.2286,39.6,0.00346574
119.9694,6300,2.0,0.2286,39.6,0.00346574
120.147,315,2.0,0.2286,31.7,0.00372371
125.2988,400,2.0,0.2286,31.7,0.00372371
125.74759999999999,500,2.0,0.2286,31.7,0.00372371
127.8028,630,2.0,0.2286,31.7,0.00372371
128.32620000000003,800,2.0,0.2286,31.7,0.00372371
128.593,1000,2.0,0.2286,31.7,0.00372371
125.82159999999999,1250,2.0,0.2286,31.7,0.00372371
128.2848,1600,2.0,0.2286,31.7,0.00372371
123.0548,2000,2.0,0.2286,31.7,0.00372371
127.52359999999999,2500,2.0,0.2286,31.7,0.00372371
122.99360000000001,3150,2.0,0.2286,31.7,0.00372371
121.3786,4000,2.0,0.2286,31.7,0.00372371
126.14479999999999,5000,2.0,0.2286,31.7,0.00372371
129.153,6300,2.0,0.2286,31.7,0.00372371
128.6564,500,4.0,0.2286,71.3,0.00400603
131.71220000000002,630,4.0,0.2286,71.3,0.00400603
130.688,800,4.0,0.2286,71.3,0.00400603
131.708,1000,4.0,0.2286,71.3,0.00400603
131.718,1250,4.0,0.2286,71.3,0.00400603
127.2568,1600,4.0,0.2286,71.3,0.00400603
126.218,2000,4.0,0.2286,71.3,0.00400603
127.35560000000001,2500,4.0,0.2286,71.3,0.00400603
124.7836,3150,4.0,0.2286,71.3,0.00400603
121.728,4000,4.0,0.2286,71.3,0.00400603
121.118,5000,4.0,0.2286,71.3,0.00400603
121.75280000000001,6300,4.0,0.2286,71.3,0.00400603
112.848,8000,4.0,0.2286,71.3,0.00400603
120.38759999999999,10000,4.0,0.2286,71.3,0.00400603
114.258,12500,4.0,0.2286,71.3,0.00400603
112.768,16000,4.0,0.2286,71.3,0.00400603
118.053,20000,4.0,0.2286,71.3,0.00400603
127.12199999999999,400,4.0,0.2286,55.5,0.0042862
126.99179999999998,500,4.0,0.2286,55.5,0.0042862
129.964,630,4.0,0.2286,55.5,0.0042862
129.73899999999998,800,4.0,0.2286,55.5,0.0042862
129.30239999999998,1000,4.0,0.2286,55.5,0.0042862
127.1054,1250,4.0,0.2286,55.5,0.0042862
126.99759999999999,1600,4.0,0.2286,55.5,0.0042862
126.1256,2000,4.0,0.2286,55.5,0.0042862
125.9926,2500,4.0,0.2286,55.5,0.0042862
122.394,3150,4.0,0.2286,55.5,0.0042862
124.89260000000002,4000,4.0,0.2286,55.5,0.0042862
120.034,5000,4.0,0.2286,55.5,0.0042862
124.1502,6300,4.0,0.2286,55.5,0.0042862
115.9356,8000,4.0,0.2286,55.5,0.0042862
130.0778,315,4.0,0.2286,39.6,0.00473801
128.3512,400,4.0,0.2286,39.6,0.00473801
129.03119999999998,500,4.0,0.2286,39.6,0.00473801
131.03379999999999,630,4.0,0.2286,39.6,0.00473801
130.469,800,4.0,0.2286,39.6,0.00473801
129.969,1000,4.0,0.2286,39.6,0.00473801
128.339,1250,4.0,0.2286,39.6,0.00473801
125.319,1600,4.0,0.2286,39.6,0.00473801
121.659,2000,4.0,0.2286,39.6,0.00473801
126.4374,2500,4.0,0.2286,39.6,0.00473801
120.41879999999999,3150,4.0,0.2286,39.6,0.00473801
119.159,4000,4.0,0.2286,39.6,0.00473801
120.549,5000,4.0,0.2286,39.6,0.00473801
117.15419999999999,6300,4.0,0.2286,39.6,0.00473801
113.129,8000,4.0,0.2286,39.6,0.00473801
124.1944,250,4.0,0.2286,31.7,0.00509068
123.609,315,4.0,0.2286,31.7,0.00509068
126.596,400,4.0,0.2286,31.7,0.00509068
128.939,500,4.0,0.2286,31.7,0.00509068
127.8028,630,4.0,0.2286,31.7,0.00509068
128.3262,800,4.0,0.2286,31.7,0.00509068
128.593,1000,4.0,0.2286,31.7,0.00509068
126.329,1250,4.0,0.2286,31.7,0.00509068
125.229,1600,4.0,0.2286,31.7,0.00509068
122.089,2000,4.0,0.2286,31.7,0.00509068
124.49680000000001,2500,4.0,0.2286,31.7,0.00509068
122.99359999999999,3150,4.0,0.2286,31.7,0.00509068
118.859,4000,4.0,0.2286,31.7,0.00509068
124.3692,5000,4.0,0.2286,31.7,0.00509068
129.15300000000002,6300,4.0,0.2286,31.7,0.00509068
127.7,400,5.3,0.2286,71.3,0.0051942
128.6564,500,5.3,0.2286,71.3,0.0051942
131.7122,630,5.3,0.2286,71.3,0.0051942
131.23520000000002,800,5.3,0.2286,71.3,0.0051942
132.5256,1000,5.3,0.2286,71.3,0.0051942
130.7328,1250,5.3,0.2286,71.3,0.0051942
128.6996,1600,5.3,0.2286,71.3,0.0051942
125.89,2000,5.3,0.2286,71.3,0.0051942
126.87079999999999,2500,5.3,0.2286,71.3,0.0051942
124.7836,3150,5.3,0.2286,71.3,0.0051942
123.1596,4000,5.3,0.2286,71.3,0.0051942
122.16959999999999,5000,5.3,0.2286,71.3,0.0051942
121.75280000000001,6300,5.3,0.2286,71.3,0.0051942
117.22919999999999,8000,5.3,0.2286,71.3,0.0051942
120.38759999999999,10000,5.3,0.2286,71.3,0.0051942
127.011,250,5.3,0.2286,39.6,0.00614329
130.0778,315,5.3,0.2286,39.6,0.00614329
131.221,400,5.3,0.2286,39.6,0.00614329
132.251,500,5.3,0.2286,39.6,0.00614329
132.011,630,5.3,0.2286,39.6,0.00614329
129.78000000000003,800,5.3,0.2286,39.6,0.00614329
128.30919999999998,1000,5.3,0.2286,39.6,0.00614329
127.06080000000001,1250,5.3,0.2286,39.6,0.00614329
123.081,1600,5.3,0.2286,39.6,0.00614329
117.911,2000,5.3,0.2286,39.6,0.00614329
116.151,2500,5.3,0.2286,39.6,0.00614329
118.441,3150,5.3,0.2286,39.6,0.00614329
123.0728,4000,5.3,0.2286,39.6,0.00614329
118.0854,5000,5.3,0.2286,39.6,0.00614329
112.541,6300,5.3,0.2286,39.6,0.00614329
129.22279999999998,200,7.3,0.2286,71.3,0.0104404
139.918,250,7.3,0.2286,71.3,0.0104404
139.808,315,7.3,0.2286,71.3,0.0104404
139.438,400,7.3,0.2286,71.3,0.0104404
136.798,500,7.3,0.2286,71.3,0.0104404
133.768,630,7.3,0.2286,71.3,0.0104404
134.462,800,7.3,0.2286,71.3,0.0104404
132.9788,1000,7.3,0.2286,71.3,0.0104404
130.29919999999998,1250,7.3,0.2286,71.3,0.0104404
127.9218,1600,7.3,0.2286,71.3,0.0104404
122.708,2000,7.3,0.2286,71.3,0.0104404
122.088,2500,7.3,0.2286,71.3,0.0104404
125.5334,3150,7.3,0.2286,71.3,0.0104404
127.13519999999998,4000,7.3,0.2286,71.3,0.0104404
124.1424,5000,7.3,0.2286,71.3,0.0104404
115.818,6300,7.3,0.2286,71.3,0.0104404
123.9926,200,7.3,0.2286,55.5,0.0111706
132.24900000000002,250,7.3,0.2286,55.5,0.0111706
130.5378,315,7.3,0.2286,55.5,0.0111706
135.924,400,7.3,0.2286,55.5,0.0111706
128.8082,500,7.3,0.2286,55.5,0.0111706
130.934,630,7.3,0.2286,55.5,0.0111706
128.444,800,7.3,0.2286,55.5,0.0111706
129.435,1000,7.3,0.2286,55.5,0.0111706
127.1054,1250,7.3,0.2286,55.5,0.0111706
123.354,1600,7.3,0.2286,55.5,0.0111706
120.354,2000,7.3,0.2286,55.5,0.0111706
125.6354,2500,7.3,0.2286,55.5,0.0111706
117.134,3150,7.3,0.2286,55.5,0.0111706
117.284,4000,7.3,0.2286,55.5,0.0111706
118.98700000000001,5000,7.3,0.2286,55.5,0.0111706
118.91419999999998,6300,7.3,0.2286,55.5,0.0111706
122.3656,200,7.3,0.2286,39.6,0.0123481
126.8196,250,7.3,0.2286,39.6,0.0123481
132.149,315,7.3,0.2286,39.6,0.0123481
132.039,400,7.3,0.2286,39.6,0.0123481
130.299,500,7.3,0.2286,39.6,0.0123481
128.929,630,7.3,0.2286,39.6,0.0123481
126.299,800,7.3,0.2286,39.6,0.0123481
129.1328,1000,7.3,0.2286,39.6,0.0123481
127.91040000000001,1250,7.3,0.2286,39.6,0.0123481
125.76180000000002,1600,7.3,0.2286,39.6,0.0123481
123.4606,2000,7.3,0.2286,39.6,0.0123481
125.90059999999998,2500,7.3,0.2286,39.6,0.0123481
122.58339999999998,3150,7.3,0.2286,39.6,0.0123481
123.0728,4000,7.3,0.2286,39.6,0.0123481
111.959,5000,7.3,0.2286,39.6,0.0123481
110.839,6300,7.3,0.2286,39.6,0.0123481
128.679,200,7.3,0.2286,31.7,0.0132672
127.19859999999998,250,7.3,0.2286,31.7,0.0132672
123.85320000000002,315,7.3,0.2286,31.7,0.0132672
130.269,400,7.3,0.2286,31.7,0.0132672
124.11880000000001,500,7.3,0.2286,31.7,0.0132672
127.71220000000001,630,7.3,0.2286,31.7,0.0132672
123.209,800,7.3,0.2286,31.7,0.0132672
127.6668,1000,7.3,0.2286,31.7,0.0132672
120.509,1250,7.3,0.2286,31.7,0.0132672
122.54860000000001,1600,7.3,0.2286,31.7,0.0132672
120.6692,2000,7.3,0.2286,31.7,0.0132672
124.426,2500,7.3,0.2286,31.7,0.0132672
119.4656,3150,7.3,0.2286,31.7,0.0132672
112.639,4000,7.3,0.2286,31.7,0.0132672
124.3692,5000,7.3,0.2286,31.7,0.0132672
125.59079999999999,6300,7.3,0.2286,31.7,0.0132672
129.45499999999998,800,0.0,0.1524,71.3,0.0015988
128.6732,1000,0.0,0.1524,71.3,0.0015988
130.7328,1250,0.0,0.1524,71.3,0.0015988
127.5596,1600,0.0,0.1524,71.3,0.0015988
128.647,2000,0.0,0.1524,71.3,0.0015988
128.127,2500,0.0,0.1524,71.3,0.0015988
128.8284,3150,0.0,0.1524,71.3,0.0015988
127.0024,4000,0.0,0.1524,71.3,0.0015988
126.457,5000,0.0,0.1524,71.3,0.0015988
121.75280000000001,6300,0.0,0.1524,71.3,0.0015988
122.527,8000,0.0,0.1524,71.3,0.0015988
120.247,10000,0.0,0.1524,71.3,0.0015988
114.7026,12500,0.0,0.1524,71.3,0.0015988
115.02539999999999,16000,0.0,0.1524,71.3,0.0015988
126.99179999999998,500,0.0,0.1524,55.5,0.00172668
129.0948,630,0.0,0.1524,55.5,0.00172668
129.63420000000002,800,0.0,0.1524,55.5,0.00172668
129.30239999999998,1000,0.0,0.1524,55.5,0.00172668
129.953,1250,0.0,0.1524,55.5,0.00172668
130.183,1600,0.0,0.1524,55.5,0.00172668
126.1256,2000,0.0,0.1524,55.5,0.00172668
127.763,2500,0.0,0.1524,55.5,0.00172668
126.5862,3150,0.0,0.1524,55.5,0.00172668
127.233,4000,0.0,0.1524,55.5,0.00172668
125.253,5000,0.0,0.1524,55.5,0.00172668
124.1502,6300,0.0,0.1524,55.5,0.00172668
123.0214,8000,0.0,0.1524,55.5,0.00172668
119.253,10000,0.0,0.1524,55.5,0.00172668
116.25699999999999,12500,0.0,0.1524,55.5,0.00172668
112.803,16000,0.0,0.1524,55.5,0.00172668
128.5784,500,0.0,0.1524,39.6,0.00193287
124.403,630,0.0,0.1524,39.6,0.00193287
127.903,800,0.0,0.1524,39.6,0.00193287
129.1578,1000,0.0,0.1524,39.6,0.00193287
128.2612,1250,0.0,0.1524,39.6,0.00193287
127.1732,1600,0.0,0.1524,39.6,0.00193287
129.633,2000,0.0,0.1524,39.6,0.00193287
126.863,2500,0.0,0.1524,39.6,0.00193287
125.603,3150,0.0,0.1524,39.6,0.00193287
125.73119999999999,4000,0.0,0.1524,39.6,0.00193287
123.453,5000,0.0,0.1524,39.6,0.00193287
121.313,6300,0.0,0.1524,39.6,0.00193287
120.553,8000,0.0,0.1524,39.6,0.00193287
115.413,10000,0.0,0.1524,39.6,0.00193287
125.74759999999999,500,0.0,0.1524,31.7,0.00209405
127.5122,630,0.0,0.1524,31.7,0.00209405
129.117,800,0.0,0.1524,31.7,0.00209405
130.987,1000,0.0,0.1524,31.7,0.00209405
128.3392,1250,0.0,0.1524,31.7,0.00209405
128.2848,1600,0.0,0.1524,31.7,0.00209405
126.1606,2000,0.0,0.1524,31.7,0.00209405
127.52359999999999,2500,0.0,0.1524,31.7,0.00209405
124.207,3150,0.0,0.1524,31.7,0.00209405
123.807,4000,0.0,0.1524,31.7,0.00209405
122.397,5000,0.0,0.1524,31.7,0.00209405
119.737,6300,0.0,0.1524,31.7,0.00209405
122.845,8000,0.0,0.1524,31.7,0.00209405
131.71220000000002,630,2.7,0.1524,71.3,0.00243851
129.45499999999998,800,2.7,0.1524,71.3,0.00243851
130.2732,1000,2.7,0.1524,71.3,0.00243851
130.7328,1250,2.7,0.1524,71.3,0.00243851
126.905,1600,2.7,0.1524,71.3,0.00243851
130.114,2000,2.7,0.1524,71.3,0.00243851
127.46280000000002,2500,2.7,0.1524,71.3,0.00243851
127.054,3150,2.7,0.1524,71.3,0.00243851
127.00240000000001,4000,2.7,0.1524,71.3,0.00243851
124.364,5000,2.7,0.1524,71.3,0.00243851
121.75280000000001,6300,2.7,0.1524,71.3,0.00243851
118.1298,8000,2.7,0.1524,71.3,0.00243851
120.38759999999999,10000,2.7,0.1524,71.3,0.00243851
113.034,12500,2.7,0.1524,71.3,0.00243851
110.364,16000,2.7,0.1524,71.3,0.00243851
121.009,500,2.7,0.1524,39.6,0.00294804
129.2748,630,2.7,0.1524,39.6,0.00294804
129.67220000000003,800,2.7,0.1524,39.6,0.00294804
128.1692,1000,2.7,0.1524,39.6,0.00294804
127.973,1250,2.7,0.1524,39.6,0.00294804
130.049,1600,2.7,0.1524,39.6,0.00294804
128.139,2000,2.7,0.1524,39.6,0.00294804
125.4356,2500,2.7,0.1524,39.6,0.00294804
123.17580000000001,3150,2.7,0.1524,39.6,0.00294804
125.3128,4000,2.7,0.1524,39.6,0.00294804
120.549,5000,2.7,0.1524,39.6,0.00294804
119.209,6300,2.7,0.1524,39.6,0.00294804
117.02060000000002,8000,2.7,0.1524,39.6,0.00294804
120.00280000000001,10000,2.7,0.1524,39.6,0.00294804
108.649,12500,2.7,0.1524,39.6,0.00294804
132.9918,400,5.4,0.1524,71.3,0.00401199
126.291,500,5.4,0.1524,71.3,0.00401199
128.971,630,5.4,0.1524,71.3,0.00401199
131.23520000000002,800,5.4,0.1524,71.3,0.00401199
133.201,1000,5.4,0.1524,71.3,0.00401199
130.7328,1250,5.4,0.1524,71.3,0.00401199
128.6996,1600,5.4,0.1524,71.3,0.00401199
127.8812,2000,5.4,0.1524,71.3,0.00401199
127.591,2500,5.4,0.1524,71.3,0.00401199
123.311,3150,5.4,0.1524,71.3,0.00401199
123.1596,4000,5.4,0.1524,71.3,0.00401199
122.16959999999999,5000,5.4,0.1524,71.3,0.00401199
121.75280000000001,6300,5.4,0.1524,71.3,0.00401199
126.747,400,5.4,0.1524,55.5,0.00433288
129.367,500,5.4,0.1524,55.5,0.00433288
131.807,630,5.4,0.1524,55.5,0.00433288
133.097,800,5.4,0.1524,55.5,0.00433288
132.127,1000,5.4,0.1524,55.5,0.00433288
130.777,1250,5.4,0.1524,55.5,0.00433288
128.252,1600,5.4,0.1524,55.5,0.00433288
126.1256,2000,5.4,0.1524,55.5,0.00433288
124.077,2500,5.4,0.1524,55.5,0.00433288
121.587,3150,5.4,0.1524,55.5,0.00433288
122.79960000000001,4000,5.4,0.1524,55.5,0.00433288
123.74480000000001,5000,5.4,0.1524,55.5,0.00433288
125.39940000000001,6300,5.4,0.1524,55.5,0.00433288
115.9356,8000,5.4,0.1524,55.5,0.00433288
130.0778,315,5.4,0.1524,39.6,0.00485029
127.637,400,5.4,0.1524,39.6,0.00485029
127.68440000000001,500,5.4,0.1524,39.6,0.00485029
132.357,630,5.4,0.1524,39.6,0.00485029
132.757,800,5.4,0.1524,39.6,0.00485029
128.30919999999998,1000,5.4,0.1524,39.6,0.00485029
127.06080000000001,1250,5.4,0.1524,39.6,0.00485029
127.106,1600,5.4,0.1524,39.6,0.00485029
122.66959999999999,2000,5.4,0.1524,39.6,0.00485029
125.90060000000001,2500,5.4,0.1524,39.6,0.00485029
119.137,3150,5.4,0.1524,39.6,0.00485029
117.137,4000,5.4,0.1524,39.6,0.00485029
118.0854,5000,5.4,0.1524,39.6,0.00485029
117.9238,6300,5.4,0.1524,39.6,0.00485029
123.535,315,5.4,0.1524,31.7,0.00525474
125.51080000000002,400,5.4,0.1524,31.7,0.00525474
129.681,500,5.4,0.1524,31.7,0.00525474
127.71219999999998,630,5.4,0.1524,31.7,0.00525474
127.58699999999999,800,5.4,0.1524,31.7,0.00525474
127.6668,1000,5.4,0.1524,31.7,0.00525474
124.41460000000002,1250,5.4,0.1524,31.7,0.00525474
127.2356,1600,5.4,0.1524,31.7,0.00525474
123.05479999999997,2000,5.4,0.1524,31.7,0.00525474
119.151,2500,5.4,0.1524,31.7,0.00525474
118.291,3150,5.4,0.1524,31.7,0.00525474
121.3786,4000,5.4,0.1524,31.7,0.00525474
124.3692,5000,5.4,0.1524,31.7,0.00525474
125.59079999999999,6300,5.4,0.1524,31.7,0.00525474
128.713,315,7.2,0.1524,71.3,0.00752039
130.123,400,7.2,0.1524,71.3,0.00752039
132.043,500,7.2,0.1524,71.3,0.00752039
134.853,630,7.2,0.1524,71.3,0.00752039
136.023,800,7.2,0.1524,71.3,0.00752039
132.9788,1000,7.2,0.1524,71.3,0.00752039
130.29919999999998,1250,7.2,0.1524,71.3,0.00752039
130.893,1600,7.2,0.1524,71.3,0.00752039
128.85359999999997,2000,7.2,0.1524,71.3,0.00752039
126.6066,2500,7.2,0.1524,71.3,0.00752039
116.783,3150,7.2,0.1524,71.3,0.00752039
119.343,4000,7.2,0.1524,71.3,0.00752039
118.343,5000,7.2,0.1524,71.3,0.00752039
116.603,6300,7.2,0.1524,71.3,0.00752039
118.1298,8000,7.2,0.1524,71.3,0.00752039
120.38759999999999,10000,7.2,0.1524,71.3,0.00752039
127.488,250,7.2,0.1524,39.6,0.00909175
130.558,315,7.2,0.1524,39.6,0.00909175
132.118,400,7.2,0.1524,39.6,0.00909175
132.658,500,7.2,0.1524,39.6,0.00909175
133.198,630,7.2,0.1524,39.6,0.00909175
129.78000000000003,800,7.2,0.1524,39.6,0.00909175
128.338,1000,7.2,0.1524,39.6,0.00909175
127.91040000000001,1250,7.2,0.1524,39.6,0.00909175
125.76180000000002,1600,7.2,0.1524,39.6,0.00909175
120.228,2000,7.2,0.1524,39.6,0.00909175
117.478,2500,7.2,0.1524,39.6,0.00909175
111.818,3150,7.2,0.1524,39.6,0.00909175
123.0728,4000,7.2,0.1524,39.6,0.00909175
116.04499999999999,5000,7.2,0.1524,39.6,0.00909175
115.25819999999999,6300,7.2,0.1524,39.6,0.00909175
115.4384,8000,7.2,0.1524,39.6,0.00909175
120.00280000000001,10000,7.2,0.1524,39.6,0.00909175
134.319,200,9.9,0.1524,71.3,0.0193001
135.329,250,9.9,0.1524,71.3,0.0193001
135.459,315,9.9,0.1524,71.3,0.0193001
135.2786,400,9.9,0.1524,71.3,0.0193001
128.8162,500,9.9,0.1524,71.3,0.0193001
131.86380000000003,630,9.9,0.1524,71.3,0.0193001
134.34599999999998,800,9.9,0.1524,71.3,0.0193001
128.9814,1000,9.9,0.1524,71.3,0.0193001
122.679,1250,9.9,0.1524,71.3,0.0193001
121.789,1600,9.9,0.1524,71.3,0.0193001
128.595,2000,9.9,0.1524,71.3,0.0193001
126.1152,2500,9.9,0.1524,71.3,0.0193001
125.5334,3150,9.9,0.1524,71.3,0.0193001
115.079,4000,9.9,0.1524,71.3,0.0193001
114.569,5000,9.9,0.1524,71.3,0.0193001
118.00139999999999,6300,9.9,0.1524,71.3,0.0193001
123.9926,200,9.9,0.1524,55.5,0.0208438
127.81960000000001,250,9.9,0.1524,55.5,0.0208438
129.6016,315,9.9,0.1524,55.5,0.0208438
128.83159999999998,400,9.9,0.1524,55.5,0.0208438
127.815,500,9.9,0.1524,55.5,0.0208438
128.343,630,9.9,0.1524,55.5,0.0208438
129.2408,800,9.9,0.1524,55.5,0.0208438
124.665,1000,9.9,0.1524,55.5,0.0208438
121.635,1250,9.9,0.1524,55.5,0.0208438
127.2664,1600,9.9,0.1524,55.5,0.0208438
126.1256,2000,9.9,0.1524,55.5,0.0208438
118.365,2500,9.9,0.1524,55.5,0.0208438
115.085,3150,9.9,0.1524,55.5,0.0208438
112.945,4000,9.9,0.1524,55.5,0.0208438
112.065,5000,9.9,0.1524,55.5,0.0208438
120.86499999999998,6300,9.9,0.1524,55.5,0.0208438
127.315,200,9.9,0.1524,39.6,0.0233328
128.335,250,9.9,0.1524,39.6,0.0233328
130.0778,315,9.9,0.1524,39.6,0.0233328
131.72639999999996,400,9.9,0.1524,39.6,0.0233328
126.4626,500,9.9,0.1524,39.6,0.0233328
126.465,630,9.9,0.1524,39.6,0.0233328
127.6412,800,9.9,0.1524,39.6,0.0233328
124.16579999999999,1000,9.9,0.1524,39.6,0.0233328
126.13879999999999,1250,9.9,0.1524,39.6,0.0233328
125.6522,1600,9.9,0.1524,39.6,0.0233328
117.925,2000,9.9,0.1524,39.6,0.0233328
116.5702,2500,9.9,0.1524,39.6,0.0233328
116.04079999999999,3150,9.9,0.1524,39.6,0.0233328
112.265,4000,9.9,0.1524,39.6,0.0233328
111.135,5000,9.9,0.1524,39.6,0.0233328
112.0924,6300,9.9,0.1524,39.6,0.0233328
122.6448,200,9.9,0.1524,31.7,0.0252785
128.559,250,9.9,0.1524,31.7,0.0252785
124.0636,315,9.9,0.1524,31.7,0.0252785
124.66899999999998,400,9.9,0.1524,31.7,0.0252785
127.179,500,9.9,0.1524,31.7,0.0252785
126.049,630,9.9,0.1524,31.7,0.0252785
125.539,800,9.9,0.1524,31.7,0.0252785
122.149,1000,9.9,0.1524,31.7,0.0252785
118.619,1250,9.9,0.1524,31.7,0.0252785
117.119,1600,9.9,0.1524,31.7,0.0252785
116.859,2000,9.9,0.1524,31.7,0.0252785
114.729,2500,9.9,0.1524,31.7,0.0252785
119.4656,3150,9.9,0.1524,31.7,0.0252785
118.2986,4000,9.9,0.1524,31.7,0.0252785
109.949,5000,9.9,0.1524,31.7,0.0252785
115.1656,6300,9.9,0.1524,31.7,0.0252785
129.22279999999998,200,12.6,0.1524,71.3,0.0483159
129.744,250,12.6,0.1524,71.3,0.0483159
130.6674,315,12.6,0.1524,71.3,0.0483159
133.18760000000003,400,12.6,0.1524,71.3,0.0483159
121.664,500,12.6,0.1524,71.3,0.0483159
123.304,630,12.6,0.1524,71.3,0.0483159
134.346,800,12.6,0.1524,71.3,0.0483159
122.044,1000,12.6,0.1524,71.3,0.0483159
128.3048,1250,12.6,0.1524,71.3,0.0483159
127.36380000000001,1600,12.6,0.1524,71.3,0.0483159
117.504,2000,12.6,0.1524,71.3,0.0483159
124.39659999999999,2500,12.6,0.1524,71.3,0.0483159
125.5334,3150,12.6,0.1524,71.3,0.0483159
123.1654,4000,12.6,0.1524,71.3,0.0483159
122.84440000000002,5000,12.6,0.1524,71.3,0.0483159
107.284,6300,12.6,0.1524,71.3,0.0483159
114.75,200,12.6,0.1524,39.6,0.0584113
115.89,250,12.6,0.1524,39.6,0.0584113
128.4442,315,12.6,0.1524,39.6,0.0584113
130.4082,400,12.6,0.1524,39.6,0.0584113
114.9,500,12.6,0.1524,39.6,0.0584113
116.55,630,12.6,0.1524,39.6,0.0584113
128.06599999999997,800,12.6,0.1524,39.6,0.0584113
114.67,1000,12.6,0.1524,39.6,0.0584113
124.77640000000001,1250,12.6,0.1524,39.6,0.0584113
125.6522,1600,12.6,0.1524,39.6,0.0584113
109.52,2000,12.6,0.1524,39.6,0.0584113
106.88,2500,12.6,0.1524,39.6,0.0584113
106.26,3150,12.6,0.1524,39.6,0.0584113
116.38140000000001,4000,12.6,0.1524,39.6,0.0584113
113.10880000000002,5000,12.6,0.1524,39.6,0.0584113
103.38,6300,12.6,0.1524,39.6,0.0584113
129.45499999999998,800,0.0,0.0508,71.3,0.000740478
129.45,1000,0.0,0.0508,71.3,0.000740478
130.7328,1250,0.0,0.0508,71.3,0.000740478
127.5596,1600,0.0,0.0508,71.3,0.000740478
131.06,2000,0.0,0.0508,71.3,0.000740478
131.31,2500,0.0,0.0508,71.3,0.000740478
128.8284,3150,0.0,0.0508,71.3,0.000740478
127.0024,4000,0.0,0.0508,71.3,0.000740478
123.87639999999999,5000,0.0,0.0508,71.3,0.000740478
121.75280000000001,6300,0.0,0.0508,71.3,0.000740478
130.89,8000,0.0,0.0508,71.3,0.000740478
120.38759999999999,10000,0.0,0.0508,71.3,0.000740478
114.7026,12500,0.0,0.0508,71.3,0.000740478
129.63420000000002,800,0.0,0.0508,55.5,0.00076193
129.30239999999998,1000,0.0,0.0508,55.5,0.00076193
127.076,1250,0.0,0.0508,55.5,0.00076193
128.3634,1600,0.0,0.0508,55.5,0.00076193
126.1256,2000,0.0,0.0508,55.5,0.00076193
133.956,2500,0.0,0.0508,55.5,0.00076193
134.826,3150,0.0,0.0508,55.5,0.00076193
124.89259999999999,4000,0.0,0.0508,55.5,0.00076193
125.253,5000,0.0,0.0508,55.5,0.00076193
132.796,6300,0.0,0.0508,55.5,0.00076193
123.0214,8000,0.0,0.0508,55.5,0.00076193
121.96959999999999,10000,0.0,0.0508,55.5,0.00076193
116.25699999999999,12500,0.0,0.0508,55.5,0.00076193
129.1618,800,0.0,0.0508,39.6,0.000791822
127.638,1000,0.0,0.0508,39.6,0.000791822
128.2612,1250,0.0,0.0508,39.6,0.000791822
127.1732,1600,0.0,0.0508,39.6,0.000791822
132.918,2000,0.0,0.0508,39.6,0.000791822
123.13300000000001,2500,0.0,0.0508,39.6,0.000791822
135.938,3150,0.0,0.0508,39.6,0.000791822
125.73119999999999,4000,0.0,0.0508,39.6,0.000791822
125.65440000000001,5000,0.0,0.0508,39.6,0.000791822
123.49280000000002,6300,0.0,0.0508,39.6,0.000791822
128.518,8000,0.0,0.0508,39.6,0.000791822
124.4816,10000,0.0,0.0508,39.6,0.000791822
123.988,12500,0.0,0.0508,39.6,0.000791822
128.32619999999997,800,0.0,0.0508,31.7,0.000812164
126.78,1000,0.0,0.0508,31.7,0.000812164
128.3392,1250,0.0,0.0508,31.7,0.000812164
131.01,1600,0.0,0.0508,31.7,0.000812164
126.8176,2000,0.0,0.0508,31.7,0.000812164
134.87,2500,0.0,0.0508,31.7,0.000812164
122.99359999999999,3150,0.0,0.0508,31.7,0.000812164
120.72440000000002,4000,0.0,0.0508,31.7,0.000812164
127.07000000000001,5000,0.0,0.0508,31.7,0.000812164
130.34,6300,0.0,0.0508,31.7,0.000812164
122.845,8000,0.0,0.0508,31.7,0.000812164
124.4816,10000,0.0,0.0508,31.7,0.000812164
119.07,12500,0.0,0.0508,31.7,0.000812164
124.318,1600,4.2,0.0508,71.3,0.00142788
126.3652,2000,4.2,0.0508,71.3,0.00142788
127.35560000000001,2500,4.2,0.0508,71.3,0.00142788
124.78359999999998,3150,4.2,0.0508,71.3,0.00142788
123.1596,4000,4.2,0.0508,71.3,0.00142788
123.3738,5000,4.2,0.0508,71.3,0.00142788
121.75280000000001,6300,4.2,0.0508,71.3,0.00142788
125.268,8000,4.2,0.0508,71.3,0.00142788
120.38759999999999,10000,4.2,0.0508,71.3,0.00142788
117.328,12500,4.2,0.0508,71.3,0.00142788
128.3092,1000,4.2,0.0508,39.6,0.00152689
128.427,1250,4.2,0.0508,39.6,0.00152689
127.1732,1600,4.2,0.0508,39.6,0.00152689
132.587,2000,4.2,0.0508,39.6,0.00152689
133.847,2500,4.2,0.0508,39.6,0.00152689
133.587,3150,4.2,0.0508,39.6,0.00152689
131.807,4000,4.2,0.0508,39.6,0.00152689
120.549,5000,4.2,0.0508,39.6,0.00152689
125.717,6300,4.2,0.0508,39.6,0.00152689
117.02060000000002,8000,4.2,0.0508,39.6,0.00152689
120.00280000000001,10000,4.2,0.0508,39.6,0.00152689
134.18059999999997,800,8.4,0.0508,71.3,0.00529514
129.946,1000,8.4,0.0508,71.3,0.00529514
130.5652,1250,8.4,0.0508,71.3,0.00529514
133.846,1600,8.4,0.0508,71.3,0.00529514
134.476,2000,8.4,0.0508,71.3,0.00529514
126.1152,2500,8.4,0.0508,71.3,0.00529514
125.5334,3150,8.4,0.0508,71.3,0.00529514
126.926,4000,8.4,0.0508,71.3,0.00529514
121.146,5000,8.4,0.0508,71.3,0.00529514
128.83159999999998,400,8.4,0.0508,55.5,0.00544854
123.742,500,8.4,0.0508,55.5,0.00544854
129.0948,630,8.4,0.0508,55.5,0.00544854
129.1446,800,8.4,0.0508,55.5,0.00544854
130.722,1000,8.4,0.0508,55.5,0.00544854
127.88819999999998,1250,8.4,0.0508,55.5,0.00544854
127.2664,1600,8.4,0.0508,55.5,0.00544854
133.042,2000,8.4,0.0508,55.5,0.00544854
125.6354,2500,8.4,0.0508,55.5,0.00544854
128.402,3150,8.4,0.0508,55.5,0.00544854
122.612,4000,8.4,0.0508,55.5,0.00544854
121.6656,5000,8.4,0.0508,55.5,0.00544854
131.6008,400,8.4,0.0508,39.6,0.00566229
126.4626,500,8.4,0.0508,39.6,0.00566229
126.045,630,8.4,0.0508,39.6,0.00566229
128.435,800,8.4,0.0508,39.6,0.00566229
124.16580000000002,1000,8.4,0.0508,39.6,0.00566229
126.47560000000001,1250,8.4,0.0508,39.6,0.00566229
125.7474,1600,8.4,0.0508,39.6,0.00566229
129.965,2000,8.4,0.0508,39.6,0.00566229
122.40540000000001,2500,8.4,0.0508,39.6,0.00566229
118.477,3150,8.4,0.0508,39.6,0.00566229
121.422,4000,8.4,0.0508,39.6,0.00566229
127.6238,400,8.4,0.0508,31.7,0.00580776
124.1188,500,8.4,0.0508,31.7,0.00580776
125.856,630,8.4,0.0508,31.7,0.00580776
126.87460000000002,800,8.4,0.0508,31.7,0.00580776
127.13700000000001,1000,8.4,0.0508,31.7,0.00580776
130.156,1250,8.4,0.0508,31.7,0.00580776
121.43700000000001,1600,8.4,0.0508,31.7,0.00580776
121.9712,2000,8.4,0.0508,31.7,0.00580776
125.576,2500,8.4,0.0508,31.7,0.00580776
122.086,3150,8.4,0.0508,31.7,0.00580776
118.2986,4000,8.4,0.0508,31.7,0.00580776
129.22279999999998,200,11.2,0.0508,71.3,0.014072
132.2788,250,11.2,0.0508,71.3,0.014072
128.381,315,11.2,0.0508,71.3,0.014072
129.281,400,11.2,0.0508,71.3,0.014072
128.81619999999998,500,11.2,0.0508,71.3,0.014072
130.5272,630,11.2,0.0508,71.3,0.014072
136.031,800,11.2,0.0508,71.3,0.014072
128.9814,1000,11.2,0.0508,71.3,0.014072
130.5652,1250,11.2,0.0508,71.3,0.014072
127.36380000000001,1600,11.2,0.0508,71.3,0.014072
133.311,2000,11.2,0.0508,71.3,0.014072
124.3966,2500,11.2,0.0508,71.3,0.014072
127.141,3150,11.2,0.0508,71.3,0.014072
123.1654,4000,11.2,0.0508,71.3,0.014072
125.01,200,11.2,0.0508,39.6,0.0150478
124.59540000000001,250,11.2,0.0508,39.6,0.0150478
128.99,315,11.2,0.0508,39.6,0.0150478
130.67,400,11.2,0.0508,39.6,0.0150478
123.0732,500,11.2,0.0508,39.6,0.0150478
133.13,630,11.2,0.0508,39.6,0.0150478
127.6412,800,11.2,0.0508,39.6,0.0150478
132.43,1000,11.2,0.0508,39.6,0.0150478
130.05,1250,11.2,0.0508,39.6,0.0150478
126.54,1600,11.2,0.0508,39.6,0.0150478
120.5538,2000,11.2,0.0508,39.6,0.0150478
116.5702,2500,11.2,0.0508,39.6,0.0150478
116.04079999999999,3150,11.2,0.0508,39.6,0.0150478
116.38140000000001,4000,11.2,0.0508,39.6,0.0150478
124.75219999999999,200,15.4,0.0508,71.3,0.0264269
124.835,250,15.4,0.0508,71.3,0.0264269
127.5978,315,15.4,0.0508,71.3,0.0264269
129.0422,400,15.4,0.0508,71.3,0.0264269
127.285,500,15.4,0.0508,71.3,0.0264269
128.0778,630,15.4,0.0508,71.3,0.0264269
131.515,800,15.4,0.0508,71.3,0.0264269
131.865,1000,15.4,0.0508,71.3,0.0264269
128.3048,1250,15.4,0.0508,71.3,0.0264269
127.54860000000001,1600,15.4,0.0508,71.3,0.0264269
129.285,2000,15.4,0.0508,71.3,0.0264269
123.65600000000002,2500,15.4,0.0508,71.3,0.0264269
125.5334,3150,15.4,0.0508,71.3,0.0264269
123.1654,4000,15.4,0.0508,71.3,0.0264269
122.84440000000002,5000,15.4,0.0508,71.3,0.0264269
118.00140000000002,6300,15.4,0.0508,71.3,0.0264269
117.97459999999998,8000,15.4,0.0508,71.3,0.0264269
123.55699999999999,200,15.4,0.0508,55.5,0.0271925
124.17,250,15.4,0.0508,55.5,0.0271925
123.1286,315,15.4,0.0508,55.5,0.0271925
128.0186,400,15.4,0.0508,55.5,0.0271925
128.8082,500,15.4,0.0508,55.5,0.0271925
128.34300000000002,630,15.4,0.0508,55.5,0.0271925
130.43,800,15.4,0.0508,55.5,0.0271925
129.435,1000,15.4,0.0508,55.5,0.0271925
130.0,1250,15.4,0.0508,55.5,0.0271925
127.2664,1600,15.4,0.0508,55.5,0.0271925
126.1256,2000,15.4,0.0508,55.5,0.0271925
125.6354,2500,15.4,0.0508,55.5,0.0271925
123.46,3150,15.4,0.0508,55.5,0.0271925
120.2338,4000,15.4,0.0508,55.5,0.0271925
118.2932,5000,15.4,0.0508,55.5,0.0271925
123.7422,6300,15.4,0.0508,55.5,0.0271925
121.4186,200,15.4,0.0508,39.6,0.0282593
122.893,250,15.4,0.0508,39.6,0.0282593
128.30540000000002,315,15.4,0.0508,39.6,0.0282593
128.7414,400,15.4,0.0508,39.6,0.0282593
122.49680000000001,500,15.4,0.0508,39.6,0.0282593
127.443,630,15.4,0.0508,39.6,0.0282593
128.423,800,15.4,0.0508,39.6,0.0282593
127.893,1000,15.4,0.0508,39.6,0.0282593
126.743,1250,15.4,0.0508,39.6,0.0282593
124.843,1600,15.4,0.0508,39.6,0.0282593
118.10560000000001,2000,15.4,0.0508,39.6,0.0282593
117.07019999999997,2500,15.4,0.0508,39.6,0.0282593
114.8142,3150,15.4,0.0508,39.6,0.0282593
111.5654,4000,15.4,0.0508,39.6,0.0282593
114.453,5000,15.4,0.0508,39.6,0.0282593
111.0942,6300,15.4,0.0508,39.6,0.0282593
119.7258,200,15.4,0.0508,31.7,0.0289853
123.84200000000001,250,15.4,0.0508,31.7,0.0289853
123.03600000000002,315,15.4,0.0508,31.7,0.0289853
123.705,400,15.4,0.0508,31.7,0.0289853
119.651,500,15.4,0.0508,31.7,0.0289853
127.4168,630,15.4,0.0508,31.7,0.0289853
125.555,800,15.4,0.0508,31.7,0.0289853
123.1464,1000,15.4,0.0508,31.7,0.0289853
123.255,1250,15.4,0.0508,31.7,0.0289853
122.5912,1600,15.4,0.0508,31.7,0.0289853
116.2814,2000,15.4,0.0508,31.7,0.0289853
119.945,2500,15.4,0.0508,31.7,0.0289853
116.04879999999999,3150,15.4,0.0508,31.7,0.0289853
113.05820000000001,4000,15.4,0.0508,31.7,0.0289853
112.355,5000,15.4,0.0508,31.7,0.0289853
115.1656,6300,15.4,0.0508,31.7,0.0289853
118.005,200,19.7,0.0508,71.3,0.0341183
119.115,250,19.7,0.0508,71.3,0.0341183
121.235,315,19.7,0.0508,71.3,0.0341183
123.865,400,19.7,0.0508,71.3,0.0341183
126.995,500,19.7,0.0508,71.3,0.0341183
128.0778,630,19.7,0.0508,71.3,0.0341183
124.555,800,19.7,0.0508,71.3,0.0341183
121.885,1000,19.7,0.0508,71.3,0.0341183
129.9436,1250,19.7,0.0508,71.3,0.0341183
127.54860000000001,1600,19.7,0.0508,71.3,0.0341183
128.305,2000,19.7,0.0508,71.3,0.0341183
118.385,2500,19.7,0.0508,71.3,0.0341183
124.8146,3150,19.7,0.0508,71.3,0.0341183
123.1654,4000,19.7,0.0508,71.3,0.0341183
125.974,200,19.7,0.0508,39.6,0.036484
127.224,250,19.7,0.0508,39.6,0.036484
129.864,315,19.7,0.0508,39.6,0.036484
125.78659999999999,400,19.7,0.0508,39.6,0.036484
120.1704,500,19.7,0.0508,39.6,0.036484
127.06479999999999,630,19.7,0.0508,39.6,0.036484
128.7172,800,19.7,0.0508,39.6,0.036484
123.20360000000001,1000,19.7,0.0508,39.6,0.036484
118.634,1250,19.7,0.0508,39.6,0.036484
125.47919999999999,1600,19.7,0.0508,39.6,0.036484
117.724,2000,19.7,0.0508,39.6,0.036484
116.184,2500,19.7,0.0508,39.6,0.036484
113.004,3150,19.7,0.0508,39.6,0.036484
111.5654,4000,19.7,0.0508,39.6,0.036484
127.30519999999999,2500,0.0,0.0254,71.3,0.000400682
137.007,3150,0.0,0.0254,71.3,0.000400682
138.557,4000,0.0,0.0254,71.3,0.000400682
123.87639999999999,5000,0.0,0.0254,71.3,0.000400682
121.75280000000001,6300,0.0,0.0254,71.3,0.000400682
129.867,8000,0.0,0.0254,71.3,0.000400682
130.787,10000,0.0,0.0254,71.3,0.000400682
114.7026,12500,0.0,0.0254,71.3,0.000400682
115.02539999999999,16000,0.0,0.0254,71.3,0.000400682
123.217,20000,0.0,0.0254,71.3,0.000400682
127.623,2000,0.0,0.0254,55.5,0.00041229
130.073,2500,0.0,0.0254,55.5,0.00041229
126.5862,3150,0.0,0.0254,55.5,0.00041229
124.89259999999999,4000,0.0,0.0254,55.5,0.00041229
135.803,5000,0.0,0.0254,55.5,0.00041229
124.1502,6300,0.0,0.0254,55.5,0.00041229
123.0214,8000,0.0,0.0254,55.5,0.00041229
134.563,10000,0.0,0.0254,55.5,0.00041229
116.25699999999999,12500,0.0,0.0254,55.5,0.00041229
115.181,16000,0.0,0.0254,55.5,0.00041229
119.1396,20000,0.0,0.0254,55.5,0.00041229
124.156,1600,0.0,0.0254,39.6,0.000428464
129.526,2000,0.0,0.0254,39.6,0.000428464
123.13300000000001,2500,0.0,0.0254,39.6,0.000428464
126.38640000000001,3150,0.0,0.0254,39.6,0.000428464
125.73119999999999,4000,0.0,0.0254,39.6,0.000428464
125.65440000000001,5000,0.0,0.0254,39.6,0.000428464
136.826,6300,0.0,0.0254,39.6,0.000428464
117.02059999999999,8000,0.0,0.0254,39.6,0.000428464
124.4816,10000,0.0,0.0254,39.6,0.000428464
113.48740000000001,12500,0.0,0.0254,39.6,0.000428464
124.986,16000,0.0,0.0254,39.6,0.000428464
128.593,1000,0.0,0.0254,31.7,0.000439472
128.3392,1250,0.0,0.0254,31.7,0.000439472
129.267,1600,0.0,0.0254,31.7,0.000439472
126.8176,2000,0.0,0.0254,31.7,0.000439472
127.52359999999999,2500,0.0,0.0254,31.7,0.000439472
135.227,3150,0.0,0.0254,31.7,0.000439472
120.72440000000002,4000,0.0,0.0254,31.7,0.000439472
138.607,5000,0.0,0.0254,31.7,0.000439472
138.537,6300,0.0,0.0254,31.7,0.000439472
137.207,8000,0.0,0.0254,31.7,0.000439472
134.227,10000,0.0,0.0254,31.7,0.000439472
113.48740000000001,12500,0.0,0.0254,31.7,0.000439472
125.627,16000,0.0,0.0254,31.7,0.000439472
126.3652,2000,4.8,0.0254,71.3,0.000848633
126.87079999999999,2500,4.8,0.0254,71.3,0.000848633
133.378,3150,4.8,0.0254,71.3,0.000848633
134.928,4000,4.8,0.0254,71.3,0.000848633
135.468,5000,4.8,0.0254,71.3,0.000848633
121.75280000000001,6300,4.8,0.0254,71.3,0.000848633
119.5978,8000,4.8,0.0254,71.3,0.000848633
120.38759999999999,10000,4.8,0.0254,71.3,0.000848633
112.2494,12500,4.8,0.0254,71.3,0.000848633
124.208,16000,4.8,0.0254,71.3,0.000848633
119.708,20000,4.8,0.0254,71.3,0.000848633
128.252,1600,4.8,0.0254,55.5,0.000873218
126.1256,2000,4.8,0.0254,55.5,0.000873218
129.144,2500,4.8,0.0254,55.5,0.000873218
132.354,3150,4.8,0.0254,55.5,0.000873218
133.924,4000,4.8,0.0254,55.5,0.000873218
125.253,5000,4.8,0.0254,55.5,0.000873218
125.39939999999999,6300,4.8,0.0254,55.5,0.000873218
115.9356,8000,4.8,0.0254,55.5,0.000873218
117.9932,10000,4.8,0.0254,55.5,0.000873218
112.6202,12500,4.8,0.0254,55.5,0.000873218
115.02540000000002,16000,4.8,0.0254,55.5,0.000873218
118.54080000000002,20000,4.8,0.0254,55.5,0.000873218
127.68440000000001,500,4.8,0.0254,39.6,0.000907475
131.1574,630,4.8,0.0254,39.6,0.000907475
129.35819999999998,800,4.8,0.0254,39.6,0.000907475
122.956,1000,4.8,0.0254,39.6,0.000907475
125.026,1250,4.8,0.0254,39.6,0.000907475
125.285,1600,4.8,0.0254,39.6,0.000907475
125.08420000000001,2000,4.8,0.0254,39.6,0.000907475
131.236,2500,4.8,0.0254,39.6,0.000907475
120.41879999999999,3150,4.8,0.0254,39.6,0.000907475
134.996,4000,4.8,0.0254,39.6,0.000907475
135.426,5000,4.8,0.0254,39.6,0.000907475
121.0264,6300,4.8,0.0254,39.6,0.000907475
117.02060000000002,8000,4.8,0.0254,39.6,0.000907475
126.066,10000,4.8,0.0254,39.6,0.000907475
116.128,500,4.8,0.0254,31.7,0.000930789
127.785,630,4.8,0.0254,31.7,0.000930789
128.3262,800,4.8,0.0254,31.7,0.000930789
125.348,1000,4.8,0.0254,31.7,0.000930789
124.41460000000002,1250,4.8,0.0254,31.7,0.000930789
128.2848,1600,4.8,0.0254,31.7,0.000930789
123.0548,2000,4.8,0.0254,31.7,0.000930789
132.588,2500,4.8,0.0254,31.7,0.000930789
124.4496,3150,4.8,0.0254,31.7,0.000930789
121.3786,4000,4.8,0.0254,31.7,0.000930789
135.248,5000,4.8,0.0254,31.7,0.000930789
132.898,6300,4.8,0.0254,31.7,0.000930789
117.787,8000,4.8,0.0254,31.7,0.000930789
131.8638,630,9.5,0.0254,71.3,0.00420654
134.1806,800,9.5,0.0254,71.3,0.00420654
129.556,1000,9.5,0.0254,71.3,0.00420654
130.5652,1250,9.5,0.0254,71.3,0.00420654
127.9218,1600,9.5,0.0254,71.3,0.00420654
134.976,2000,9.5,0.0254,71.3,0.00420654
135.956,2500,9.5,0.0254,71.3,0.00420654
125.5334,3150,9.5,0.0254,71.3,0.00420654
134.236,4000,9.5,0.0254,71.3,0.00420654
131.186,5000,9.5,0.0254,71.3,0.00420654
118.00139999999999,6300,9.5,0.0254,71.3,0.00420654
128.83159999999998,400,9.5,0.0254,55.5,0.0043284
128.8082,500,9.5,0.0254,55.5,0.0043284
128.343,630,9.5,0.0254,55.5,0.0043284
129.2408,800,9.5,0.0254,55.5,0.0043284
130.332,1000,9.5,0.0254,55.5,0.0043284
127.88819999999998,1250,9.5,0.0254,55.5,0.0043284
133.062,1600,9.5,0.0254,55.5,0.0043284
126.1256,2000,9.5,0.0254,55.5,0.0043284
134.152,2500,9.5,0.0254,55.5,0.0043284
122.9124,3150,9.5,0.0254,55.5,0.0043284
120.2338,4000,9.5,0.0254,55.5,0.0043284
128.412,5000,9.5,0.0254,55.5,0.0043284
124.222,6300,9.5,0.0254,55.5,0.0043284
116.074,200,9.5,0.0254,39.6,0.00449821
116.924,250,9.5,0.0254,39.6,0.00449821
130.0778,315,9.5,0.0254,39.6,0.00449821
131.72639999999998,400,9.5,0.0254,39.6,0.00449821
126.4626,500,9.5,0.0254,39.6,0.00449821
126.514,630,9.5,0.0254,39.6,0.00449821
127.6412,800,9.5,0.0254,39.6,0.00449821
124.16580000000002,1000,9.5,0.0254,39.6,0.00449821
126.47560000000001,1250,9.5,0.0254,39.6,0.00449821
125.7474,1600,9.5,0.0254,39.6,0.00449821
131.274,2000,9.5,0.0254,39.6,0.00449821
116.5702,2500,9.5,0.0254,39.6,0.00449821
129.934,3150,9.5,0.0254,39.6,0.00449821
121.422,4000,9.5,0.0254,39.6,0.00449821
113.98119999999999,5000,9.5,0.0254,39.6,0.00449821
112.0924,6300,9.5,0.0254,39.6,0.00449821
122.6448,200,9.5,0.0254,31.7,0.00461377
127.1292,250,9.5,0.0254,31.7,0.00461377
122.766,315,9.5,0.0254,31.7,0.00461377
124.66899999999998,400,9.5,0.0254,31.7,0.00461377
124.1188,500,9.5,0.0254,31.7,0.00461377
129.006,630,9.5,0.0254,31.7,0.00461377
126.87460000000002,800,9.5,0.0254,31.7,0.00461377
127.82860000000001,1000,9.5,0.0254,31.7,0.00461377
122.2612,1250,9.5,0.0254,31.7,0.00461377
121.43699999999998,1600,9.5,0.0254,31.7,0.00461377
130.496,2000,9.5,0.0254,31.7,0.00461377
130.086,2500,9.5,0.0254,31.7,0.00461377
128.536,3150,9.5,0.0254,31.7,0.00461377
126.736,4000,9.5,0.0254,31.7,0.00461377
116.35340000000001,5000,9.5,0.0254,31.7,0.00461377
120.726,6300,9.5,0.0254,31.7,0.00461377
127.05440000000002,250,12.7,0.0254,71.3,0.0121808
130.6674,315,12.7,0.0254,71.3,0.0121808
125.048,400,12.7,0.0254,71.3,0.0121808
128.957,500,12.7,0.0254,71.3,0.0121808
128.0778,630,12.7,0.0254,71.3,0.0121808
130.348,800,12.7,0.0254,71.3,0.0121808
129.36520000000002,1000,12.7,0.0254,71.3,0.0121808
133.048,1250,12.7,0.0254,71.3,0.0121808
127.36380000000001,1600,12.7,0.0254,71.3,0.0121808
134.228,2000,12.7,0.0254,71.3,0.0121808
124.39659999999999,2500,12.7,0.0254,71.3,0.0121808
125.5334,3150,12.7,0.0254,71.3,0.0121808
123.1654,4000,12.7,0.0254,71.3,0.0121808
128.978,5000,12.7,0.0254,71.3,0.0121808
125.398,6300,12.7,0.0254,71.3,0.0121808
117.97459999999998,8000,12.7,0.0254,71.3,0.0121808
120.38759999999999,10000,12.7,0.0254,71.3,0.0121808
121.7372,250,12.7,0.0254,39.6,0.0130253
128.4442,315,12.7,0.0254,39.6,0.0130253
125.527,400,12.7,0.0254,39.6,0.0130253
123.0732,500,12.7,0.0254,39.6,0.0130253
124.98060000000001,630,12.7,0.0254,39.6,0.0130253
130.217,800,12.7,0.0254,39.6,0.0130253
123.33040000000001,1000,12.7,0.0254,39.6,0.0130253
124.77640000000001,1250,12.7,0.0254,39.6,0.0130253
129.977,1600,12.7,0.0254,39.6,0.0130253
120.5538,2000,12.7,0.0254,39.6,0.0130253
129.027,2500,12.7,0.0254,39.6,0.0130253
114.8142,3150,12.7,0.0254,39.6,0.0130253
116.38140000000001,4000,12.7,0.0254,39.6,0.0130253
125.107,5000,12.7,0.0254,39.6,0.0130253
112.0924,6300,12.7,0.0254,39.6,0.0130253
120.607,8000,12.7,0.0254,39.6,0.0130253
120.00280000000001,10000,12.7,0.0254,39.6,0.0130253
124.75219999999999,200,17.4,0.0254,71.3,0.016104
113.796,250,17.4,0.0254,71.3,0.016104
115.846,315,17.4,0.0254,71.3,0.016104
117.396,400,17.4,0.0254,71.3,0.016104
128.957,500,17.4,0.0254,71.3,0.016104
122.606,630,17.4,0.0254,71.3,0.016104
132.0524,800,17.4,0.0254,71.3,0.016104
126.6556,1000,17.4,0.0254,71.3,0.016104
126.356,1250,17.4,0.0254,71.3,0.016104
127.54860000000001,1600,17.4,0.0254,71.3,0.016104
128.305,2000,17.4,0.0254,71.3,0.016104
123.65600000000002,2500,17.4,0.0254,71.3,0.016104
125.5334,3150,17.4,0.0254,71.3,0.016104
123.1654,4000,17.4,0.0254,71.3,0.016104
122.84440000000002,5000,17.4,0.0254,71.3,0.016104
118.00140000000002,6300,17.4,0.0254,71.3,0.016104
115.466,8000,17.4,0.0254,71.3,0.016104
109.951,200,17.4,0.0254,55.5,0.0165706
121.31199999999998,250,17.4,0.0254,55.5,0.0165706
111.911,315,17.4,0.0254,55.5,0.0165706
127.16579999999999,400,17.4,0.0254,55.5,0.0165706
128.8082,500,17.4,0.0254,55.5,0.0165706
122.411,630,17.4,0.0254,55.5,0.0165706
129.2408,800,17.4,0.0254,55.5,0.0165706
129.435,1000,17.4,0.0254,55.5,0.0165706
128.0264,1250,17.4,0.0254,55.5,0.0165706
127.2664,1600,17.4,0.0254,55.5,0.0165706
124.69480000000001,2000,17.4,0.0254,55.5,0.0165706
125.6354,2500,17.4,0.0254,55.5,0.0165706
121.1336,3150,17.4,0.0254,55.5,0.0165706
120.2338,4000,17.4,0.0254,55.5,0.0165706
118.941,5000,17.4,0.0254,55.5,0.0165706
118.17339999999999,6300,17.4,0.0254,55.5,0.0165706
114.044,200,17.4,0.0254,39.6,0.0172206
121.60740000000001,250,17.4,0.0254,39.6,0.0172206
115.144,315,17.4,0.0254,39.6,0.0172206
125.78659999999999,400,17.4,0.0254,39.6,0.0172206
120.1704,500,17.4,0.0254,39.6,0.0172206
124.98060000000001,630,17.4,0.0254,39.6,0.0172206
128.7172,800,17.4,0.0254,39.6,0.0172206
123.33040000000001,1000,17.4,0.0254,39.6,0.0172206
131.364,1250,17.4,0.0254,39.6,0.0172206
125.47919999999999,1600,17.4,0.0254,39.6,0.0172206
118.10560000000001,2000,17.4,0.0254,39.6,0.0172206
117.0702,2500,17.4,0.0254,39.6,0.0172206
114.51200000000001,3150,17.4,0.0254,39.6,0.0172206
111.5654,4000,17.4,0.0254,39.6,0.0172206
119.854,5000,17.4,0.0254,39.6,0.0172206
116.146,200,17.4,0.0254,31.7,0.0176631
124.1412,250,17.4,0.0254,31.7,0.0176631
118.416,315,17.4,0.0254,31.7,0.0176631
120.766,400,17.4,0.0254,31.7,0.0176631
121.1652,500,17.4,0.0254,31.7,0.0176631
136.886,630,17.4,0.0254,31.7,0.0176631
129.36200000000002,800,17.4,0.0254,31.7,0.0176631
131.796,1000,17.4,0.0254,31.7,0.0176631
122.0438,1250,17.4,0.0254,31.7,0.0176631
121.72640000000001,1600,17.4,0.0254,31.7,0.0176631
117.0092,2000,17.4,0.0254,31.7,0.0176631
118.25219999999999,2500,17.4,0.0254,31.7,0.0176631
116.03860000000002,3150,17.4,0.0254,31.7,0.0176631
114.4596,4000,17.4,0.0254,31.7,0.0176631
112.56700000000001,5000,17.4,0.0254,31.7,0.0176631
115.857,315,22.2,0.0254,71.3,0.0214178
117.927,400,22.2,0.0254,71.3,0.0214178
128.957,500,22.2,0.0254,71.3,0.0214178
128.0778,630,22.2,0.0254,71.3,0.0214178
132.0524,800,22.2,0.0254,71.3,0.0214178
126.6556,1000,22.2,0.0254,71.3,0.0214178
140.987,1250,22.2,0.0254,71.3,0.0214178
131.817,1600,22.2,0.0254,71.3,0.0214178
127.197,2000,22.2,0.0254,71.3,0.0214178
123.65600000000002,2500,22.2,0.0254,71.3,0.0214178
124.8146,3150,22.2,0.0254,71.3,0.0214178
123.1654,4000,22.2,0.0254,71.3,0.0214178
122.84440000000002,5000,22.2,0.0254,71.3,0.0214178
115.0454,6300,22.2,0.0254,71.3,0.0214178
121.657,8000,22.2,0.0254,71.3,0.0214178
119.1848,200,22.2,0.0254,39.6,0.0229028
117.386,250,22.2,0.0254,39.6,0.0229028
125.55880000000002,315,22.2,0.0254,39.6,0.0229028
125.78659999999999,400,22.2,0.0254,39.6,0.0229028
129.776,500,22.2,0.0254,39.6,0.0229028
127.06480000000002,630,22.2,0.0254,39.6,0.0229028
137.076,800,22.2,0.0254,39.6,0.0229028
123.20360000000001,1000,22.2,0.0254,39.6,0.0229028
123.224,1250,22.2,0.0254,39.6,0.0229028
122.216,1600,22.2,0.0254,39.6,0.0229028
113.9402,2000,22.2,0.0254,39.6,0.0229028
117.07019999999997,2500,22.2,0.0254,39.6,0.0229028
114.51200000000001,3150,22.2,0.0254,39.6,0.0229028
119.646,4000,22.2,0.0254,39.6,0.0229028
118.816,5000,22.2,0.0254,39.6,0.0229028
131.71220000000002,630,0.0,0.1016,71.3,0.00121072
129.45499999999998,800,0.0,0.1016,71.3,0.00121072
128.6732,1000,0.0,0.1016,71.3,0.00121072
130.7328,1250,0.0,0.1016,71.3,0.00121072
127.5596,1600,0.0,0.1016,71.3,0.00121072
128.8356,2000,0.0,0.1016,71.3,0.00121072
127.30519999999999,2500,0.0,0.1016,71.3,0.00121072
128.8284,3150,0.0,0.1016,71.3,0.00121072
127.0024,4000,0.0,0.1016,71.3,0.00121072
130.795,5000,0.0,0.1016,71.3,0.00121072
129.395,6300,0.0,0.1016,71.3,0.00121072
123.33599999999998,8000,0.0,0.1016,71.3,0.00121072
123.305,10000,0.0,0.1016,71.3,0.00121072
119.375,12500,0.0,0.1016,71.3,0.00121072
126.17,630,0.0,0.1016,55.5,0.00131983
127.92,800,0.0,0.1016,55.5,0.00131983
129.8,1000,0.0,0.1016,55.5,0.00131983
127.1054,1250,0.0,0.1016,55.5,0.00131983
128.3634,1600,0.0,0.1016,55.5,0.00131983
126.1256,2000,0.0,0.1016,55.5,0.00131983
128.1542,2500,0.0,0.1016,55.5,0.00131983
131.78,3150,0.0,0.1016,55.5,0.00131983
124.89259999999999,4000,0.0,0.1016,55.5,0.00131983
125.253,5000,0.0,0.1016,55.5,0.00131983
127.73,6300,0.0,0.1016,55.5,0.00131983
123.0214,8000,0.0,0.1016,55.5,0.00131983
120.47319999999999,10000,0.0,0.1016,55.5,0.00131983
116.25699999999999,12500,0.0,0.1016,55.5,0.00131983
129.2748,630,0.0,0.1016,39.6,0.00146332
128.401,800,0.0,0.1016,39.6,0.00146332
129.1578,1000,0.0,0.1016,39.6,0.00146332
132.271,1250,0.0,0.1016,39.6,0.00146332
133.261,1600,0.0,0.1016,39.6,0.00146332
133.251,2000,0.0,0.1016,39.6,0.00146332
123.13300000000001,2500,0.0,0.1016,39.6,0.00146332
130.961,3150,0.0,0.1016,39.6,0.00146332
125.73119999999999,4000,0.0,0.1016,39.6,0.00146332
122.4124,5000,0.0,0.1016,39.6,0.00146332
125.631,6300,0.0,0.1016,39.6,0.00146332
117.02060000000002,8000,0.0,0.1016,39.6,0.00146332
121.41960000000002,10000,0.0,0.1016,39.6,0.00146332
126.413,630,0.0,0.1016,31.7,0.00150092
128.32619999999997,800,0.0,0.1016,31.7,0.00150092
128.593,1000,0.0,0.1016,31.7,0.00150092
128.3392,1250,0.0,0.1016,31.7,0.00150092
133.553,1600,0.0,0.1016,31.7,0.00150092
126.1606,2000,0.0,0.1016,31.7,0.00150092
132.003,2500,0.0,0.1016,31.7,0.00150092
122.99359999999999,3150,0.0,0.1016,31.7,0.00150092
120.72440000000002,4000,0.0,0.1016,31.7,0.00150092
127.07000000000001,5000,0.0,0.1016,31.7,0.00150092
124.253,6300,0.0,0.1016,31.7,0.00150092
122.845,8000,0.0,0.1016,31.7,0.00150092
121.41960000000002,10000,0.0,0.1016,31.7,0.00150092
129.45499999999998,800,3.3,0.1016,71.3,0.00202822
130.2732,1000,3.3,0.1016,71.3,0.00202822
130.7328,1250,3.3,0.1016,71.3,0.00202822
126.905,1600,3.3,0.1016,71.3,0.00202822
127.553,2000,3.3,0.1016,71.3,0.00202822
133.894,2500,3.3,0.1016,71.3,0.00202822
128.82840000000002,3150,3.3,0.1016,71.3,0.00202822
127.0024,4000,3.3,0.1016,71.3,0.00202822
123.37379999999999,5000,3.3,0.1016,71.3,0.00202822
124.904,6300,3.3,0.1016,71.3,0.00202822
118.1298,8000,3.3,0.1016,71.3,0.00202822
116.694,10000,3.3,0.1016,71.3,0.00202822
126.599,630,3.3,0.1016,55.5,0.002211
129.119,800,3.3,0.1016,55.5,0.002211
129.3024,1000,3.3,0.1016,55.5,0.002211
127.10539999999999,1250,3.3,0.1016,55.5,0.002211
128.3634,1600,3.3,0.1016,55.5,0.002211
126.1256,2000,3.3,0.1016,55.5,0.002211
127.4758,2500,3.3,0.1016,55.5,0.002211
124.05319999999999,3150,3.3,0.1016,55.5,0.002211
124.89259999999999,4000,3.3,0.1016,55.5,0.002211
125.253,5000,3.3,0.1016,55.5,0.002211
123.839,6300,3.3,0.1016,55.5,0.002211
116.38419999999999,8000,3.3,0.1016,55.5,0.002211
119.151,10000,3.3,0.1016,55.5,0.002211
129.2748,630,3.3,0.1016,39.6,0.00245138
129.6722,800,3.3,0.1016,39.6,0.00245138
131.971,1000,3.3,0.1016,39.6,0.00245138
127.973,1250,3.3,0.1016,39.6,0.00245138
127.1732,1600,3.3,0.1016,39.6,0.00245138
132.301,2000,3.3,0.1016,39.6,0.00245138
130.791,2500,3.3,0.1016,39.6,0.00245138
124.24740000000001,3150,3.3,0.1016,39.6,0.00245138
125.31280000000001,4000,3.3,0.1016,39.6,0.00245138
120.549,5000,3.3,0.1016,39.6,0.00245138
120.88219999999998,6300,3.3,0.1016,39.6,0.00245138
117.02059999999999,8000,3.3,0.1016,39.6,0.00245138
120.00280000000001,10000,3.3,0.1016,39.6,0.00245138
128.952,630,3.3,0.1016,31.7,0.00251435
131.362,800,3.3,0.1016,31.7,0.00251435
133.012,1000,3.3,0.1016,31.7,0.00251435
134.022,1250,3.3,0.1016,31.7,0.00251435
128.2848,1600,3.3,0.1016,31.7,0.00251435
123.0548,2000,3.3,0.1016,31.7,0.00251435
130.392,2500,3.3,0.1016,31.7,0.00251435
122.99360000000001,3150,3.3,0.1016,31.7,0.00251435
124.852,4000,3.3,0.1016,31.7,0.00251435
124.3692,5000,3.3,0.1016,31.7,0.00251435
129.15300000000002,6300,3.3,0.1016,31.7,0.00251435
117.432,8000,3.3,0.1016,31.7,0.00251435
133.526,630,6.7,0.1016,71.3,0.00478288
133.15460000000002,800,6.7,0.1016,71.3,0.00478288
136.758,1000,6.7,0.1016,71.3,0.00478288
137.658,1250,6.7,0.1016,71.3,0.00478288
128.893,1600,6.7,0.1016,71.3,0.00478288
128.8536,2000,6.7,0.1016,71.3,0.00478288
126.6066,2500,6.7,0.1016,71.3,0.00478288
125.53339999999999,3150,6.7,0.1016,71.3,0.00478288
129.343,500,6.7,0.1016,55.5,0.0052139
129.0948,630,6.7,0.1016,55.5,0.0052139
129.14460000000003,800,6.7,0.1016,55.5,0.0052139
129.435,1000,6.7,0.1016,55.5,0.0052139
127.1054,1250,6.7,0.1016,55.5,0.0052139
133.653,1600,6.7,0.1016,55.5,0.0052139
126.1256,2000,6.7,0.1016,55.5,0.0052139
125.6354,2500,6.7,0.1016,55.5,0.0052139
131.71099999999998,400,6.7,0.1016,39.6,0.00578076
127.68440000000001,500,6.7,0.1016,39.6,0.00578076
130.50799999999998,630,6.7,0.1016,39.6,0.00578076
129.78000000000003,800,6.7,0.1016,39.6,0.00578076
128.30919999999998,1000,6.7,0.1016,39.6,0.00578076
127.0608,1250,6.7,0.1016,39.6,0.00578076
125.7618,1600,6.7,0.1016,39.6,0.00578076
124.47,2000,6.7,0.1016,39.6,0.00578076
123.535,315,6.7,0.1016,31.7,0.00592927
125.51079999999999,400,6.7,0.1016,31.7,0.00592927
124.11880000000001,500,6.7,0.1016,31.7,0.00592927
127.71219999999998,630,6.7,0.1016,31.7,0.00592927
127.58699999999999,800,6.7,0.1016,31.7,0.00592927
127.6668,1000,6.7,0.1016,31.7,0.00592927
124.4146,1250,6.7,0.1016,31.7,0.00592927
124.2776,1600,6.7,0.1016,31.7,0.00592927
120.6692,2000,6.7,0.1016,31.7,0.00592927
129.22279999999998,200,8.9,0.1016,71.3,0.0103088
132.27880000000002,250,8.9,0.1016,71.3,0.0103088
136.583,315,8.9,0.1016,71.3,0.0103088
138.123,400,8.9,0.1016,71.3,0.0103088
128.8162,500,8.9,0.1016,71.3,0.0103088
138.423,630,8.9,0.1016,71.3,0.0103088
137.813,800,8.9,0.1016,71.3,0.0103088
135.433,1000,8.9,0.1016,71.3,0.0103088
132.793,1250,8.9,0.1016,71.3,0.0103088
128.763,1600,8.9,0.1016,71.3,0.0103088
130.2722,2000,8.9,0.1016,71.3,0.0103088
123.623,2500,8.9,0.1016,71.3,0.0103088
125.5334,3150,8.9,0.1016,71.3,0.0103088
120.243,4000,8.9,0.1016,71.3,0.0103088
122.8444,5000,8.9,0.1016,71.3,0.0103088
118.00139999999999,6300,8.9,0.1016,71.3,0.0103088
122.3656,200,8.9,0.1016,39.6,0.0124596
134.34,250,8.9,0.1016,39.6,0.0124596
135.38,315,8.9,0.1016,39.6,0.0124596
135.54,400,8.9,0.1016,39.6,0.0124596
126.4626,500,8.9,0.1016,39.6,0.0124596
128.2302,630,8.9,0.1016,39.6,0.0124596
130.94,800,8.9,0.1016,39.6,0.0124596
124.16579999999999,1000,8.9,0.1016,39.6,0.0124596
127.71,1250,8.9,0.1016,39.6,0.0124596
123.82,1600,8.9,0.1016,39.6,0.0124596
122.69539999999999,2000,8.9,0.1016,39.6,0.0124596
116.5702,2500,8.9,0.1016,39.6,0.0124596
118.477,3150,8.9,0.1016,39.6,0.0124596
121.422,4000,8.9,0.1016,39.6,0.0124596
113.08,5000,8.9,0.1016,39.6,0.0124596
112.0924,6300,8.9,0.1016,39.6,0.0124596
130.588,200,12.3,0.1016,71.3,0.0337792
131.568,250,12.3,0.1016,71.3,0.0337792
137.068,315,12.3,0.1016,71.3,0.0337792
139.428,400,12.3,0.1016,71.3,0.0337792
128.81619999999998,500,12.3,0.1016,71.3,0.0337792
130.5272,630,12.3,0.1016,71.3,0.0337792
134.346,800,12.3,0.1016,71.3,0.0337792
127.928,1000,12.3,0.1016,71.3,0.0337792
126.648,1250,12.3,0.1016,71.3,0.0337792
127.3638,1600,12.3,0.1016,71.3,0.0337792
129.86079999999998,2000,12.3,0.1016,71.3,0.0337792
121.318,2500,12.3,0.1016,71.3,0.0337792
125.5334,3150,12.3,0.1016,71.3,0.0337792
123.1654,4000,12.3,0.1016,71.3,0.0337792
122.84440000000002,5000,12.3,0.1016,71.3,0.0337792
118.00140000000002,6300,12.3,0.1016,71.3,0.0337792
132.304,200,12.3,0.1016,55.5,0.0368233
127.34020000000001,250,12.3,0.1016,55.5,0.0368233
135.674,315,12.3,0.1016,55.5,0.0368233
129.0926,400,12.3,0.1016,55.5,0.0368233
133.774,500,12.3,0.1016,55.5,0.0368233
128.34300000000002,630,12.3,0.1016,55.5,0.0368233
125.114,800,12.3,0.1016,55.5,0.0368233
129.435,1000,12.3,0.1016,55.5,0.0368233
127.88820000000001,1250,12.3,0.1016,55.5,0.0368233
121.824,1600,12.3,0.1016,55.5,0.0368233
126.1256,2000,12.3,0.1016,55.5,0.0368233
125.6354,2500,12.3,0.1016,55.5,0.0368233
121.1336,3150,12.3,0.1016,55.5,0.0368233
114.404,4000,12.3,0.1016,55.5,0.0368233
112.014,5000,12.3,0.1016,55.5,0.0368233
110.124,6300,12.3,0.1016,55.5,0.0368233
119.4386,200,12.3,0.1016,39.6,0.0408268
121.7372,250,12.3,0.1016,39.6,0.0408268
128.4442,315,12.3,0.1016,39.6,0.0408268
128.265,400,12.3,0.1016,39.6,0.0408268
122.205,500,12.3,0.1016,39.6,0.0408268
121.315,630,12.3,0.1016,39.6,0.0408268
122.315,800,12.3,0.1016,39.6,0.0408268
122.435,1000,12.3,0.1016,39.6,0.0408268
121.165,1250,12.3,0.1016,39.6,0.0408268
125.6522,1600,12.3,0.1016,39.6,0.0408268
114.085,2000,12.3,0.1016,39.6,0.0408268
113.315,2500,12.3,0.1016,39.6,0.0408268
113.055,3150,12.3,0.1016,39.6,0.0408268
110.905,4000,12.3,0.1016,39.6,0.0408268
108.625,5000,12.3,0.1016,39.6,0.0408268
107.985,6300,12.3,0.1016,39.6,0.0408268
122.38,200,12.3,0.1016,31.7,0.0418756
122.52020000000002,250,12.3,0.1016,31.7,0.0418756
125.83220000000001,315,12.3,0.1016,31.7,0.0418756
123.207,400,12.3,0.1016,31.7,0.0418756
118.667,500,12.3,0.1016,31.7,0.0418756
119.287,630,12.3,0.1016,31.7,0.0418756
125.367,800,12.3,0.1016,31.7,0.0418756
123.2796,1000,12.3,0.1016,31.7,0.0418756
118.767,1250,12.3,0.1016,31.7,0.0418756
114.477,1600,12.3,0.1016,31.7,0.0418756
110.447,2000,12.3,0.1016,31.7,0.0418756
110.317,2500,12.3,0.1016,31.7,0.0418756
110.307,3150,12.3,0.1016,31.7,0.0418756
108.407,4000,12.3,0.1016,31.7,0.0418756
118.2568,5000,12.3,0.1016,31.7,0.0418756
115.1656,6300,12.3,0.1016,31.7,0.0418756
130.898,200,15.6,0.1016,71.3,0.0437259
123.8116,250,15.6,0.1016,71.3,0.0437259
127.5978,315,15.6,0.1016,71.3,0.0437259
134.058,400,15.6,0.1016,71.3,0.0437259
128.957,500,15.6,0.1016,71.3,0.0437259
122.288,630,15.6,0.1016,71.3,0.0437259
132.0524,800,15.6,0.1016,71.3,0.0437259
126.6556,1000,15.6,0.1016,71.3,0.0437259
129.9436,1250,15.6,0.1016,71.3,0.0437259
121.528,1600,15.6,0.1016,71.3,0.0437259
129.86079999999998,2000,15.6,0.1016,71.3,0.0437259
118.998,2500,15.6,0.1016,71.3,0.0437259
125.5334,3150,15.6,0.1016,71.3,0.0437259
123.1654,4000,15.6,0.1016,71.3,0.0437259
121.4186,200,15.6,0.1016,39.6,0.0528487
124.644,250,15.6,0.1016,39.6,0.0528487
125.55880000000002,315,15.6,0.1016,39.6,0.0528487
128.7414,400,15.6,0.1016,39.6,0.0528487
115.304,500,15.6,0.1016,39.6,0.0528487
124.98060000000001,630,15.6,0.1016,39.6,0.0528487
129.7942,800,15.6,0.1016,39.6,0.0528487
119.224,1000,15.6,0.1016,39.6,0.0528487
118.214,1250,15.6,0.1016,39.6,0.0528487
125.47919999999999,1600,15.6,0.1016,39.6,0.0528487
118.10560000000001,2000,15.6,0.1016,39.6,0.0528487
117.07019999999997,2500,15.6,0.1016,39.6,0.0528487
114.8142,3150,15.6,0.1016,39.6,0.0528487
106.604,4000,15.6,0.1016,39.6,0.0528487
106.224,5000,15.6,0.1016,39.6,0.0528487
111.0942,6300,15.6,0.1016,39.6,0.0528487
