file,model,percentage,KL_Divergence,KL_Divergence_Less_Than_0_05
dirty-mean-5.csv,mean,5,0.005291819880261698,True
dirty-median-5.csv,median,5,0.007890484740354682,True
dirty-mode-5.csv,mode,5,0.004441767897747731,True
dirty-knn-5.csv,knn,5,5.954397190756559e-05,True
dirty-hdi-5.csv,hdi,5,5.954397190756559e-05,True
dirty-mice-5.csv,mice,5,0.0005562112452000414,True
dirty-iim-5.csv,iim,5,5.954397190756559e-05,True
dirty-si-5.csv,si,5,0.0008377221473228375,True
dirty-mfi-5.csv,mfi,5,0.004261915104211518,True
dirty-missfi-5.csv,missfi,5,0.0001522751088855626,True
dirty-xgbi-5.csv,xgbi,5,0.0003819983060848519,True
dirty-gain-5.csv,gain,5,0.08223402243801903,False
dirty-midae-5.csv,midae,5,0.0017426261434372696,True
dirty-mean-10.csv,mean,10,0.03569530239792308,True
dirty-median-10.csv,median,10,0.024541626381833426,True
dirty-mode-10.csv,mode,10,0.013684269720259955,True
dirty-knn-10.csv,knn,10,0.0018765986937466605,True
dirty-hdi-10.csv,hdi,10,0.0017241085239294539,True
dirty-mice-10.csv,mice,10,0.0015202598630410138,True
dirty-iim-10.csv,iim,10,0.0014034312131234578,True
dirty-si-10.csv,si,10,0.003969437193816143,True
dirty-mfi-10.csv,mfi,10,0.015720401545512755,True
dirty-missfi-10.csv,missfi,10,0.0017241085239294539,True
dirty-xgbi-10.csv,xgbi,10,0.00211856247490799,True
dirty-gain-10.csv,gain,10,0.005378355223673686,True
dirty-midae-10.csv,midae,10,0.007299510890167322,True
dirty-mean-15.csv,mean,15,0.07129545457991386,False
dirty-median-15.csv,median,15,0.05762267383811588,False
dirty-mode-15.csv,mode,15,0.02599761150608687,True
dirty-knn-15.csv,knn,15,0.0002661336657210682,True
dirty-hdi-15.csv,hdi,15,0.00023378372507094425,True
dirty-mice-15.csv,mice,15,0.0004912923133769943,True
dirty-iim-15.csv,iim,15,0.0002206520647889691,True
dirty-si-15.csv,si,15,0.002175519479539272,True
dirty-mfi-15.csv,mfi,15,0.04031055172359868,True
dirty-missfi-15.csv,missfi,15,0.00018849799531566,True
dirty-xgbi-15.csv,xgbi,15,0.0006972897044792892,True
dirty-gain-15.csv,gain,15,0.00782275063968981,True
dirty-midae-15.csv,midae,15,0.011050059998950187,True
dirty-mean-20.csv,mean,20,0.1016263582072559,False
dirty-median-20.csv,median,20,0.10546038241726033,False
dirty-mode-20.csv,mode,20,0.05125951717173205,False
dirty-knn-20.csv,knn,20,0.0020970378699486725,True
dirty-hdi-20.csv,hdi,20,0.004936826608658029,True
dirty-mice-20.csv,mice,20,0.002277970187334076,True
dirty-iim-20.csv,iim,20,0.0015051909892465408,True
dirty-si-20.csv,si,20,0.04853909204314938,True
dirty-mfi-20.csv,mfi,20,0.060737722885368495,False
dirty-missfi-20.csv,missfi,20,0.0019463187378024013,True
dirty-xgbi-20.csv,xgbi,20,0.0043751345529152936,True
dirty-gain-20.csv,gain,20,0.013138185474524923,True
dirty-midae-20.csv,midae,20,0.03151739908011125,True
dirty-mean-25.csv,mean,25,0.14268010921647428,False
dirty-median-25.csv,median,25,0.09465983884504806,False
dirty-mode-25.csv,mode,25,0.09465983884504806,False
dirty-knn-25.csv,knn,25,0.008250146896290604,True
dirty-hdi-25.csv,hdi,25,0.008824488070031795,True
dirty-mice-25.csv,mice,25,0.01049509746586933,True
dirty-iim-25.csv,iim,25,0.005981721748177047,True
dirty-si-25.csv,si,25,0.06760218071132484,False
dirty-mfi-25.csv,mfi,25,0.11684903438576678,False
dirty-missfi-25.csv,missfi,25,0.007831617292327451,True
dirty-xgbi-25.csv,xgbi,25,0.010177687614614012,True
dirty-gain-25.csv,gain,25,0.011702898398444756,True
dirty-midae-25.csv,midae,25,0.03741895666884242,True
dirty-mean-30.csv,mean,30,0.2231663387859203,False
dirty-median-30.csv,median,30,0.2140701051467034,False
dirty-mode-30.csv,mode,30,0.14526642017361824,False
dirty-knn-30.csv,knn,30,0.007382669230468972,True
dirty-hdi-30.csv,hdi,30,0.005157133315946991,True
dirty-mice-30.csv,mice,30,0.007475961429639187,True
dirty-iim-30.csv,iim,30,0.005442962196003501,True
dirty-si-30.csv,si,30,0.1009226514204982,False
dirty-mfi-30.csv,mfi,30,0.14526642017361824,False
dirty-missfi-30.csv,missfi,30,0.005323540014097082,True
dirty-xgbi-30.csv,xgbi,30,0.00870671507885935,True
dirty-gain-30.csv,gain,30,0.028289394444621512,True
dirty-midae-30.csv,midae,30,0.0274445849746292,True
dirty-mean-35.csv,mean,35,0.26062725380904045,False
dirty-median-35.csv,median,35,0.16894380947242407,False
dirty-mode-35.csv,mode,35,0.16894380947242407,False
dirty-knn-35.csv,knn,35,0.014510495346394026,True
dirty-hdi-35.csv,hdi,35,0.011400777390637754,True
dirty-mice-35.csv,mice,35,0.012918668016884974,True
dirty-iim-35.csv,iim,35,0.007338217946336838,True
dirty-si-35.csv,si,35,0.13501222000026397,False
dirty-mfi-35.csv,mfi,35,0.19822092880987735,False
dirty-missfi-35.csv,missfi,35,0.011527812660515065,True
dirty-xgbi-35.csv,xgbi,35,0.012687136299148197,True
dirty-gain-35.csv,gain,35,0.02073213757854782,True
dirty-midae-35.csv,midae,35,0.0730232276612835,False
dirty-mean-40.csv,mean,40,0.38828031297537247,False
dirty-median-40.csv,median,40,0.33124787775422887,False
dirty-mode-40.csv,mode,40,0.19514269097552575,False
dirty-knn-40.csv,knn,40,0.0064333913196429286,True
dirty-hdi-40.csv,hdi,40,0.0203841045730551,True
dirty-mice-40.csv,mice,40,0.01572734332298739,True
dirty-iim-40.csv,iim,40,0.004582251392794632,True
dirty-si-40.csv,si,40,0.12843233809610194,False
dirty-mfi-40.csv,mfi,40,0.25708525759479306,False
dirty-missfi-40.csv,missfi,40,0.00509956255854334,True
dirty-xgbi-40.csv,xgbi,40,0.014675101119150925,True
dirty-gain-40.csv,gain,40,0.015419483648373346,True
dirty-midae-40.csv,midae,40,0.0764532423431465,False
dirty-mean-45.csv,mean,45,0.4795894934079698,False
dirty-median-45.csv,median,45,0.24369725900499467,False
dirty-mode-45.csv,mode,45,0.31775067772329774,False
dirty-knn-45.csv,knn,45,0.0068540819935452215,True
dirty-hdi-45.csv,hdi,45,0.01274579968429139,True
dirty-mice-45.csv,mice,45,0.007637087238852436,True
dirty-iim-45.csv,iim,45,0.006169192405734644,True
dirty-si-45.csv,si,45,0.172567442565231,False
dirty-mfi-45.csv,mfi,45,0.31775067772329774,False
dirty-missfi-45.csv,missfi,45,0.009274868545814796,True
dirty-xgbi-45.csv,xgbi,45,0.008966997875302453,True
dirty-gain-45.csv,gain,45,0.6333025424712947,False
dirty-midae-45.csv,midae,45,0.10763417297024014,False
dirty-mean-50.csv,mean,50,0.6269476196623702,False
dirty-median-50.csv,median,50,0.45128410743947955,False
dirty-mode-50.csv,mode,50,0.34385238205330326,False
dirty-knn-50.csv,knn,50,0.007887715289134362,True
dirty-hdi-50.csv,hdi,50,0.007330906696533914,True
dirty-mice-50.csv,mice,50,0.013416338777737359,True
dirty-iim-50.csv,iim,50,0.009052077575576736,True
dirty-si-50.csv,si,50,0.25403812236620626,False
dirty-mfi-50.csv,mfi,50,0.37177969580624226,False
dirty-missfi-50.csv,missfi,50,0.005346967565152503,True
dirty-xgbi-50.csv,xgbi,50,0.008517769663315423,True
dirty-gain-50.csv,gain,50,0.09810771856001434,False
dirty-midae-50.csv,midae,50,0.16570733439746255,False
dirty-mean-55.csv,mean,55,0.7210921720885257,False
dirty-median-55.csv,median,55,0.5549827574192554,False
dirty-mode-55.csv,mode,55,0.38427122206997755,False
dirty-knn-55.csv,knn,55,0.018990492715559144,True
dirty-hdi-55.csv,hdi,55,0.019423110766795048,True
dirty-mice-55.csv,mice,55,0.02040474929868194,True
dirty-iim-55.csv,iim,55,0.005927265804601131,True
dirty-si-55.csv,si,55,0.289501414968364,False
dirty-mfi-55.csv,mfi,55,0.38427122206997755,False
dirty-missfi-55.csv,missfi,55,0.01514442199138387,True
dirty-xgbi-55.csv,xgbi,55,0.01737749478678546,True
dirty-gain-55.csv,gain,55,0.11814332519626039,False
dirty-midae-55.csv,midae,55,0.18711179872691736,False
dirty-mean-60.csv,mean,60,0.6964644581171601,False
dirty-median-60.csv,median,60,0.49904349325823977,False
dirty-mode-60.csv,mode,60,0.49904349325823977,False
dirty-knn-60.csv,knn,60,0.03482836958124626,True
dirty-hdi-60.csv,hdi,60,0.05620440622159961,False
dirty-mice-60.csv,mice,60,0.05688818121281779,False
dirty-iim-60.csv,iim,60,0.014906702744030527,True
dirty-si-60.csv,si,60,0.48893868721320405,False
dirty-mfi-60.csv,mfi,60,0.5181065970007908,False
dirty-missfi-60.csv,missfi,60,0.01664512751662857,True
dirty-xgbi-60.csv,xgbi,60,0.06990917169139847,False
dirty-gain-60.csv,gain,60,0.04313064739617935,True
dirty-midae-60.csv,midae,60,0.1812839208195918,False
dirty-mean-65.csv,mean,65,0.8844369023632999,False
dirty-median-65.csv,median,65,0.7889739561559683,False
dirty-mode-65.csv,mode,65,0.7889739561559683,False
dirty-knn-65.csv,knn,65,0.037223320590625206,True
dirty-hdi-65.csv,hdi,65,0.032449656086201914,True
dirty-mice-65.csv,mice,65,0.05977414974790623,False
dirty-iim-65.csv,iim,65,0.007251631211186036,True
dirty-si-65.csv,si,65,0.4302152862832477,False
dirty-mfi-65.csv,mfi,65,0.5995077674670152,False
dirty-missfi-65.csv,missfi,65,0.023115876740488817,True
dirty-xgbi-65.csv,xgbi,65,0.045162406967745,True
dirty-gain-65.csv,gain,65,0.3404600071853928,False
dirty-midae-65.csv,midae,65,0.18270073335089176,False
dirty-mean-70.csv,mean,70,0.8892552367957548,False
dirty-median-70.csv,median,70,0.6050238629231729,False
dirty-mode-70.csv,mode,70,0.7204376923965389,False
dirty-knn-70.csv,knn,70,0.036379839997841085,True
dirty-hdi-70.csv,hdi,70,0.0487717308071418,True
dirty-mice-70.csv,mice,70,0.04965872703024911,True
dirty-iim-70.csv,iim,70,0.010609068864605211,True
dirty-si-70.csv,si,70,0.5043614707197823,False
dirty-mfi-70.csv,mfi,70,0.7402651971893215,False
dirty-missfi-70.csv,missfi,70,0.018415563148164053,True
dirty-xgbi-70.csv,xgbi,70,0.02979404206682572,True
dirty-gain-70.csv,gain,70,0.09468997000632147,False
dirty-midae-70.csv,midae,70,0.39942515199370415,False
dirty-mean-75.csv,mean,75,1.2298285276090737,False
dirty-median-75.csv,median,75,0.9929315605670406,False
dirty-mode-75.csv,mode,75,0.7766837963653513,False
dirty-knn-75.csv,knn,75,0.06852206193465592,False
dirty-hdi-75.csv,hdi,75,0.0569365975463432,False
dirty-mice-75.csv,mice,75,0.058513826567036145,False
dirty-iim-75.csv,iim,75,0.00813674107603626,True
dirty-si-75.csv,si,75,1.2298285276090737,False
dirty-mfi-75.csv,mfi,75,0.8809687057033306,False
dirty-missfi-75.csv,missfi,75,0.020570422887076688,True
dirty-xgbi-75.csv,xgbi,75,0.049390106890961176,True
dirty-gain-75.csv,gain,75,0.05989213904865666,False
dirty-midae-75.csv,midae,75,0.7251240093213467,False
dirty-mean-80.csv,mean,80,1.300646815309276,False
dirty-median-80.csv,median,80,1.1753807750182688,False
dirty-mode-80.csv,mode,80,0.8713085383924137,False
dirty-knn-80.csv,knn,80,0.06907641169303694,False
dirty-hdi-80.csv,hdi,80,0.03891350135785772,True
dirty-mice-80.csv,mice,80,0.06689273679409125,False
dirty-iim-80.csv,iim,80,0.008438986558299381,True
dirty-si-80.csv,si,80,1.2262143390789564,False
dirty-mfi-80.csv,mfi,80,0.8908250050597897,False
dirty-missfi-80.csv,missfi,80,0.01880670412237095,True
dirty-xgbi-80.csv,xgbi,80,0.046121535809420605,True
dirty-gain-80.csv,gain,80,1.3551206672292426,False
dirty-midae-80.csv,midae,80,0.7613499828695047,False
dirty-mean-85.csv,mean,85,1.3441557305299243,False
dirty-median-85.csv,median,85,1.3441557305299243,False
dirty-mode-85.csv,mode,85,0.9837993000516604,False
dirty-knn-85.csv,knn,85,0.10511992811250895,False
dirty-hdi-85.csv,hdi,85,0.10043469525185185,False
dirty-mice-85.csv,mice,85,0.08551385981982945,False
dirty-iim-85.csv,iim,85,0.014354093760745463,True
dirty-si-85.csv,si,85,1.0435647794575518,False
dirty-mfi-85.csv,mfi,85,1.031161984886738,False
dirty-missfi-85.csv,missfi,85,0.06602519908362452,False
dirty-xgbi-85.csv,xgbi,85,0.10679515718806595,False
dirty-gain-85.csv,gain,85,3.4134135583679486,False
dirty-midae-85.csv,midae,85,1.0154711706815769,False
dirty-mean-90.csv,mean,90,1.0438967993871608,False
dirty-median-90.csv,median,90,1.0438967993871608,False
dirty-mode-90.csv,mode,90,1.1957058818105597,False
dirty-knn-90.csv,knn,90,0.3228715060405706,False
dirty-hdi-90.csv,hdi,90,0.13084192664902933,False
dirty-mice-90.csv,mice,90,0.4292726415765678,False
dirty-iim-90.csv,iim,90,0.010956214223687246,True
dirty-si-90.csv,si,90,1.0438967993871608,False
dirty-mfi-90.csv,mfi,90,1.3110809780431378,False
dirty-missfi-90.csv,missfi,90,0.14195190764031923,False
dirty-xgbi-90.csv,xgbi,90,0.13514853525759016,False
dirty-gain-90.csv,gain,90,0.19810817352340745,False
dirty-midae-90.csv,midae,90,0.931902086866236,False
dirty-mean-95.csv,mean,95,1.676536900411371,False
dirty-median-95.csv,median,95,1.16731363771881,False
dirty-mode-95.csv,mode,95,1.298537218281369,False
dirty-knn-95.csv,knn,95,0.23935539578089682,False
dirty-hdi-95.csv,hdi,95,0.32711005481821726,False
dirty-mice-95.csv,mice,95,1.008671247867834,False
dirty-iim-95.csv,iim,95,0.008716372513881472,True
dirty-si-95.csv,si,95,1.676536900411371,False
dirty-mfi-95.csv,mfi,95,1.465658691603229,False
dirty-missfi-95.csv,missfi,95,0.0719016685013644,False
dirty-xgbi-95.csv,xgbi,95,0.29239524808850204,False
dirty-gain-95.csv,gain,95,0.07407912452398668,False
dirty-midae-95.csv,midae,95,1.676536900411371,False
