file,Max_Correlation,Min_Correlation,Avg_Correlation
dirty-mean-5.csv,0.960668696104545,0.9431969299336278,0.9526135422007577
dirty-mean-10.csv,0.954314517492763,0.93965382779625,0.9485342279812711
dirty-mean-15.csv,0.9041610779350048,0.8906596909907142,0.8987022637669798
dirty-mean-20.csv,0.8777385498968384,0.8628668645847549,0.8714283830081478
dirty-mean-25.csv,0.8777523933620804,0.8662993740683288,0.8730454391250857
dirty-mean-30.csv,0.8662597671966743,0.845461588719376,0.8559943051745874
dirty-mean-35.csv,0.817122773134595,0.8102996105450772,0.8145699711009741
dirty-mean-40.csv,0.7748233940252284,0.7572268131008476,0.7676010558446754
dirty-mean-45.csv,0.71447668650571,0.6989890916601013,0.7067901587036222
dirty-mean-50.csv,0.6978554192875032,0.6833639902922991,0.6921332622336591
dirty-mean-55.csv,0.6383456632830095,0.6320627593752999,0.6348772333773656
dirty-mean-60.csv,0.594169781317398,0.5816235240147315,0.5878451418724306
dirty-mean-65.csv,0.6262232409787408,0.6214727496712599,0.6239020142062843
dirty-mean-70.csv,0.5564819952256927,0.5411233442883362,0.5497031473513966
dirty-mean-75.csv,0.5242027236485179,0.5119554205367239,0.5158887810864007
dirty-mean-80.csv,0.42073345407044294,0.40292637589517294,0.41274086015609707
dirty-mean-85.csv,0.38237522027982845,0.3656720390624636,0.3735523962112374
dirty-mean-90.csv,0.2897660382681133,0.28299357849348106,0.28704427566781404
dirty-mean-95.csv,0.23123092665908695,0.22339654156625602,0.22819832353056108
dirty-median-5.csv,0.9586652631572848,0.941276570225332,0.9506153041529551
dirty-median-10.csv,0.9540683166725366,0.9394596183522511,0.9484168975192332
dirty-median-15.csv,0.9028060516979666,0.8900523496727383,0.8977484481088701
dirty-median-20.csv,0.8777088289423267,0.8629588876621179,0.8714026623012694
dirty-median-25.csv,0.8788354769206216,0.8674368685848627,0.8742337812957494
dirty-median-30.csv,0.865282310713387,0.843317142586929,0.8544429113653915
dirty-median-35.csv,0.8157328344649162,0.8086525607836614,0.8129922346669749
dirty-median-40.csv,0.7667721225855704,0.7501752602672404,0.7601432679975451
dirty-median-45.csv,0.7129884789885943,0.6974489626512833,0.7052973851671773
dirty-median-50.csv,0.6968206559570537,0.6819316668775984,0.690793554254536
dirty-median-55.csv,0.6347399699127874,0.6285956585319835,0.6313492737282057
dirty-median-60.csv,0.5930047502531873,0.580425584840952,0.5864093035469242
dirty-median-65.csv,0.624324991892811,0.6186922495244661,0.6215702427980737
dirty-median-70.csv,0.5379693486345808,0.5235725706389222,0.5314716649533175
dirty-median-75.csv,0.5242161144224874,0.5109275179345858,0.515115213223295
dirty-median-80.csv,0.40737441276307407,0.3897299222916802,0.39922948569767
dirty-median-85.csv,0.38119838616480833,0.36410342255983963,0.3721663886335383
dirty-median-90.csv,0.28704581677174984,0.2790089799254086,0.2835371140386479
dirty-median-95.csv,0.2294414804322489,0.22092785840214813,0.2261389745061419
dirty-mode-5.csv,0.9281866430759168,0.9115690933361912,0.9203382966392863
dirty-mode-10.csv,0.9117390841156949,0.898043016307188,0.9070372301020868
dirty-mode-15.csv,0.8398731751751409,0.8312964934695939,0.8369445707373256
dirty-mode-20.csv,0.8023491525483293,0.7895760818495628,0.7966066191563962
dirty-mode-25.csv,0.7988733210533386,0.7888228361461155,0.7951942654313219
dirty-mode-30.csv,0.8543736692227945,0.8352277495404771,0.8449213560301149
dirty-mode-35.csv,0.7085561741360978,0.700129740894178,0.7042505094269286
dirty-mode-40.csv,0.6418195397230875,0.6278308229460429,0.6350297648192639
dirty-mode-45.csv,0.7012609983923898,0.6862667091272925,0.693767204577714
dirty-mode-50.csv,0.682688573821793,0.6693480296730129,0.677716022388247
dirty-mode-55.csv,0.6046634337678577,0.5984035387722402,0.6012040410245897
dirty-mode-60.csv,0.4521803887323127,0.44152708911140404,0.4446501116679703
dirty-mode-65.csv,0.6102639892103693,0.6071076339689928,0.6087343328405784
dirty-mode-70.csv,0.4099565547645213,0.3971723510003883,0.40335938103523866
dirty-mode-75.csv,0.40583798165086427,0.38961631719855827,0.3949176237582634
dirty-mode-80.csv,0.41106626988408185,0.39434573433251635,0.4039402496219591
dirty-mode-85.csv,0.261818173643323,0.24698919443447356,0.2539682640353923
dirty-mode-90.csv,0.2698640434662709,0.26445120873084965,0.2663342096478989
dirty-mode-95.csv,0.17423666156576698,0.16184163446257493,0.1676607381660136
dirty-knn-5.csv,0.9933954876878711,0.9761506906888432,0.985865207281644
dirty-knn-10.csv,0.9937111290760665,0.9755736912984081,0.9857494573548201
dirty-knn-15.csv,0.9918903497238266,0.975117365045928,0.9847746865569179
dirty-knn-20.csv,0.993639060456307,0.9764281555389248,0.9859195983367638
dirty-knn-25.csv,0.994308304069206,0.9760662836175868,0.9861547115755032
dirty-knn-30.csv,0.9953594292654625,0.9790038360318236,0.9876701566522318
dirty-knn-35.csv,0.993656916939676,0.9760886998469155,0.9859840166888133
dirty-knn-40.csv,0.9943376505274002,0.9781213400251113,0.9874547132734126
dirty-knn-45.csv,0.9927523243114608,0.9768331217773777,0.9860444422648298
dirty-knn-50.csv,0.9947654199806002,0.9790612588615089,0.9879574707265899
dirty-knn-55.csv,0.989725166593943,0.9765111704911633,0.9839314227891973
dirty-knn-60.csv,0.9877487187230759,0.9730179697794419,0.9818005483483743
dirty-knn-65.csv,0.9949040926677549,0.981143144635693,0.9890935115622188
dirty-knn-70.csv,0.9910975352329661,0.9801962964650279,0.9872050030389812
dirty-knn-75.csv,0.9940016989439392,0.9781955845221836,0.987185874990477
dirty-knn-80.csv,0.983416172696375,0.9715044060534883,0.9789028312718616
dirty-knn-85.csv,0.9792964507355774,0.9647511233002388,0.9731809550463681
dirty-knn-90.csv,0.9661202644547201,0.9499236592727313,0.9595495904818704
dirty-knn-95.csv,0.9460579150679023,0.9308403297994622,0.9407427503243484
dirty-hdi-5.csv,0.9935623632027667,0.97499024844469,0.9852529937021426
dirty-hdi-10.csv,0.9932103167404037,0.9752822668997917,0.9853661328781589
dirty-hdi-15.csv,0.9923259299679574,0.9754125108556134,0.9850912302051235
dirty-hdi-20.csv,0.9941885574882645,0.9760931230829668,0.9859858231965887
dirty-hdi-25.csv,0.9941763522949779,0.9751499732915235,0.9856658176916141
dirty-hdi-30.csv,0.9944515725324569,0.9765481766564946,0.98621989853472
dirty-hdi-35.csv,0.9935726824031618,0.9751930417265764,0.9853538278089548
dirty-hdi-40.csv,0.9934432010834164,0.9755283696420887,0.9856657035487643
dirty-hdi-45.csv,0.9926173023857033,0.9748655240412714,0.9850204503417161
dirty-hdi-50.csv,0.9948996281747344,0.9774479205329882,0.9871273232559971
dirty-hdi-55.csv,0.991354014892872,0.9784026964165256,0.9854171927064466
dirty-hdi-60.csv,0.9931421987685325,0.979370001435014,0.986897677192046
dirty-hdi-65.csv,0.9944008746423932,0.9781900764677613,0.9874184684034726
dirty-hdi-70.csv,0.9913181872929728,0.980982664084492,0.9874901697194218
dirty-hdi-75.csv,0.9920870491423612,0.976492620436296,0.9855905396811077
dirty-hdi-80.csv,0.9925185271307994,0.9799977812616678,0.9872453818764535
dirty-hdi-85.csv,0.9923889033938819,0.9827264549992701,0.988105727533736
dirty-hdi-90.csv,0.9866961619701204,0.973892804349367,0.9821155116794859
dirty-hdi-95.csv,0.9816521542556188,0.9755934480867718,0.9789061564583669
dirty-mice-5.csv,0.99275381573011,0.9743400115315163,0.9846033487031823
dirty-mice-10.csv,0.9936215780222396,0.9748410478414622,0.9853315945133555
dirty-mice-15.csv,0.9874809838969367,0.9688636979291881,0.9793286040048577
dirty-mice-20.csv,0.9901955912927265,0.971274920371566,0.9819288935256619
dirty-mice-25.csv,0.993431081310096,0.9727633123943127,0.9842824717217777
dirty-mice-30.csv,0.9934910455024434,0.9733277031657444,0.9841605302989996
dirty-mice-35.csv,0.991034717724571,0.9729038786071085,0.9831089628662651
dirty-mice-40.csv,0.9898222252601118,0.9656038102008822,0.9790322090801759
dirty-mice-45.csv,0.9810980640408082,0.9568536093508944,0.9702045071342061
dirty-mice-50.csv,0.9835841587546305,0.960652617800495,0.9735818050029497
dirty-mice-55.csv,0.975833348874645,0.9550016660168651,0.9662919151047392
dirty-mice-60.csv,0.9710731014253587,0.9468352275277326,0.9604666884248061
dirty-mice-65.csv,0.9869947161279821,0.9628332919106839,0.9764409465842198
dirty-mice-70.csv,0.976074883546872,0.9502915311964072,0.9655724668194458
dirty-mice-75.csv,0.976087732748634,0.9503809214377594,0.9653002256706237
dirty-mice-80.csv,0.9610975116980494,0.9344081235179238,0.9494101397273622
dirty-mice-85.csv,0.9572448522843088,0.9277124287293838,0.9444713170172527
dirty-mice-90.csv,0.9299808595447882,0.9037303092653314,0.919177652205826
dirty-mice-95.csv,0.9151389926643464,0.8840313691472996,0.9010075016896598
dirty-iim-5.csv,0.9928187480835005,0.9736993693890968,0.9843497292880029
dirty-iim-10.csv,0.9921568769034179,0.9744841220381014,0.9845582983270574
dirty-iim-15.csv,0.9902882368894097,0.9718193239214087,0.9822465558664473
dirty-iim-20.csv,0.9899026881825264,0.9718621112948125,0.9815882054889274
dirty-iim-25.csv,0.9932835450262348,0.9744162690229284,0.9848093738966404
dirty-iim-30.csv,0.99324116396861,0.9758357448648788,0.9850618193170975
dirty-iim-35.csv,0.9848573518467221,0.9647739990136572,0.9762860374763986
dirty-iim-40.csv,0.988741742482713,0.9701116724667922,0.9811886657776352
dirty-iim-45.csv,0.991117619796778,0.9698136374475721,0.98170374382771
dirty-iim-50.csv,0.9884101732431039,0.9692127789915906,0.9801251753790993
dirty-iim-55.csv,0.968167702121072,0.9506963064447975,0.9600368782496072
dirty-iim-60.csv,0.9840825306220535,0.9681481833014525,0.977280925214189
dirty-iim-65.csv,0.9747226476413304,0.9486318068002825,0.9636029118793948
dirty-iim-70.csv,0.9858873273061689,0.9709620416294998,0.9803055271255631
dirty-iim-75.csv,0.9819900019731139,0.9576438013831703,0.9709347397179061
dirty-iim-80.csv,0.9886068856100931,0.9734908657787897,0.9823992508741244
dirty-iim-85.csv,0.9905489035700887,0.9718075576065814,0.9811599878285469
dirty-iim-90.csv,0.9682466242882433,0.9525136813856192,0.9621314910892426
dirty-iim-95.csv,0.9829377993342862,0.9768155618948589,0.9793471901848075
dirty-si-5.csv,0.9933446472607385,0.9751961419151044,0.9853583320007255
dirty-si-10.csv,0.9933119540888687,0.9747027520869976,0.9852754997724275
dirty-si-15.csv,0.9933788035094329,0.9758702619315673,0.9857566273426214
dirty-si-20.csv,0.9937585070774954,0.9774140761466589,0.986450675977111
dirty-si-25.csv,0.994047970970328,0.974769880056948,0.9857107284188638
dirty-si-30.csv,0.9946973012199509,0.9779410216857692,0.9870501742089752
dirty-si-35.csv,0.9931304382238209,0.9756537411511936,0.985820477509723
dirty-si-40.csv,0.9939369543822615,0.976251172376849,0.9864231773738273
dirty-si-45.csv,0.9950527129849187,0.9771053072335519,0.9872141706107328
dirty-si-50.csv,0.9960375687633128,0.9783937001197023,0.9877574834968116
dirty-si-55.csv,0.9959041644204956,0.9796654686997953,0.9880570109319339
dirty-si-60.csv,0.9960151247208686,0.9800113933922077,0.9881905849819145
dirty-si-65.csv,0.9966427394323868,0.9781970107676451,0.9875266941684432
dirty-si-70.csv,0.9967974892355699,0.9786082420232336,0.9877884545746972
dirty-si-75.csv,0.9976981531704506,0.9791222249132117,0.9882592597117857
dirty-si-80.csv,0.9983399880655334,0.9808325129939086,0.9891815299059358
dirty-si-85.csv,0.9991868558241771,0.9809747181116921,0.9894166192846198
dirty-si-90.csv,0.998352644479334,0.9794193954919381,0.9885268605791107
dirty-si-95.csv,0.998929849394195,0.9799031873540094,0.9887680599883739
dirty-mfi-5.csv,0.923854472195986,0.9073739109371861,0.9160606043962453
dirty-mfi-10.csv,0.9074372511238505,0.8937429789260177,0.9027931679621491
dirty-mfi-15.csv,0.8320701394002862,0.8238991488575415,0.8293008467850818
dirty-mfi-20.csv,0.786833087197158,0.7744807582331169,0.7812273346959456
dirty-mfi-25.csv,0.7844479506016445,0.7744871631988831,0.7808548649779471
dirty-mfi-30.csv,0.7538061742481691,0.7299331209831322,0.7419961299035204
dirty-mfi-35.csv,0.6948513820722301,0.6864937341324991,0.690402184100941
dirty-mfi-40.csv,0.6201045598811212,0.6065830033879589,0.6132826613630986
dirty-mfi-45.csv,0.5589391028680388,0.546068486246756,0.5526768081242055
dirty-mfi-50.csv,0.5453397310482357,0.5311520241583274,0.538699214376725
dirty-mfi-55.csv,0.47077087164796355,0.4657744334654925,0.46787987347085686
dirty-mfi-60.csv,0.42705952762843125,0.4162334089843303,0.41960435059708423
dirty-mfi-65.csv,0.4754062208915503,0.4663846448980836,0.47096581263574955
dirty-mfi-70.csv,0.38322984217384615,0.3709419601138506,0.3768011883477028
dirty-mfi-75.csv,0.3846333146057728,0.36855366048390303,0.3739073606187039
dirty-mfi-80.csv,0.2570699834848012,0.24506828013934123,0.25071454818226185
dirty-mfi-85.csv,0.2512242830010401,0.23731606617937223,0.24378080793094467
dirty-mfi-90.csv,0.17436281753733887,0.16019404480311109,0.16657422465774013
dirty-mfi-95.csv,0.16184262834727348,0.14891833267392351,0.15482904559456476
dirty-missfi-5.csv,0.9933915142460387,0.9757742024081978,0.9856572923952588
dirty-missfi-10.csv,0.9937388068627516,0.975647156497588,0.9857341435426055
dirty-missfi-15.csv,0.9924445911621054,0.9750993658504277,0.9849744398054775
dirty-missfi-20.csv,0.9944680899597745,0.9767702168973211,0.9864444942362756
dirty-missfi-25.csv,0.9947114369916649,0.9750037105465902,0.9859546685898992
dirty-missfi-30.csv,0.9956799134636958,0.978056687473086,0.9874049139564478
dirty-missfi-35.csv,0.9941896782112136,0.9760205974906174,0.9859876914009421
dirty-missfi-40.csv,0.994697290246703,0.9772984852917258,0.9871909524549981
dirty-missfi-45.csv,0.9938792587257816,0.9754389847892433,0.9858504206874265
dirty-missfi-50.csv,0.9957834949323835,0.979144273640111,0.9884606274282556
dirty-missfi-55.csv,0.9929763329518034,0.9773500751529259,0.9860699741741491
dirty-missfi-60.csv,0.9945612816631321,0.9791796649417773,0.9877665828339814
dirty-missfi-65.csv,0.9960429338188591,0.9785640128183507,0.9883367867693648
dirty-missfi-70.csv,0.9933996033264296,0.9806936431908292,0.9883631716340202
dirty-missfi-75.csv,0.9956616458189941,0.9780489447662817,0.9878605564060373
dirty-missfi-80.csv,0.9916145020237005,0.9772996344077071,0.9859270998273051
dirty-missfi-85.csv,0.9932278109638412,0.9789193130682079,0.9869269356042111
dirty-missfi-90.csv,0.9914100672222124,0.9779409983292147,0.9861839056702669
dirty-missfi-95.csv,0.9877334220700081,0.9794551382526555,0.9856514298249832
dirty-xgbi-5.csv,0.99337722611247,0.9744774408534116,0.9848989909231444
dirty-xgbi-10.csv,0.9935710552873143,0.9755994660722526,0.9856466831223721
dirty-xgbi-15.csv,0.9920470632512538,0.9743597326523213,0.9843645405977471
dirty-xgbi-20.csv,0.9937512019574882,0.9762850766409267,0.9858628844832715
dirty-xgbi-25.csv,0.9942411945305164,0.9744830208907804,0.9854310179682523
dirty-xgbi-30.csv,0.9948482148898378,0.9764284773113823,0.9863524232703319
dirty-xgbi-35.csv,0.9939571462477627,0.9752382937677849,0.9855775566574652
dirty-xgbi-40.csv,0.9936823149325913,0.9760875951741261,0.9862577567927919
dirty-xgbi-45.csv,0.9942616586011747,0.9746606762615919,0.9851475118514863
dirty-xgbi-50.csv,0.9939489688681893,0.9746546814500675,0.9854928896375666
dirty-xgbi-55.csv,0.9914116715780608,0.9760220495231847,0.9847017382295461
dirty-xgbi-60.csv,0.9929634090505391,0.9751676636775412,0.9851488985201832
dirty-xgbi-65.csv,0.9942914235974668,0.9751368309120905,0.9857855359303785
dirty-xgbi-70.csv,0.9926256093574524,0.9769069113935059,0.9863832789671854
dirty-xgbi-75.csv,0.9928027750011301,0.9735113851208619,0.9845423422591957
dirty-xgbi-80.csv,0.9921745663347349,0.9755834758142627,0.9855276638742054
dirty-xgbi-85.csv,0.9939953831563297,0.9776359501184464,0.9868024145723477
dirty-xgbi-90.csv,0.9781310426756722,0.9584627554226336,0.9703879704162455
dirty-xgbi-95.csv,0.9632510207909531,0.9418593751150366,0.9555438386396992
dirty-gain-5.csv,0.939149312953171,0.9217379977640682,0.9313496115412863
dirty-gain-10.csv,0.8950290953724402,0.8811248979868729,0.889493253958895
dirty-gain-15.csv,0.8193621776896158,0.8066901646941759,0.8139120301724398
dirty-gain-20.csv,0.7890693970868983,0.7733871624117742,0.781792930401046
dirty-gain-25.csv,0.7141171824385891,0.7073357073563773,0.7110985319546457
dirty-gain-30.csv,0.7223460694525207,0.7052490298400974,0.7134691021799472
dirty-gain-35.csv,0.6358317139221378,0.6287234113718708,0.6337357198513379
dirty-gain-40.csv,0.586721826646486,0.5686973208306091,0.5784432644928853
dirty-gain-45.csv,0.5510497495241042,0.5419696022421038,0.5461294760704923
dirty-gain-50.csv,0.5111170240570363,0.4996561278219317,0.5070412087973301
dirty-gain-55.csv,0.4792859265268898,0.4688116799416481,0.4741467526716742
dirty-gain-60.csv,0.3807825552887498,0.36893566330587846,0.3752814478639462
dirty-gain-65.csv,0.3700128676460327,0.36553638515218767,0.3678443422463989
dirty-gain-70.csv,0.30966022753636063,0.29915871600072497,0.3040499129855491
dirty-gain-75.csv,0.2858678544560851,0.27445407115413695,0.2791674731472172
dirty-gain-80.csv,0.18863014517477106,0.181954158613141,0.18498036056294107
dirty-gain-85.csv,0.18584418371349204,0.17271085910829884,0.18076475121957394
dirty-gain-90.csv,0.09872461392615116,0.08660867097403925,0.09241057803054653
dirty-gain-95.csv,0.038307219739099174,0.03214307195132099,0.03558383968475802
dirty-midae-5.csv,0.9749905082117334,0.958291614992088,0.967382933715503
dirty-midae-10.csv,0.9702057665106596,0.9545707762774566,0.9640170435086236
dirty-midae-15.csv,0.9435054177784993,0.9309337162151728,0.9385597081599555
dirty-midae-20.csv,0.9378590062431785,0.9229892756467303,0.9310837841741121
dirty-midae-25.csv,0.9346784964481529,0.920954877248331,0.9289929444707573
dirty-midae-30.csv,0.9263271372513224,0.9061057214618847,0.916368651188779
dirty-midae-35.csv,0.9032729519120396,0.8957507038150165,0.9005445568443234
dirty-midae-40.csv,0.8729127519869422,0.8589301303406737,0.8672986834206341
dirty-midae-45.csv,0.8305021474960415,0.8151711371894073,0.8232561301609468
dirty-midae-50.csv,0.8480900405951202,0.8344192998758068,0.8427292570747242
dirty-midae-55.csv,0.7820562756630136,0.7751452973387775,0.7785813632506808
dirty-midae-60.csv,0.7806968445918485,0.7696423447188044,0.775048305955708
dirty-midae-65.csv,0.7893535004549335,0.7845976516145866,0.7872833048814626
dirty-midae-70.csv,0.7208945245498612,0.7087575667743846,0.7153222145852504
dirty-midae-75.csv,0.7210263295603199,0.7092894751168185,0.7138453593422874
dirty-midae-80.csv,0.6134750689083753,0.5983356309913076,0.6068745070714218
dirty-midae-85.csv,0.5945384451079769,0.5830436845951146,0.5883077803401887
dirty-midae-90.csv,0.6083009282524592,0.599305605567006,0.6048709027424076
dirty-midae-95.csv,0.3960218300983987,0.3874559104460161,0.39215005322010665
