,V1,V2,V3,V4,V5,V6,V7,V8,V9
0,Q1,,6598.952202,6608.527173,6765.914014,6992.949003,6931.539,7161.240869,6981.304105
1,Q2,,6789.414723,6895.838545,7050.508939,7155.206969,7075.445,7373.832383,7339.981903
2,Q3,7188.893596,6986.3304,7025.162033,7066.270724,7129.545542,7079.719,7242.259002,7043.345329
3,Q4,,7483.094657,7510.21238,7600.148193,7714.39801,7677.571,7922.636157,7707.159526
4,Q5,,995.0,1083.0,1465.0,1079.0,948.0,1298.0,1763.0
5,Q6,,9808.8,9912.1,9985.6,10009.8,9980.3,10102.6,10168.4
6,Q7,5344.118309930142,3378.1,3376.1,3389.1,3421.6,3409.3,3433.6,3452.9
7,Q8,4134.013520890442,2622.7,2656.9,2695.4,2669.3,2676.7,2750.0,2778.7
8,Q9,3564.4534884305035,2468.4,2483.6,2508.1,2506.4,2503.8,2527.0,2528.8
9,Q10,4057.4810207783135,2538.0,2567.1,2563.8,2562.0,2551.1,2569.9,2581.8
10,Q11,2038.1420163194105,1153.0,1160.9,1145.8,1169.3,1156.0,1156.2,1156.1
11,Q12,5172.500611387717,3097.0,3256.0,3385.0,3264.0,2977.0,3349.0,3657.0
12,Q13,3517.056751498851,1787.0,1814.6,1818.9,1850.7,1846.3,1848.1,1854.0
13,Q14,14040.940710029525,12420.0,12630.0,12560.0,13660.0,12180.0,12600.0,12800.0
14,Q15,2953.4164698359564,1322.0,1276.0,1463.0,1260.0,1281.0,1510.0,1497.0
15,Q16,3530.8185465435035,2344.0,2226.0,2417.0,2321.0,2224.0,2329.0,2423.0
16,Q17,3285.8826854129684,2505.6,2462.6,2501.0,2547.8,2528.8,2553.9,2547.1
17,Q18,6650.696722213939,5013.0,5200.0,5202.0,4724.0,4933.0,4979.0,4868.0
18,Q19,7092.945849676007,5652.0,5862.0,5916.0,5762.0,5860.0,6212.0,6187.0
19,Q20,7618.6399827857795,6368.0,6414.0,6531.0,6555.0,6432.0,6504.0,6596.0
20,Q21,9547.0,9720.0,9905.0,10123.0,9862.0,9957.0,10302.0,10331.0
21,Q22,5745.98243925507,5374.0,5365.0,5335.0,5372.0,5396.0,5351.0,5433.0
22,Q23,5438.458413985794,5936.1,6063.8,6197.4,6101.3,6063.9,6204.5,6310.4
23,Q24,2972.868497942543,2317.9,2360.1,2402.7,2367.3,2348.4,2371.2,2383.9
24,Q25,1776.9601407911828,1365.2,1387.6,1412.4,1392.4,1400.0,1384.0,1400.0
25,Q26,8061.187370379027,7310.0,7780.0,9370.0,7940.0,7040.0,8980.0,9900.0
26,Q27,10266.664843529938,9279.0,9395.0,9567.0,9295.0,9287.0,9535.0,9526.0
27,Q28,5493.261313946566,4910.0,4970.0,5170.0,5430.0,5110.0,5050.0,5100.0
28,Q29,2185.75914979449,1960.0,1870.0,1850.0,1910.0,2050.0,1960.0,1990.0
29,Q30,3968.8392810803966,3180.0,3120.0,3110.0,3140.0,3230.0,3160.0,3160.0
30,Q31,2646.8105445831907,2510.0,2530.0,2530.0,2630.0,2580.0,2570.0,2620.0
31,Q32,4412.5251372921275,4780.0,4590.0,4750.0,4640.0,5000.0,4890.0,4940.0
32,Q33,7946.175691734379,8470.0,8350.0,8370.0,8590.0,8590.0,8650.0,8740.0
33,Q34,7010.814214316796,7360.0,7210.0,7390.0,7430.0,7370.0,7530.0,7580.0
34,Q35,9243.927173343815,10390.0,10580.0,10200.0,10380.0,10750.0,10630.0,10600.0
35,Q36,8880.608773269745,8930.0,9160.0,9270.0,9300.0,9530.0,9280.0,9340.0
36,Q37,3899.459954995749,4480.0,4590.0,4830.0,5060.0,4940.0,4810.0,4960.0
37,Q38,5783.639269301738,6200.0,6590.0,6670.0,6410.0,6850.0,7050.0,7090.0
38,Q39,5891.550744010749,5600.0,6150.0,5820.0,5520.0,6200.0,6240.0,6960.0
39,Q40,5750.143929956088,5220.0,5240.0,5230.0,5390.0,5440.0,5450.0,5460.0
40,Q41,2548.681644555661,1923.0,1920.0,1929.0,1994.0,1999.0,1997.0,1985.0
41,Q42,4163.807920362186,2186.0,2190.0,2123.0,2291.0,2288.0,2281.0,2191.0
42,Q43,7295.621342543791,5440.0,5490.0,5490.0,5600.0,5660.0,5650.0,5650.0
43,Q44,2597.955244603761,1321.0,1313.0,1324.0,1358.0,1355.0,1343.0,1361.0
44,Q45,3103.0704906020906,1981.0,1977.0,1988.0,2072.0,2074.0,2024.0,2000.0
45,Q46,4638.975723304925,3340.0,3400.0,3400.0,3530.0,3520.0,3680.0,3530.0
46,Q47,10427.747728369442,9980.0,9970.0,9680.0,9760.0,10040.0,10100.0,9890.0
47,Q48,2956.0251886549804,1469.0,1459.0,1402.0,1462.0,1408.0,1454.0,1492.0
48,Q49,9947.028862657799,8950.0,9180.0,9120.0,9600.0,9460.0,9400.0,9500.0
49,Q50,9350.0,9520.0,9670.0,9640.0,10160.0,10140.0,10000.0,10030.0
50,Q51,2531.516611031894,1456.0,1516.0,1472.0,1559.0,1545.0,1519.0,1568.0
51,Q52,6496.151424138155,5940.0,5930.0,5790.0,5880.0,5960.0,6060.0,6090.0
52,Q53,3082.875845942156,2772.0,2617.0,2680.0,2800.0,2837.0,2887.0,2719.0
53,Q54,3037.4358779512436,1684.0,1671.0,1745.0,1758.0,1740.0,1752.0,1764.0
54,Q55,8252.10952006703,6890.0,6890.0,6550.0,6790.0,6950.0,7010.0,7250.0
55,Q56,4451.009153325082,3110.0,3013.0,2910.0,3202.0,3120.0,3105.0,3079.0
56,Q57,1460.0,1506.0,1477.0,1490.0,1533.0,1542.0,1523.0,1544.0
57,Q58,8633.676131115582,7480.0,7540.0,7470.0,7590.0,7610.0,7690.0,7710.0
58,Q59,9997.102599651469,9590.0,9700.0,9850.0,9900.0,10060.0,9970.0,9770.0
59,Q60,2599.4738039144636,1420.0,1431.0,1447.0,1485.0,1444.0,1468.0,1477.0
60,Q61,3229.455909769403,2860.8,2867.7,2882.2,2865.4,2841.5,2783.8,2804.7
61,Q62,2373.023500087451,2027.0,2089.0,2063.0,2115.0,2094.0,2142.0,2128.0
62,Q63,3794.897091110924,2982.0,2975.0,3089.0,3040.0,2937.0,2897.0,2765.0
63,Q64,3837.588837908168,3164.5,3214.0,3184.9,3207.1,3155.6,3155.9,3200.4
64,Q65,5269.240412438204,4615.0,4584.0,4534.0,4351.0,4352.0,4329.0,4453.0
65,Q66,8372.970801618218,6588.0,6806.0,6992.0,7138.0,7312.0,7347.0,7394.0
66,Q67,11987.984934617494,10632.0,10623.0,10857.0,10786.0,10520.0,10441.0,10322.0
67,Q68,4122.69622215928,3321.0,3277.0,3471.0,3481.0,3455.0,3412.0,3487.0
68,Q69,1614.8392522082327,1151.0,1162.0,1188.0,1212.0,1217.0,1247.0,1245.0
69,Q70,10546.62058339781,10430.7,10431.6,10462.9,10492.6,10518.2,10621.6,10668.6
70,Q71,3293.2004254725925,4950.0,4960.0,5150.0,5300.0,5400.0,5400.0,5250.0
71,Q72,2402.263142938637,3510.0,3610.0,3590.0,3700.0,3660.0,3600.0,4080.0
72,Q73,3993.4050549636436,5135.6,5188.7,5246.3,5251.8,5251.2,5332.6,5409.7
73,Q74,2190.456664032314,2963.8,2987.5,3005.6,3008.2,2986.0,3011.3,3063.9
74,Q75,849.263839307922,1616.91,1626.85,1634.82,1638.35,1641.02,1646.53,1661.04
75,Q76,12929.599851039813,13694.9,13813.3,13886.4,13931.5,13963.1,14016.6,14145.0
76,Q77,17343.242115036228,17783.6,17998.3,18141.9,18222.8,18281.6,18450.1,18675.3
77,Q78,17243.1,17336.2,17539.4,17678.8,17755.2,17810.9,17963.5,18185.8
78,Q79,186.86080495451998,1710.0,1690.0,1690.0,1680.0,1660.0,1620.0,1620.0
79,Q80,3542.5956437233312,6800.0,6800.0,6810.0,6830.0,6840.0,6880.0,6870.0
80,Q81,828.4376902973405,4580.0,4570.0,4580.0,4610.0,4640.0,4670.0,4670.0
81,Q82,-1170.2228218993948,2163.0,2153.0,2157.0,2155.0,2151.0,2149.0,2156.0
82,Q83,-27.626622072078888,3280.0,3230.0,3130.0,3210.0,3280.0,3310.0,3280.0
83,Q84,10329.069374584073,12188.0,12221.0,12250.0,12340.0,12338.0,12392.0,12518.0
84,Q85,31815.59709311214,34100.0,34394.0,34478.0,35159.0,34425.0,34847.0,35358.0
85,Q86,1091.0,1100.2,1104.1,1105.2,1108.3,1110.6,1120.1,1129.5
86,Q87,641.7105969975097,2380.3,2411.0,2430.1,2439.5,2441.8,2465.2,2491.3
87,Q88,1824.4837944230349,3714.0,3744.0,3751.0,3795.0,3758.0,3833.0,3874.0
88,Q89,6127.504031312156,8294.6,8325.6,8357.3,8514.8,8475.4,8576.3,8608.7
89,Q90,8974.0,8903.0,8791.0,9157.0,9433.0,9031.0,9261.0,9809.0
90,Q91,383.4197012835292,1097.0,1102.0,1102.0,1111.0,1106.0,1108.0,1115.0
91,Q92,6816.748541801203,7289.0,7298.0,7302.0,7288.0,7348.0,7369.0,7421.0
92,Q93,925.5104169994826,1586.2,1603.4,1616.4,1628.4,1633.0,1644.1,1660.1
93,Q94,3286.23386347343,4000.8,3957.6,4132.9,4123.0,4178.0,4171.2,4257.7
94,Q95,4501.108779106575,5963.0,5978.7,6157.8,6146.6,6219.7,6219.3,6307.5
95,Q96,9007.675330667968,9120.0,9150.0,9200.0,9230.0,9350.0,9410.0,9510.0
96,Q97,20848.215456710735,21329.0,21489.0,21612.0,21716.0,21817.0,21958.0,22148.0
97,Q98,2071.1827369329367,2403.0,2421.0,2416.0,2474.0,2460.0,2453.0,2468.0
98,Q99,1497.6024455273982,1490.0,1500.0,1450.0,1560.0,1500.0,1440.0,1420.0
99,Q100,6531.913159941996,6718.0,6710.0,6690.0,6763.0,6709.0,6655.0,6689.0
100,Q101,4132.905747425274,4373.0,4386.0,4431.0,4462.0,4472.0,4514.0,4547.0
101,Q102,3418.9448140360105,2336.0,2463.0,2469.0,2418.0,2539.0,2398.0,2324.0
102,Q103,4186.022250761009,2310.3,2318.0,2330.6,2337.7,2337.1,2339.6,2350.0
103,Q104,8131.841340209609,5918.0,5912.0,5892.0,5904.0,5870.0,5858.0,5913.0
104,Q105,3535.170511491028,1855.0,1869.0,1879.0,1886.0,1898.0,1913.0,1929.0
105,Q106,5251.616238644401,3600.0,3640.0,3630.0,3660.0,3680.0,3710.0,3670.0
106,Q107,6370.0,6410.0,6380.0,6400.0,6550.0,6530.0,6690.0,6590.0
107,Q108,4366.782438073257,2390.0,2420.0,2440.0,2450.0,2470.0,2470.0,2480.0
108,Q109,4532.44752106906,3105.9,3137.4,3155.4,3165.9,3168.9,3195.2,3230.0
109,Q110,4156.696865178167,2412.0,2440.0,2472.0,2489.0,2516.0,2540.0,2559.0
110,Q111,7945.014049411423,5755.0,5810.0,5837.0,5861.0,5878.0,5890.0,5934.0
111,Q112,5938.532850370637,3959.0,3993.0,3988.0,3989.0,4024.0,4058.0,4096.0
112,Q113,5435.523733255719,3472.0,3494.0,3518.0,3538.0,3565.0,3611.0,3649.0
113,Q114,3300.0,3320.0,3410.0,3420.0,3390.0,3480.0,3410.0,3370.0
114,Q115,4488.933724954784,1515.0,1578.0,1580.0,1650.0,1660.0,1673.0,1677.0
115,Q116,5059.545152207901,2487.0,2615.0,2617.0,2575.0,2692.0,2544.0,2469.0
116,Q117,3982.199504011776,1640.0,1470.0,1880.0,1850.0,1890.0,1780.0,1600.0
117,Q118,6367.985597636048,4090.0,4120.0,4090.0,4100.0,4180.0,4240.0,4290.0
118,Q119,4592.903930965036,3280.0,3300.0,3300.0,3310.0,3360.0,3380.0,3410.0
119,Q120,3860.946682725154,1430.68,1339.32,1298.25,1219.24,1157.64,1119.2,1113.85
120,Q121,3648.4326497111665,1678.0,1675.0,1681.0,1687.0,1669.0,1656.0,1666.0
121,Q122,5560.028489281839,3378.71,3370.04,3395.24,3393.82,3423.8,3429.61,3436.15
122,Q123,4331.231049037043,1778.36,1799.83,1814.19,1822.28,1828.16,1845.01,1867.53
123,Q124,12507.537662279163,10295.0,10273.6,10312.0,10348.5,10239.2,10159.5,10223.2
124,Q125,3399.6798374169734,1445.56,1424.33,1417.02,1500.95,1513.91,1536.93,1569.86
125,Q126,8900.873168145972,6015.29,6039.63,6223.4,6308.74,6382.43,6492.92,6432.35
126,Q127,3444.9968176240627,1249.448,1263.496,1285.991,1309.205,1336.911,1341.0,1361.11
127,Q128,2609.0668513097803,1099.42,1108.65,1123.03,1135.22,1151.75,1146.98,1160.26
128,Q129,2358.819781581183,1155.532,1165.24,1180.349,1193.161,1210.535,1205.529,1219.483
129,Q130,9536.24525417997,7959.14,8162.24,8336.92,8444.01,8653.6,8800.89,8776.47
130,Q131,4267.436420482969,3479.86,3525.69,3558.7,3562.15,3603.16,3576.99,3678.52
131,Q132,4891.859655893411,3455.98,3443.88,3441.36,3475.3,3486.79,3432.38,3493.38
132,Q133,10913.971721248949,10291.44,10323.25,10512.9,10674.97,10760.1,10816.38,10810.73
133,Q134,1275.323722729008,1131.13,1103.17,1115.27,1128.99,1123.71,1104.34,1141.06
134,Q135,2544.4112763328994,2840.9,2857.8,2827.05,2868.74,2819.64,2821.65,2838.65
135,Q136,210.45100901631588,1083.61,1012.54,1060.88,1076.36,1066.73,1075.25,1093.57
136,Q137,9269.235593599034,10749.99,10835.82,10969.74,10937.4,10986.48,10888.86,10882.72
137,Q138,5007.888743942341,6433.8,6537.8,6613.8,6735.8,6715.2,6838.5,6933.6
138,Q139,7436.01323760763,9538.0,9589.0,9584.0,9626.0,9698.0,9775.0,9818.0
139,Q140,4937.473927379677,7702.5,7819.6,7905.2,8036.1,8023.3,8155.4,8264.7
140,Q141,8193.762991765701,12172.0,12234.0,12342.0,12432.0,12482.0,12565.0,12635.0
141,Q142,1279.6825551860104,6006.6,6126.6,6180.3,6270.7,6384.4,6420.3,6459.6
142,Q143,12481.852174868762,17875.0,17298.0,17209.0,15710.0,16639.0,16134.0,17299.0
143,Q144,8258.980639220505,12328.0,12426.0,11683.0,12598.0,13275.0,13290.0,12585.0
144,Q145,7463.927572962722,11719.0,11796.0,11825.0,11900.0,11915.0,11874.0,12008.0
145,Q146,10562.6,10630.8,10615.5,10661.9,11211.0,11463.6,11470.4,11709.9
146,Q147,16036.411848489437,19024.5,19176.7,19165.0,19370.4,19328.2,19109.9,19420.7
147,Q148,1100.1504183808756,3695.07,3845.67,3672.01,3673.65,3444.36,3612.25,3599.35
148,Q149,3181.78265725092,5250.0,5729.0,6153.0,6903.0,5944.0,6382.0,6898.0
149,Q150,5327.821516161104,5455.09,5768.0,5780.31,5599.39,5142.64,5465.33,5619.18
150,Q151,4652.211861937334,4171.0,4348.0,4512.0,5033.0,4393.0,4500.0,4471.0
151,Q152,6078.387334271123,5457.0,5462.0,5386.0,5210.0,5044.0,5299.0,5188.0
152,Q153,3021.5910114721155,2071.0,2174.0,2478.0,2272.0,2105.0,2088.0,2061.0
153,Q154,3484.503685283139,1901.0,2038.0,2086.0,2026.0,2085.0,2076.0,2046.0
154,Q155,8088.078066977718,7209.0,7141.0,7141.0,7325.0,7576.0,7307.0,7125.0
155,Q156,3080.696669801466,983.0,1130.0,1190.0,1015.0,970.0,1079.0,1177.0
156,Q157,4485.108312431291,2539.0,2599.0,2473.0,3091.0,2772.0,2805.0,2710.0
157,Q158,3623.7801814104478,1236.9,1306.8,1329.6,1386.4,1362.7,1421.1,1512.0
158,Q159,9772.155130878784,6881.0,7297.0,6851.0,8189.0,7169.0,7672.0,7458.0
159,Q160,4045.1745794959825,1469.0,1522.0,1348.0,1609.0,1466.0,1531.0,1422.0
160,Q161,1212.0,1221.0,1224.0,1232.0,1237.0,1245.0,1254.0,1261.0
161,Q162,5072.330850751968,1223.0,1230.0,1239.0,1243.0,1250.0,1255.0,1264.0
162,Q163,4871.6360611564,1226.0,1196.0,1207.0,1207.0,1209.0,1237.0,1227.0
163,Q164,4512.626792540776,1234.0,1239.0,1242.0,1248.0,1259.0,1263.0,1274.0
164,Q165,4385.888183631989,1232.0,1239.0,1243.0,1246.0,1251.0,1259.0,1262.0
165,Q166,1226.0,1226.0,1237.0,1236.0,1236.0,1241.0,1239.0,1246.0
166,Q167,3687.9767739701147,1212.0,1214.0,1221.0,1225.0,1234.0,1245.0,1253.0
167,Q168,4951.5678021762615,1241.0,1242.0,1246.0,1248.0,1256.0,1261.0,1269.0
168,Q169,4506.974661258349,1246.0,1257.0,1264.0,1263.0,1283.0,1291.0,1299.0
169,Q170,4645.878599871636,1243.0,1245.0,1256.0,1260.0,1261.0,1268.0,1278.0
170,Q171,5027.699213403976,1331.0,1255.0,1285.0,1284.0,1329.0,1328.0,1311.0
171,Q172,1209.0,1216.0,1223.0,1226.0,1233.0,1246.0,1252.0,1263.0
172,Q173,4970.9651982010655,1202.0,1212.0,1217.0,1225.0,1230.0,1247.0,1252.0
173,Q174,5988.306539042223,1198.0,1206.0,1214.0,1218.0,1225.0,1239.0,1248.0
174,Q175,5770.96993676957,1229.0,1236.0,1242.0,1247.0,1256.0,1261.0,1268.0
175,Q176,5177.823967773036,1234.0,1242.0,1257.0,1262.0,1271.0,1273.0,1284.0
176,Q177,4636.880094395837,1223.0,1234.0,1239.0,1241.0,1248.0,1255.0,1264.0
177,Q178,4830.09910181698,1199.0,1205.0,1212.0,1220.0,1230.0,1239.0,1248.0
178,Q179,4247.1265292685275,1222.0,1234.0,1238.0,1241.0,1254.0,1264.0,1270.0
179,Q180,5376.971886855943,1299.0,1308.0,1314.0,1314.0,1328.0,1335.0,1345.0
180,Q181,4850.74808080961,1225.0,1236.0,1242.0,1243.0,1254.0,1265.0,1272.0
181,Q182,1226.0,1230.0,1236.0,1241.0,1247.0,1252.0,1260.0,1267.0
182,Q183,5290.937931118149,1231.0,1233.0,1245.0,1249.0,1249.0,1254.0,1267.0
183,Q184,5088.861205088517,1232.0,1240.0,1245.0,1252.0,1258.0,1268.0,1274.0
184,Q185,4769.469807148735,1184.0,1192.0,1200.0,1204.0,1212.0,1220.0,1229.0
185,Q186,5664.020150517864,1231.0,1233.0,1241.0,1245.0,1255.0,1265.0,1271.0
186,Q187,5424.523260468901,1237.0,1245.0,1254.0,1259.0,1267.0,1271.0,1279.0
187,Q188,5179.721934582052,1234.0,1222.0,1230.0,1233.0,1243.0,1262.0,1261.0
188,Q189,5018.815989250207,1247.0,1241.0,1243.0,1245.0,1251.0,1254.0,1258.0
189,Q190,4900.8505973686215,1272.0,1276.0,1288.0,1293.0,1302.0,1307.0,1324.0
190,Q191,1234.0,1241.0,1245.0,1259.0,1267.0,1271.0,1274.0,1293.0
191,Q192,4918.419290257674,1236.0,1240.0,1254.0,1262.0,1266.0,1269.0,1288.0
192,Q193,4449.4930876638455,1257.0,1260.0,1269.0,1274.0,1283.0,1290.0,1298.0
193,Q194,4497.479555695383,1199.0,1203.0,1212.0,1216.0,1220.0,1224.0,1236.0
194,Q195,4748.090492933123,1192.0,1197.0,1206.0,1210.0,1213.0,1217.0,1231.0
195,Q196,1184.0,1188.0,1192.0,1202.0,1206.0,1208.0,1212.0,1226.0
196,Q197,4704.321619590554,1368.0,1373.0,1392.0,1406.0,1416.0,1419.0,1443.0
197,Q198,6126.3824728771815,1715.6,1741.3,1776.9,1780.7,1752.4,1815.1,1817.7
198,Q199,5717.73767142322,1698.1,1744.0,1763.9,1795.9,1797.3,1844.7,1884.6
199,Q200,4499.01960735339,1638.1,1712.4,1721.5,1786.6,1779.5,1865.2,1907.4
200,Q201,2955.8432088000286,1703.9,1720.5,1792.4,1797.4,1830.4,1841.5,1870.3
201,Q202,2930.0702874167637,2422.3,2459.1,2492.2,2505.8,2520.7,2558.5,2581.2
202,Q203,607.0141588175294,1125.4,1089.1,1037.1,885.5,779.8,596.9,791.5
203,Q204,4782.776483638332,4428.0,4412.0,4244.0,4492.0,4407.0,5016.0,4931.0
204,Q205,1283.1019274077412,1530.0,1580.0,1497.0,1453.0,1390.0,1262.0,1160.0
205,Q206,18236.930451664146,18640.0,18960.0,19160.0,19920.0,20160.0,20680.0,20840.0
206,Q207,12808.504134272669,13830.0,13390.0,12120.0,11490.0,10780.0,9880.0,9990.0
207,Q208,9562.611078702972,11570.0,7480.0,8330.0,14210.0,13460.0,8830.0,6490.0
208,Q209,-1568.3671714200436,1096.0,1048.0,1015.0,221.0,1078.0,932.0,1666.0
209,Q210,4047.1494875846724,6313.0,5043.0,5863.0,7108.0,5363.0,4919.0,5450.0
210,Q211,-2084.2095136935795,734.0,1543.0,1009.0,1473.0,929.0,2101.0,1235.0
211,Q212,6801.402936258132,9760.0,7960.0,5560.0,3480.0,3000.0,2800.0,2920.0
212,Q213,12335.055622651233,15440.0,16240.0,16680.0,16640.0,17840.0,18080.0,18760.0
213,Q214,4696.1793652101505,7560.0,7960.0,8400.0,8600.0,9000.0,8880.0,9720.0
214,Q215,5828.940911850409,9657.5,9371.2,9091.3,8766.5,10823.1,9711.2,11318.9
215,Q216,7501.146739626767,10892.50886,10975.61496,11017.38285,11135.4835,11236.61204,11326.0618,11397.48912
216,Q217,-1729.6494356355138,2427.8,2160.4,1835.5,2257.2,1987.2,2105.7,1730.3
217,Q218,6398.56214882704,10937.37153,10959.52998,11008.26772,11077.43579,11150.28309,11132.5209,11221.64082
218,Q219,11465.815663226327,16589.42501,17013.89596,17646.4474,17551.30954,18155.05003,18611.0,19572.0
219,Q220,-2800.8991010378404,3837.726302,3975.304086,4103.732959,4173.219172,4260.926643,4366.34471,4459.4
220,Q221,5292.823489039492,13111.18,13008.489,12673.37,11566.92,11985.82,12520.01,10640.47
221,Q222,2214.436964568165,9092.56,8467.01,8732.79,8210.34,8043.63,8734.17,8784.36
222,Q223,11016.83,10667.88,9808.33,10190.36,9602.11,9391.08,10062.43,10238.13
223,Q224,9508.9901722223,17531.54,17197.25,19202.76,21581.01,23804.02,25228.35,24555.54
224,Q225,20731.077821582097,28752.55766,28678.82,30867.3,31089.82931,31349.982,31233.03433,33726.06251
225,Q226,17951.54829189647,25830.085,26843.734,27857.384,28871.034,29884.684,31089.817,32294.951
226,Q227,8617.256779992824,17546.64,17788.8,19802.06,22156.53,24448.43,25893.29,25202.76
227,Q228,-2713.3641096365004,5010.76,5047.28,4737.2,4840.61,5064.41,4960.71,3902.85
228,Q229,2757.275475152372,10859.43725,10814.59841,10937.57431,11008.79438,11041.27176,11011.31187,11141.11272
229,Q230,3629.297568233628,11438.42938,11497.58202,11595.60878,11575.71994,11582.71654,11623.59516,11664.3785
230,Q231,1314.1560039681567,7508.0,7020.0,7164.0,7776.0,7517.0,7953.0,7737.0
231,Q232,5650.727740064038,10324.84185,10323.13216,9989.741836,10124.80766,10637.71585,11171.14037,11398.52966
232,Q233,9132.992779485608,13005.46,13513.84,13590.48,13532.67,13726.56,14048.79,14124.12
233,Q234,6585.195632,6123.9576,7355.682964,7199.519465,7435.16424,6786.546096,6769.252476,6665.140212
234,Q235,4753.955049667432,7347.83,8030.898,7807.502,8126.338,7727.89,8153.63,7730.14
235,Q236,9721.733701708232,12086.38,10961.076,10842.801,10937.712,11378.22,12064.84,11660.4
236,Q237,-75.33478259487435,2470.0,2590.0,2600.0,2730.0,2750.0,2740.0,2800.0
237,Q238,8456.420422661326,10865.24948,10821.60194,10787.26546,10929.20398,10978.60755,10927.57818,11062.25105
238,Q239,8453.751241270038,11146.66667,11076.66667,11040.0,11056.66667,11066.66667,10886.66667,10500.0
239,Q240,5884.690946027804,7056.635,7067.838,6976.005,7224.163,7298.711,8170.756,9278.687
240,Q241,-49.38226437689943,1143.641,1287.894,1240.991,1179.045,1032.519,1064.929,1146.857
241,Q242,8946.9,8200.275,8355.732,8216.996,8403.208,8331.23,9235.685,10425.544
242,Q243,9630.287784072072,9250.0,9360.0,9290.0,9200.0,9540.0,9320.0,9270.0
243,Q244,6126.27138176642,6119.0,5676.0,5951.0,5985.0,5713.0,6288.0,6160.0
244,Q245,5196.633181811255,5177.0,5097.7,4305.9,3998.0,4438.7,4460.7,4636.4
245,Q246,3651.2970210285944,2131.79,2159.26,2211.11,1957.98,1837.03,1981.64,2058.23
246,Q247,983.0651024732296,442.6,687.6,932.6,1177.6,1422.6,2057.38,2692.15
247,Q248,85.03592369687499,1181.3,1048.0,1104.0,2104.0,3794.7,4864.0,5901.3
248,Q249,2529.4475667976853,3872.51,3959.93,4078.78,4111.98,4213.02,4359.76,4412.78
249,Q250,12502.31583183771,13631.1,13153.1,13520.4,12130.3,11150.5,12096.3,12533.3
250,Q251,3668.0560676694295,5943.503667,6635.088333,6899.787667,6575.321333,6844.293333,8074.092667,7141.931667
251,Q252,-655.2882686651095,852.882601,812.34687,868.8281719,800.5540944,815.5830578,806.5282332,837.684071
252,Q253,22859.701292538306,24929.08724,26522.38166,24469.74972,24093.62329,23862.11479,25223.11425,24354.53639
253,Q254,8539.04291028775,10921.4,10934.26667,10838.53333,10803.9,10822.93333,10835.3,10659.0
254,Q255,-1463.2349162575988,1236.64,1152.67,1282.13,1181.81,1194.32,1233.26,1232.27
255,Q256,7009.618412975854,9787.0,10682.0,8245.0,5632.0,6113.0,8552.0,6926.0
256,Q257,7695.479962570677,10210.9,10574.8,10360.8,9682.2,9600.5,9753.5,9462.9
257,Q258,2358.6457152777216,3954.426,4093.069,4070.663,4161.498,4413.999,4435.06,4377.562
258,Q259,174.21598838153923,1265.0,1247.0,1265.0,1263.0,1264.0,1306.0,1282.0
259,Q260,11011.832375460901,11284.79504,11314.82864,11360.69116,11500.58661,11600.87442,11614.56284,11626.96773
260,Q261,7977.312698909409,8440.0,8510.0,8630.0,8650.0,8560.0,8660.0,8670.0
261,Q262,5330.048810134999,6124.07,5727.22,5696.2,5742.42,5489.42,6040.94,6041.07
262,Q263,3428.002691075354,5044.4,5323.45,5090.69,5125.68,5042.03,5305.76,5441.19
263,Q264,3920.7503394356836,4266.62,4457.3,4423.18,4429.09,4339.92,4498.38,4553.29
264,Q265,2709.09070632047,3470.0,3450.0,3430.0,3420.0,3410.0,3400.0,3380.0
265,Q266,2345.9085657491073,2651.7047,2574.1708,2820.4364,3001.4341,3134.2805,3300.0105,3584.2376
266,Q267,10305.6,10111.03,10481.54,9718.78,9717.46,9230.4,9439.85,9810.91
267,Q268,14732.453047199124,14263.57,12958.09,13035.93,13317.01,13066.83,14074.38,13981.66
268,Q269,6879.406421012953,6630.0,6910.0,6840.0,6680.0,6900.0,7030.0,6840.0
269,Q270,3237.917408933145,2327.264,2456.637,2369.257,2394.925,2376.97,2485.205,2547.615
270,Q271,2593.4444302486654,2038.379,2089.969,2106.009,2103.837,2097.61,2139.107,2170.813
271,Q272,2970.9725998142994,2999.825,2894.728,3041.979,2990.569,2907.688,2911.391,2937.706
272,Q273,1797.0,1798.0,1710.0,1701.0,1726.0,1777.0,1768.0,1803.0
273,Q274,3695.025184729059,3881.62,3263.11,3371.0,3396.74,3393.28,3519.2,3500.52
274,Q275,9900.016975291683,10450.9,10220.5,10228.6,10393.9,9792.2,10645.8,10104.0
275,Q276,7967.682812477514,7570.0,7630.0,7820.0,7750.0,7480.0,7660.0,7500.0
276,Q277,2348.3092619039867,2778.05,2492.64,2522.3,2554.11,2454.16,2645.01,2513.73
277,Q278,6361.1196637595685,7260.0,7350.0,7040.0,7040.0,7090.0,7120.0,7160.0
278,Q279,6077.26716448303,7312.4,7281.95,7318.46,7418.47,7439.29,7476.17,7562.33
279,Q280,149.0481077082278,2137.119,2186.699,2205.97,2193.378,2172.673,2230.25,2250.402
280,Q281,6497.677415152124,8644.348,8697.481,8577.473,8729.494,8771.635,9423.944,10421.216
281,Q282,1055.1324106441468,2841.68,2568.17,2742.87,2674.72,2622.46,2824.47,2781.26
282,Q283,7590.509203795399,10566.77,9575.45,10062.9,10232.56,9984.15,10667.25,10408.06
283,Q284,5519.144893000354,9141.7,8807.8,8699.9,9069.4,8649.8,9349.0,9103.9
284,Q285,10626.397104490461,14498.6,13792.4,14373.0,14319.3,13742.8,15001.2,13734.3
285,Q286,4546.816910638015,8205.318,8360.639,8222.938,8409.165,8337.141,9241.643,10432.47
286,Q287,3299.0124729091995,7786.3,7811.5,7429.6,7008.0,6873.5,7788.5,7823.5
287,Q288,22391.676985675753,26175.4,26318.4,27155.6,26509.6,27812.5,28294.7,29794.0
288,Q289,2402.672233440398,6787.213172,6946.248642,7297.28358,7392.389079,7702.053454,8188.024929,8898.561316
289,Q290,4827.975502494425,8672.2,8435.2,8260.16,8133.06,8717.85,8380.1,8757.48
290,Q291,610.1002916094418,3350.4628,3354.9162,3642.0168,3676.2421,3617.0851,3671.1519,3988.137
291,Q292,-583.2222606682125,1801.2,2088.1,1956.1,2009.4,1987.9,1996.0,2200.4
292,Q293,7237.457259077002,10012.5,11640.0,11324.9,12447.2,12179.5,12340.3,13293.8
293,Q294,8369.034261858482,9875.0,11758.4,11064.1,11893.9,11544.9,11538.6,13099.0
294,Q295,5829.720618151322,7146.75,7089.760339,6993.406978,6945.766146,7292.856074,7302.848899,7110.0
295,Q296,1140.9213237405736,2990.6,3420.5,3286.6,3464.9,3432.6,3487.7,3883.0
296,Q297,-947.7003784044012,1209.1,1492.6,1470.2,1571.7,1531.3,1507.9,1668.6
297,Q298,5970.562391313988,8176.197917,8306.245587,8414.972793,8438.023237,9331.366791,10336.25813,10078.31934
298,Q299,12050.3023276051,15067.97239,15098.88328,15358.93139,14846.44618,14788.46822,14377.87522,14026.16312
299,Q300,11389.08178176911,13014.19,13199.44,13415.17,13632.23,13814.28,13930.7,14128.6
300,Q301,7786.4819591386595,9468.48,9350.7,9041.19,8733.85,9350.11,9577.83,9444.31
301,Q302,7249.1290636729145,8687.77851,8745.632,9003.36731,9158.39384,9273.445,9310.41815,9603.60945
302,Q303,710.3498726553231,2167.990191,2219.458267,2258.025731,2270.213972,2268.492827,2293.797486,2387.322706
303,Q304,3248.3617200728586,4973.402,4973.159,5071.073,5218.133,5079.599,5051.007,5102.868
304,Q305,6271.80952569472,7470.53,7667.16,7836.87,8072.48,7592.21,7762.03,7928.33
305,Q306,5004.530320834451,4284.51,4680.39,4833.5,4648.42,4248.05,4663.18,4911.93
306,Q307,4546.362899403684,3282.4938,3360.9355,3386.4079,3478.4419,3343.2225,3432.7281,3444.2726
307,Q308,5802.814956970983,4432.0,4733.0,4629.4,4885.7,4508.0,4807.2,4703.0
308,Q309,8180.616498405323,7268.58,7938.57,8788.83,8021.23,7461.49,8157.06,9040.69
309,Q310,4193.434636763127,3755.149,3913.766,3906.45,3963.368,3787.926,3957.9,3930.171
310,Q311,4093.3956929759124,4719.2,5338.7,5596.4,5732.0,4820.0,5447.5,5612.6
311,Q312,1806.987547506823,1896.6,2024.1,2276.7,2173.2,2001.8,2093.7,2344.9
312,Q313,452.57605099296825,1606.661,1648.759,1602.858,1697.617,1631.374,1687.375,1641.506
313,Q314,2663.2067778354576,3887.903,4040.811,4126.157,4731.214,3995.495,4167.906,4210.58
314,Q315,8689.858635382616,9449.426,9971.791,9152.62,10386.931,9798.108,10427.736,9406.357
315,Q316,8872.587235422989,9874.4,10324.6,9983.3,10852.9,10056.4,10670.7,10273.9
316,Q317,7880.226794658006,9259.9,11214.3,12207.0,12605.3,9815.5,11403.0,12954.1
317,Q318,14363.947584495103,14905.35,15441.46,15048.57,15083.8,14594.94,14879.92,14922.22
318,Q319,6291.756303196986,7394.1,7459.9,7716.6,7757.6,7631.8,7803.4,7942.2
319,Q320,3586.7289808379987,5424.1,6063.2,6400.7,6460.5,5493.6,6284.2,6430.6
320,Q321,-12.695700338005167,2154.1,2293.8,2423.5,2379.0,2320.5,2411.1,2536.5
321,Q322,7821.159349017672,9907.3,10613.85,10500.59,11944.58,9811.52,10279.19,10452.89
322,Q323,4463.83,3158.39,3663.48,4456.13,4757.56,3265.88,3975.83,4647.42
323,Q324,1945.85,1798.92,1958.57,2076.78,2034.29,1852.36,2024.21,2125.61
324,Q325,8612.65,8100.36,8434.62,8602.75,8851.87,8365.3,8632.26,8804.76
325,Q326,5123.765157619025,7523.25,8330.766,8748.73,9396.267,7695.314,8703.295,9020.569
326,Q327,1842.2259154345502,5177.764,5522.626,5775.682,5659.361,5487.637,5941.272,6543.853
327,Q328,8653.303339143271,13028.93,13943.22,14281.06,14570.79,14153.74,14962.45,15691.14
328,Q329,2841.6044772547825,7815.3,7740.05,7648.3,7970.69,7617.28,7745.12,7586.09
329,Q330,4774.642,4153.736,4339.259,4397.333,5092.689,4282.923,4494.369,4534.151
330,Q331,4627.5234905199395,8923.696,10076.885,10515.534,10918.562,9373.835,10320.571,10871.326
331,Q332,22698.034968887903,27417.92,27237.54,27558.29,27842.74,27850.2,28745.53,29042.29
332,Q333,4839.038554932855,9666.2687,9630.7216,9882.86,9074.9985,10192.8693,10132.725,10352.9518
333,Q334,18220.852319271176,22586.39,22275.13,22594.69,23005.75,22692.93,22729.89,23077.14
334,Q335,67.61520824847973,5045.6,4868.0,5182.8,4971.2,4729.9,4813.1,5538.0
335,Q336,2121.5112965280614,5950.358,6238.462333,5411.535333,6188.359333,6035.964667,5874.583,5263.285667
336,Q337,3746.8783528696126,7564.660737,8829.67402,9547.10657,8514.703497,9986.051947,10632.76568,11117.6076
337,Q338,728.0,1079.666667,1063.666667,832.0,1087.333333,1305.666667,1502.0,1209.666667
338,Q339,-134.91849158011465,1233.2,1130.366667,1131.333333,1418.0,1459.133333,1216.6,1281.566667
339,Q340,6213.26985953997,6700.0,6420.0,5960.0,5310.0,6190.0,6070.0,5570.0
340,Q341,10102.858749071735,10000.54167,12050.51767,14045.521,18160.92267,9719.527667,9541.846,12647.83667
341,Q342,1742.947878214706,1043.6,1070.333333,897.5666667,1435.666667,457.7,554.1,426.1666667
342,Q343,2451.651597355173,2356.466667,2718.033333,2581.866667,2176.433333,2981.133333,3163.2,2898.666667
343,Q344,7860.721543641649,8589.433333,9042.633333,7231.433333,7294.466667,7417.766667,7798.366667,6838.4
344,Q345,2298.666667,2327.666667,2826.666667,2048.666667,2533.666667,2055.666667,2405.333333,2407.666667
345,Q346,-1105.1518825421106,787.6,624.6,901.7,806.6,867.0,697.2,1034.1
346,Q347,8135.964685613697,10604.03895,10674.27353,10753.73411,10813.82483,10877.67851,10923.8674,11030.4426
347,Q348,9129.132647495524,10614.62724,10350.27448,10419.97521,10548.60988,10735.04516,10505.54277,10612.07721
348,Q349,9268.538571702082,11488.53608,11608.22499,11751.19868,11922.12891,12066.36549,12177.7198,12311.1207
349,Q350,9210.786020785301,11258.55723,11297.94602,11459.64659,11489.40031,11556.54108,11611.9314,11763.66547
350,Q351,9576.415128479806,11243.83146,11279.26104,11342.52815,11347.58952,11398.20321,11223.58598,11079.33696
351,Q352,-969.3622275499173,1179.0,1171.0,1181.0,1212.0,1234.0,1245.0,1315.0
352,Q353,8390.641772479092,10473.3,10199.6,10009.7,9520.7,10034.8,10041.2,10400.3
353,Q354,1864.2302283355618,2269.0,2209.0,2168.0,2062.0,2174.0,2175.0,2253.0
354,Q355,8097.5685109038195,7953.1,8078.9,8198.7,8207.6,8775.4,8628.8,8530.8
355,Q356,2817.34229474707,2266.148,2313.164,2351.852,2402.204,2436.389,2437.619,2468.263
356,Q357,10619.935454586108,9761.9,9764.9,9840.0,9883.5,9728.2,9653.9,9701.0
357,Q358,4459.168862481957,3319.9,3339.7,3353.6,3352.2,3372.5,3380.6,3416.2
358,Q359,4984.068275349658,4343.0,4377.0,4355.0,4444.0,4364.0,4383.0,4458.0
359,Q360,3038.3593772742397,1197.09,1134.26,1129.04,1131.19,1369.24,1296.75,1317.2
360,Q361,3346.754984987149,1805.0,1710.0,1702.0,1705.0,2064.0,1955.0,1986.0
361,Q362,3102.711501415461,1083.57,1085.25,1092.29,1092.92,1100.25,1104.1,1113.62
362,Q363,7706.955452257466,5511.0,5287.0,5360.0,5284.0,5200.0,5248.0,5463.0
363,Q364,2715.8238916526193,988.02,1004.34,1018.8,1013.01,1004.09,1024.51,1064.86
364,Q365,5196.768375960285,3766.44,3444.96,3604.48,3667.64,3723.46,3765.97,3880.6
365,Q366,7739.531349551898,5456.088,5267.436,5281.124,5420.108,5181.248,5371.473,5491.472
366,Q367,2959.264497127363,1141.7,1155.2,1152.4,1162.5,1151.0,1147.2,1155.8
367,Q368,1896.7969016069098,1030.1,1038.9,1034.9,1045.4,1032.9,1032.7,1048.6
368,Q369,13813.002777901676,13790.68,13406.16,13313.44,13515.0,16444.89,14932.67,15411.45
369,Q370,5433.458292882,5757.64,5705.56,5606.2,4932.0,4111.04,3818.39,3771.72
370,Q371,5450.490772939281,6900.26,7027.356,7110.444,7324.256,7246.448,7350.72,7469.372
371,Q372,2221.5262280917714,2743.708,2762.512,2816.34,2837.98,2793.117,2831.716,2855.715
372,Q373,6620.0,7120.0,6850.0,6640.0,6780.0,7580.0,6790.0,6920.0
373,Q374,8076.183515571317,10090.0,9920.0,9760.0,10220.0,10470.0,9680.0,9920.0
374,Q375,6247.526844225498,8230.0,7730.0,7710.0,7880.0,8540.0,7920.0,8070.0
375,Q376,5203.031816578644,7400.0,6930.0,6880.0,7120.0,7660.0,6960.0,6990.0
376,Q377,6560.0,6880.0,6550.0,6620.0,6730.0,7180.0,6500.0,6720.0
377,Q378,5336.263350991525,6720.0,6460.0,6500.0,6930.0,7040.0,6440.0,6610.0
378,Q379,9218.101526214397,10920.0,10270.0,10300.0,10280.0,11230.0,10460.0,10320.0
379,Q380,6545.595693976947,8600.0,7720.0,7880.0,7870.0,8890.0,7780.0,8010.0
380,Q381,10476.552967049973,12510.0,14010.0,12420.0,13910.0,12590.0,12740.0,12430.0
381,Q382,5493.472681698822,7410.0,6850.0,7250.0,7140.0,7530.0,7090.0,7260.0
382,Q383,5393.265412547808,8150.0,7360.0,7650.0,8230.0,8450.0,7540.0,8240.0
383,Q384,103.36611276823041,1520.44,1536.96,1509.32,1541.24,1540.89,1557.43,1580.37
384,Q385,7234.439198936595,8453.6,8318.3,7946.0,7607.3,7463.8,7097.6,7003.8
385,Q386,3850.0,3870.0,3880.0,3950.0,4040.0,3930.0,4030.0,4130.0
386,Q387,4243.395807219613,3770.0,3750.0,3850.0,3910.0,3770.0,3830.0,3910.0
387,Q388,10264.265766578399,9864.9,9848.8,9767.4,9639.4,9594.5,9546.1,9544.3
388,Q389,4709.588437548789,4366.0,4368.0,4400.0,4196.0,4355.0,4318.0,4244.0
389,Q390,2533.6102167959066,1021.74,1040.18,1047.82,1067.89,1046.21,1030.53,1023.42
390,Q391,2625.8570128123547,1043.72,1055.11,1066.75,1047.63,1044.11,1090.55,1100.31
391,Q392,2813.383354152244,1162.84,1241.7,1248.42,1232.81,1265.34,1268.72,1308.05
392,Q393,8684.488674445385,7100.0,7580.0,7620.0,7530.0,7730.0,7750.0,7990.0
393,Q394,11415.082810857435,9814.0,9953.6,9666.4,9925.2,9801.0,9891.7,9997.2
394,Q395,5421.274776070754,4951.44,4928.08,5046.08,5197.92,4881.22,5075.63,5202.28
395,Q396,1979.5904361601579,1262.0,1268.0,1267.0,1268.0,1227.0,1230.0,1242.0
396,Q397,146.0440827020325,1101.79,1103.39,1100.99,1103.06,1064.78,1071.24,1089.99
397,Q398,-305.9916495348064,1139.0,1141.0,1138.0,1140.0,1101.0,1107.0,1127.0
398,Q399,1.9934363335720073,1206.108,1234.26,1252.324,1279.808,1247.45,1265.525,1256.288
399,Q400,11563.793341721923,12840.0,13420.0,13330.0,14870.0,13140.0,13800.0,12610.0
400,Q401,8553.118127715497,9690.0,9460.0,12590.0,9000.0,10230.0,8800.0,13600.0
401,Q402,14794.42311404544,15037.52,15355.0,15494.4,15682.56,15844.74,16124.29,16295.32
402,Q403,15575.16009401778,16377.48,15509.92,15058.84,14698.88,12687.59,14720.33,14641.74
403,Q404,-376.58131947563584,981.73,991.27,986.07,990.34,985.89,990.28,993.12
404,Q405,6837.067744721093,8545.0,8602.0,8669.0,8877.0,8600.0,8672.0,8639.0
405,Q406,4079.361826509746,5323.0,5511.0,4981.0,4465.0,3253.0,3769.0,4020.0
406,Q407,2673.345797028052,3971.0,3806.0,3827.0,3873.0,3788.0,3857.0,3956.0
407,Q408,5975.035716405336,5359.0,5388.0,5348.0,5463.0,5396.0,5368.0,5384.0
408,Q409,5796.017267392092,4461.4,4539.7,4632.7,4726.1,4841.8,4929.4,4931.1
409,Q410,3158.2385148146845,1071.07,1081.06,1095.67,1108.1,1127.9,1140.2,1132.51
410,Q411,3795.068975165248,1123.4,1137.56,1150.93,1159.67,1176.19,1169.66,1176.79
411,Q412,5455.004516565412,2592.03,2605.97,2616.63,2639.36,2635.64,2653.02,2671.35
412,Q413,5008.600993756715,2389.26,2373.536,2411.508,2465.68,2376.054,2400.968,2468.847
413,Q414,5155.337434866274,1696.0772,1727.1996,1764.7652,1786.5252,1849.9116,1811.1223,1841.4651
414,Q415,4724.313439952872,1661.9,1690.1,1691.8,1701.7,1703.9,1709.8,1733.5
415,Q416,3282.122154095015,1042.91,1057.24,1056.72,1064.41,1063.49,1070.55,1093.97
416,Q417,3131.046876711693,1499.4,1520.0,1519.3,1530.3,1529.0,1539.2,1572.8
417,Q418,4440.296763533462,2998.596,3038.656,3051.412,3160.384,2965.299,3341.802,3158.248
418,Q419,10341.766317303624,10003.92,9592.04,9418.4,9270.76,7622.52,9362.49,9323.6
419,Q420,4824.425906432489,3751.024,3783.384,3794.628,3946.172,3888.937,3941.523,3953.181
420,Q421,10030.564077105162,9670.0,9780.0,9420.0,9230.0,10090.0,9640.0,9640.0
421,Q422,4001.0,3173.0,3448.0,3744.0,3433.0,4076.0,4047.0,3826.0
422,Q423,3343.133581902918,2714.0,2892.0,3161.0,3093.0,3915.0,4041.0,4007.0
423,Q424,6813.059447541251,6380.0,6440.0,6520.0,6530.0,6710.0,6630.0,6740.0
424,Q425,6420.749611084897,6216.2,6252.72,6327.84,6332.4,6503.66,6604.82,6729.05
425,Q426,8382.12,7231.84,6670.48,6207.64,5807.04,5191.07,4821.67,4741.04
426,Q427,5437.433415571985,4127.0,4213.0,4276.0,4333.0,4500.0,4522.0,4553.0
427,Q428,3187.922851410599,1761.0,1780.2,1804.5,1798.0,1783.1,1804.8,1806.6
428,Q429,2887.983854552222,1616.6,1605.5,1615.7,1608.9,1617.2,1625.2,1629.5
429,Q430,4345.538607425441,2802.0,2749.0,2309.0,1933.0,1493.0,1623.0,1704.0
430,Q431,14489.249179958873,13546.1,12760.1,12008.6,10969.6,9858.7,9210.7,9115.4
431,Q432,4040.3403110417144,2321.0,2330.2,2361.8,2391.0,2424.4,2440.9,2479.8
432,Q433,2020.9582344684572,1106.65,1118.46,1129.74,1130.98,1142.93,1148.21,1155.15
433,Q434,1910.1571063096374,1194.7,1197.7,1203.6,1207.3,1235.4,1239.5,1243.2
434,Q435,2797.552220098663,2238.236,2326.02,2299.588,2411.628,2484.698,2422.566,2482.715
435,Q436,989.7001990168402,1136.21,1139.48,1140.36,1146.69,1116.64,1128.24,1141.3
436,Q437,6620.640071724604,6990.0,6810.0,8100.0,6370.0,7250.0,6740.0,8240.0
437,Q438,12034.369030744347,11440.0,12920.0,11440.0,13000.0,12040.0,12570.0,11350.0
438,Q439,6588.853043030872,6720.0,6020.0,6810.0,6080.0,6350.0,6050.0,7320.0
439,Q440,6141.672376021013,7350.0,6660.0,7000.0,6790.0,7650.0,6860.0,7030.0
440,Q441,4640.2328153774415,6820.0,6360.0,8250.0,6510.0,6820.0,6620.0,8300.0
441,Q442,7345.422428507679,9760.0,9100.0,10210.0,9410.0,10170.0,9300.0,10640.0
442,Q443,6612.918785071426,9800.0,9290.0,8930.0,9050.0,10270.0,9180.0,9110.0
443,Q444,5871.5788869378885,7520.0,7180.0,7270.0,7170.0,8010.0,7230.0,7260.0
444,Q445,5922.2862348819035,7380.0,7510.0,7760.0,7670.0,8030.0,7760.0,8170.0
445,Q446,9666.395595146632,10680.5,10206.3,10238.5,11302.6,11185.9,10697.1,10677.6
446,Q447,7145.309208657333,7539.9,7765.8,7926.4,8141.5,8179.5,8137.5,8138.3
447,Q448,2289.4636051371685,2284.0532,2296.1096,2320.2772,2332.4712,2377.0895,2409.2013,2442.7323
448,Q449,2714.17,2707.52,2822.11,2773.2,2802.52,2820.23,2843.5,2858.23
449,Q450,3336.811652725389,1268.6,1276.0,1087.9,956.0,789.0,882.3,921.1
450,Q451,3710.86815358862,1508.43,1519.95,1518.56,1515.6,1476.73,1508.33,1526.93
451,Q452,7494.39077386378,5310.5,5386.6,5409.7,5529.3,5626.1,5661.2,5721.0
452,Q453,3408.2215206396827,1047.87,1053.17,1047.67,1062.43,1070.57,1072.65,1081.55
453,Q454,3494.379223073652,1152.31,1163.15,1165.59,1174.34,1180.24,1186.82,1196.47
454,Q455,4884.912194330751,3772.36,3722.96,3744.52,3735.57,3700.05,3743.52,3740.45
455,Q456,2853.5690845000317,1113.13,1134.84,1153.79,1156.72,1160.69,1203.85,1213.85
456,Q457,5334.955228625214,4645.2,4735.7,4814.8,4827.0,4843.6,5023.7,5065.5
457,Q458,4189.133133967026,3764.012,3822.7776,3890.2536,4063.8592,4139.0325,4216.9115,4279.6609
458,Q459,1893.4631671592897,1684.0,1894.0,1660.0,1953.0,1805.0,1935.0,1650.0
459,Q460,8969.63533706021,9400.0,9920.0,10090.0,9730.0,10190.0,9980.0,10000.0
460,Q461,8156.781079464746,9060.0,9210.0,8980.0,9230.0,9660.0,9070.0,9460.0
461,Q462,7325.514148597388,7950.0,7410.0,7600.0,7700.0,8360.0,7530.0,7700.0
462,Q463,7726.520816372221,9230.0,11080.0,9600.0,13820.0,10040.0,10110.0,9460.0
463,Q464,5097.036253174512,7349.61283,6842.16494,7067.45016,7692.64073,7923.77065,7018.16367,7634.34237
464,Q465,8161.702375919593,11230.0,11160.0,10420.0,11050.0,11620.0,11050.0,11070.0
465,Q466,-1948.389701651691,1555.0,1833.0,1560.0,1806.0,1584.0,1602.0,1562.0
466,Q467,7982.142254407105,12570.0,14410.0,12390.0,14510.0,13270.0,13310.0,12610.0
467,Q468,6589.156498824062,10200.0,10710.0,10600.0,10130.0,10350.0,11550.0,10720.0
468,Q469,6982.34470101067,10750.0,10630.0,10220.0,10410.0,11290.0,10640.0,10450.0
469,Q470,1617.0,1580.0,1618.0,1577.0,1624.0,1607.0,1664.0,1523.0
470,Q471,7641.972936072662,10960.0,12870.0,11390.0,12170.0,12440.0,11710.0,11800.0
471,Q472,7590.0251009591375,11400.0,11300.0,10740.0,10760.0,11860.0,11060.0,10730.0
472,Q473,10024.167375415913,14240.0,13550.0,13640.0,15280.0,15260.0,14140.0,14950.0
473,Q474,1417.1285242844403,4599.442413,4758.331092,4317.269761,4387.857064,4983.173879,5026.853164,4614.081507
474,Q475,1999.0,2095.0,2175.0,2094.0,2053.0,2315.0,2182.0,2228.0
475,Q476,6051.589837900771,9770.0,10280.0,10130.0,9620.0,10080.0,10760.0,10290.0
476,Q477,6086.622503838925,9780.0,10070.0,9870.0,9940.0,10320.0,10570.0,10240.0
477,Q478,7115.440605344967,10010.0,10320.0,9920.0,11250.0,10940.0,10320.0,10210.0
478,Q479,8720.819221194137,11710.0,13300.0,11790.0,13330.0,12310.0,12330.0,12050.0
479,Q480,9339.963189971406,10850.0,10390.0,11040.0,10450.0,11510.0,10980.0,11450.0
480,Q481,6958.48166122079,8850.0,8850.0,9160.0,9110.0,9000.0,9220.0,8850.0
481,Q482,7660.0,8010.0,7910.0,7830.0,8010.0,8500.0,7790.0,8100.0
482,Q483,958.9926017738104,1820.0,1470.0,1240.0,1290.0,1680.0,1700.0,1520.0
483,Q484,1735.3157229146518,2191.0,2105.0,2130.0,1804.0,1982.0,2087.0,2246.0
484,Q485,7080.465543748077,6872.76,6911.44,6968.68,7011.64,7044.24,7098.96,7147.82
485,Q486,3680.7078855012546,1738.6,1702.8,1587.5,1393.6,1249.9,1211.6,1188.8
486,Q487,9000.899469766437,6731.0,7442.0,6907.0,7211.0,6742.0,6811.0,6802.0
487,Q488,6188.0,6102.0,6186.0,6178.0,6248.0,6263.0,6281.0,6319.0
488,Q489,4074.1958760635266,2780.2,2794.8,2854.8,2894.9,2940.9,2964.0,3017.8
489,Q490,3597.592578998544,2509.57,2530.98,2537.24,2544.77,2543.48,2551.94,2586.52
490,Q491,1328.4412051080474,1151.12,1159.63,1163.22,1165.31,1166.98,1170.29,1185.02
491,Q492,5626.568576513831,4362.7,4384.2,4483.9,4568.1,4715.4,4797.0,4908.7
492,Q493,2596.816144477359,1552.5,1590.3,1607.6,1642.1,1641.6,1621.9,1640.8
493,Q494,11889.476409784482,10586.0,10633.0,10646.0,10618.0,10825.0,10918.0,11014.0
494,Q495,5148.1791352950995,3779.0,4069.0,4118.0,4137.0,4231.0,4278.0,4416.0
495,Q496,6754.745909211864,5995.736,6128.156,6253.54,6450.236,6416.595,6548.111,6669.783
496,Q497,6148.208719562273,6072.104,6105.656,6212.316,6298.34,6258.438,6427.463,6535.642
497,Q498,2354.1827434328675,1744.9,1767.5,1767.5,1789.9,1778.7,1775.5,1798.7
498,Q499,1031.4342719364222,1182.45,1193.96,1192.15,1208.94,1198.88,1200.46,1225.73
499,Q500,7342.578302141125,8256.108,8340.612,8441.46,8564.52,8465.284,8613.198,8755.156
500,Q501,11260.0,12140.0,11930.0,11360.0,11620.0,12660.0,11760.0,11400.0
501,Q502,8426.629150049346,9630.0,9060.0,8450.0,8920.0,9860.0,8980.0,8660.0
502,Q503,6444.784660631778,8280.0,8560.0,8330.0,9030.0,8960.0,8510.0,8600.0
503,Q504,8415.648078625496,9020.0,9380.0,8560.0,11250.0,9240.0,9530.0,8690.0
504,Q505,7754.0279643441345,9220.0,9320.0,8630.0,8630.0,9280.0,8940.0,8490.0
505,Q506,9718.599302692623,11120.0,13080.0,10790.0,12700.0,12070.0,12010.0,11280.0
506,Q507,1737.5683100066335,2370.0,2360.0,2390.0,2630.0,2950.0,3090.0,3190.0
507,Q508,7148.035060917857,7507.0,7937.0,8192.0,8454.0,8748.0,8741.0,8731.0
508,Q509,1000.4412521367794,886.57,937.69,959.0,980.91,1010.07,993.65,987.04
509,Q510,4358.321894822537,2666.1,2699.2,2692.6,2735.6,2677.7,2687.4,2713.9
510,Q511,12009.992205234297,10127.6,10320.3,10441.0,10625.6,10408.8,10502.2,10550.1
511,Q512,3171.36830241303,1185.62,1179.57,1192.2,1243.79,1168.05,1178.86,1196.13
512,Q513,3103.3526645519864,1174.6,1168.6,1181.1,1232.2,1157.2,1167.9,1185.0
513,Q514,4703.2838572286455,2646.1,2690.7,2701.2,2659.5,2597.4,2616.2,2632.4
514,Q515,3163.972420677067,1770.0,1780.0,1750.0,1690.0,1830.0,1780.0,1800.0
515,Q516,4612.478310167601,2227.36,2257.5,2267.4,2285.58,2286.84,2309.47,2339.02
516,Q517,3326.0,3411.9,3492.2,3424.0,3413.5,3467.4,3497.0,3489.4
517,Q518,4693.821946775991,2241.47,2258.6,2254.57,2265.63,2252.21,2261.01,2281.12
518,Q519,6405.241523055714,4079.0,4334.0,4526.0,4530.0,4593.0,4598.0,4761.0
519,Q520,4959.377731908299,3536.772,3776.912,3908.9,4041.548,4167.075,4096.313,4103.173
520,Q521,2805.1149421139958,1921.2,1943.6,1926.4,1970.8,1825.8,1951.0,1938.6
521,Q522,4572.516376904054,3127.448,3148.972,3207.304,3390.652,3223.052,3324.995,3358.111
522,Q523,6366.733102640786,5290.964,5472.024,5218.088,5419.816,5056.463,5719.773,5878.737
523,Q524,2030.2085833832523,1380.208,1424.4,1408.784,1429.264,1437.61,1407.074,1413.517
524,Q525,10927.172083374267,11055.7124,11184.7484,11236.3732,11453.898,11261.654,11574.627,11745.8154
525,Q526,9151.357594620813,9676.052735,10368.79879,9091.075266,8756.794368,10205.94551,10171.95363,9297.462522
526,Q527,3860.0,3760.0,3810.0,3890.0,3920.0,3750.0,3750.0,3780.0
527,Q528,8600.65050447391,9586.6,9441.2,9340.9,9631.8,9817.2,9849.1,10093.3
528,Q529,-254.65540772703523,1101.0,1084.0,1072.0,1106.0,1127.0,1131.0,1159.0
529,Q530,5562.3085070335665,6792.6,6875.1,6904.3,6917.6,6993.7,7073.6,7188.2
530,Q531,8620.63349499071,9670.0,9950.0,9920.0,10110.0,10420.0,10500.0,10610.0
531,Q532,7238.3765324586575,8280.0,8450.0,8340.0,8440.0,8610.0,8640.0,8710.0
532,Q533,6225.583398007455,7141.0,7194.0,7349.0,7447.0,7559.0,7615.0,7746.0
533,Q534,5795.2900017273605,5437.1,5458.6,5457.2,5439.1,5498.0,5520.6,5584.3
534,Q535,1111.7159212304605,1049.69,1054.5,1052.9,1051.12,1058.76,1062.73,1074.18
535,Q536,5634.216053272363,6019.9,6047.5,6038.3,6028.1,6071.9,6094.7,6160.4
536,Q537,8673.918403778798,9120.0,9420.0,9620.0,9690.0,8980.0,9470.0,9670.0
537,Q538,6095.801834632009,6646.6,6767.48,6477.32,6857.2,6309.78,6389.44,6459.24
538,Q539,1674.534366376972,3387.096,3446.66,3496.616,3582.036,3542.488,3664.421,3724.775
539,Q540,4947.172437868543,5734.6,5617.48,5687.88,5541.28,11113.38,10984.37,11296.3
540,Q541,4561.790507163975,6139.4,6326.4,6296.0,6425.08,6600.27,6516.51,6591.02
541,Q542,810.626970466056,2400.4116,2453.072,2455.4828,2490.1836,2434.2698,2475.7984,2514.6678
542,Q543,5900.9447118396,6975.53103,6257.71036,6574.29671,6540.51561,7366.52162,6397.89202,6796.58446
543,Q544,12960.596378040816,14305.97897,12578.27398,14072.12687,14567.51693,15504.51972,13033.2867,15211.10689
544,Q545,8232.227710224182,10150.0,11770.0,9910.0,11540.0,11020.0,10520.0,9250.0
545,Q546,11930.0,13080.0,13310.0,12120.0,12140.0,13430.0,13650.0,12530.0
546,Q547,7325.714257445028,9100.0,8050.0,9130.0,8230.0,9380.0,8430.0,9430.0
547,Q548,-890.6565988080267,1670.076608,1599.70809,1658.116643,1599.992903,1811.010927,1669.347844,1775.109478
548,Q549,4832.3154072200605,8140.0,7810.0,8000.0,7720.0,8410.0,8100.0,8090.0
549,Q550,6152.766184758344,9340.0,9370.0,8710.0,8600.0,9530.0,9320.0,8890.0
550,Q551,8569.567771807724,12320.0,14080.0,12280.0,13880.0,13050.0,12970.0,12310.0
551,Q552,5420.945165539189,8190.0,7660.0,8510.0,7950.0,8730.0,7940.0,8220.0
552,Q553,4293.341417912438,7490.0,7400.0,7820.0,7690.0,7970.0,7070.0,8750.0
553,Q554,6663.008183807319,9840.0,8690.0,9690.0,8650.0,9530.0,8310.0,9270.0
554,Q555,5806.363200980117,8920.0,8260.0,8450.0,8150.0,9720.0,8380.0,8680.0
555,Q556,7027.611844252129,10290.0,8900.0,12460.0,8380.0,10550.0,9020.0,12670.0
556,Q557,5629.592083741983,8844.68928,8285.26465,8489.05752,8219.48704,9631.99382,8549.57374,9274.72592
557,Q558,6444.225064679747,8550.0,8440.0,8170.0,8190.0,9050.0,8460.0,8360.0
558,Q559,8520.0,8850.0,8610.0,8640.0,8730.0,9550.0,8460.0,8750.0
559,Q560,5902.034359949155,8170.0,7710.0,9070.0,7050.0,9750.0,8200.0,9290.0
560,Q561,4932.641967338924,7170.0,6630.0,7940.0,6070.0,6930.0,6920.0,7940.0
561,Q562,7348.579515993019,9110.0,7690.0,10640.0,7750.0,8900.0,8160.0,10540.0
562,Q563,6715.639256411805,9270.0,8950.0,8710.0,8600.0,9770.0,8970.0,8970.0
563,Q564,7764.7366943125,9200.0,8890.0,8490.0,8560.0,9720.0,8950.0,8740.0
564,Q565,-16.803041353920406,1753.050895,1594.159666,1653.715409,1614.267471,1847.305297,1631.887165,1723.539652
565,Q566,6376.193855107395,8190.0,7530.0,7800.0,7710.0,8580.0,7600.0,7960.0
566,Q567,-340.1877954311971,1286.0,1381.0,1290.0,1485.0,1265.0,1455.0,1364.0
567,Q568,5507.708043304324,7320.0,7280.0,7620.0,7250.0,7750.0,6860.0,7320.0
568,Q569,10164.175237713198,11990.0,12520.0,12610.0,12450.0,12550.0,12920.0,11840.0
569,Q570,3240.5012927526072,3828.40588,3698.41716,3728.10335,3896.89362,4340.71256,4037.93697,4015.75387
570,Q571,6556.380205498666,7470.0,7270.0,7070.0,7380.0,8180.0,7680.0,7310.0
571,Q572,9129.488594919529,10680.0,12040.0,11050.0,12550.0,12160.0,11810.0,10830.0
572,Q573,5096.121116421784,7210.0,7000.0,6870.0,7290.0,7600.0,7790.0,7210.0
573,Q574,6444.65339164627,8760.29455,8286.78096,8145.56171,8602.79263,9898.60284,8519.3985,8591.51217
574,Q575,4885.064390100291,7810.0,7580.0,7370.0,7440.0,8200.0,7560.0,7520.0
575,Q576,7380.0,7900.0,7490.0,7510.0,7520.0,8360.0,7620.0,7670.0
576,Q577,4852.766657682922,7320.0,6780.0,7340.0,7010.0,7410.0,7290.0,7260.0
577,Q578,5746.903932498562,7830.0,7630.0,7840.0,7930.0,8380.0,7680.0,8100.0
578,Q579,4800.649013790064,6610.0,6290.0,6180.0,6240.0,6720.0,6300.0,6210.0
579,Q580,5506.230628055196,7660.0,8690.0,7700.0,8640.0,7830.0,7560.0,7720.0
580,Q581,5229.541978064154,7420.0,6960.0,7270.0,8250.0,7450.0,7500.0,7200.0
581,Q582,7497.7423046159565,8830.0,8120.0,7810.0,7940.0,8810.0,7870.0,8100.0
582,Q583,4933.00826,4875.48456,4636.13769,4748.22144,5177.28084,5332.47428,4840.37127,5157.68607
583,Q584,4287.983575065243,6820.0,6740.0,6430.0,6860.0,7260.0,6770.0,6750.0
584,Q585,8598.405036043343,11540.0,13380.0,11190.0,15150.0,11640.0,12550.0,11030.0
585,Q586,4669.796810240252,7930.0,7430.0,7460.0,7580.0,8450.0,7540.0,7690.0
586,Q587,2956.3990802538437,7370.0,7250.0,7040.0,7200.0,7720.0,7120.0,7430.0
587,Q588,6480.6892725473235,9940.0,11480.0,9500.0,12250.0,10790.0,11250.0,9730.0
588,Q589,8314.602597086163,12370.0,13920.0,11650.0,14630.0,12560.0,14030.0,12380.0
589,Q590,1869.3576085152783,6100.0,6090.0,6010.0,6680.0,6480.0,6110.0,5990.0
590,Q591,5983.358934747025,9638.01311,10056.81802,10504.54082,10488.80658,10453.03026,9814.9614,10772.49338
591,Q592,9510.37408854943,13090.0,14320.0,12510.0,13570.0,13730.0,13320.0,12030.0
592,Q593,6898.521490413919,10820.0,12730.0,10740.0,12560.0,11220.0,11180.0,10840.0
593,Q594,4802.829009844144,7820.0,7390.0,7170.0,7200.0,7960.0,7280.0,7260.0
594,Q595,6790.96129147591,10020.0,8550.0,8320.0,8490.0,10440.0,8490.0,8370.0
595,Q596,6236.634747947318,9940.0,11520.0,9860.0,11660.0,10970.0,10140.0,9930.0
596,Q597,-2458.685002785655,1647.576937,1555.515248,1552.664052,1521.451895,1735.84058,1539.986649,1570.008783
597,Q598,7474.238422571877,11240.0,13480.0,11600.0,13570.0,13150.0,12280.0,11450.0
598,Q599,6075.420779411682,10130.0,9940.0,9780.0,9990.0,10560.0,9830.0,9900.0
599,Q600,7374.905337811196,10040.0,10040.0,9150.0,9230.0,10450.0,9850.0,9330.0
600,Q601,8621.887740438226,11420.0,12500.0,10260.0,12120.0,12180.0,11180.0,10740.0
601,Q602,6189.257056409685,8370.0,8340.0,8160.0,7900.0,8860.0,8490.0,8850.0
602,Q603,6789.764174472125,8490.0,8260.0,7960.0,7980.0,8860.0,8080.0,7990.0
603,Q604,5102.9903035514235,6910.0,7380.0,7480.0,6910.0,7480.0,7300.0,7970.0
604,Q605,3561.5222144245554,5050.0,6450.0,5910.0,6400.0,5350.0,6860.0,6110.0
605,Q606,6730.0,6000.0,6550.0,6260.0,6960.0,6350.0,6600.0,6520.0
606,Q607,5211.99424027866,4700.0,4800.0,5100.0,5400.0,5200.0,5900.0,6000.0
607,Q608,4410.540858697021,3850.0,3902.0,4018.0,4458.0,3856.0,3794.0,3826.0
608,Q609,3729.2202197489064,3247.0,3254.0,3326.0,3653.0,3130.0,3058.0,3070.0
609,Q610,7977.368155614101,7439.308,7542.756,7534.88,7662.312,7820.133,7759.06,7904.664
610,Q611,4054.202486628624,4155.3,4162.0,4152.8,4144.7,4254.4,4312.8,4355.5
611,Q612,2242.6427339022566,1125.44,1122.02,1142.75,1174.46,1126.94,1138.04,1141.81
612,Q613,6665.221755085443,5857.0,6106.0,6194.0,6392.0,6449.0,6435.0,6528.0
613,Q614,3876.4670028996734,2670.0,2880.0,3020.0,2910.0,2980.0,3010.0,3020.0
614,Q615,9236.37447222348,7530.0,8410.0,9100.0,7550.0,7400.0,7630.0,7710.0
615,Q616,9090.58987408115,7350.0,8130.0,8880.0,7310.0,7100.0,7240.0,7310.0
616,Q617,2613.8993352779066,1096.51,1108.75,1091.66,1101.32,1114.97,1114.27,1129.49
617,Q618,1169.96,1218.03,1245.68,1255.48,1279.34,1337.21,1338.27,1348.62
618,Q619,3338.8176424854582,1306.0,1336.0,1346.0,1372.0,1434.0,1435.0,1446.0
619,Q620,2414.2232471525786,1096.22,1126.6,1135.28,1124.37,1075.9,1150.01,1217.9
620,Q621,1623.6280573979489,1056.0,1089.0,1159.0,1154.0,1126.0,1148.0,1190.0
621,Q622,4638.540753334124,4030.976,4044.02,4166.424,4350.632,4183.767,4282.592,4337.376
622,Q623,10567.77062752812,10770.0,10750.0,10010.0,9680.0,10240.0,10210.0,10700.0
623,Q624,2262.5047399493897,1325.0,1258.0,1274.0,1197.0,1136.0,1168.0,1188.0
624,Q625,5628.3961329048625,5132.0,4674.0,4645.0,5201.0,5121.0,5354.0,5316.0
625,Q626,10904.40536779665,10455.0,10598.3,10647.9,10759.8,10647.0,10743.3,10785.7
626,Q627,9711.927181598903,9218.4,9298.4,9313.1,9361.6,9226.2,9276.6,9275.1
627,Q628,1099.73,1127.59,1138.97,1153.14,1173.36,1162.85,1176.25,1187.31
628,Q629,3834.220486931832,3491.3,3564.5,3608.3,3770.5,3765.7,3755.9,3802.2
629,Q630,2392.090366348069,1071.49,1098.27,1111.05,1166.85,1167.1,1166.84,1185.84
630,Q631,1044.06,1063.38,1065.23,1074.07,1087.02,1084.44,1092.21,1105.31
631,Q632,2263.6505394894352,1422.07,1384.22,1441.96,1421.73,1411.37,1438.48,1460.66
632,Q633,7387.035635735785,6714.3,6797.3,6916.4,7007.7,6986.1,6984.3,7062.9
633,Q634,3649.791566766094,2938.5,2918.2,3011.4,3042.9,3049.8,3111.1,3131.1
634,Q635,3978.524030911635,4000.0,3992.0,3974.0,3634.0,3848.0,3528.0,3417.0
635,Q636,10256.730819213448,9210.7,8951.1,8926.5,8692.1,9813.9,9352.1,9502.2
636,Q637,2254.7972440093486,1550.4,1615.8,1662.1,1701.7,1758.0,1749.3,1752.5
637,Q638,6088.6278950812675,5208.0,5267.0,5310.0,5295.0,5502.0,5467.0,5497.0
638,Q639,11311.640111942965,9979.5,9977.3,9983.3,9853.4,10144.4,10010.7,10017.6
639,Q640,5927.417136419221,4659.204,4700.524,4736.616,4723.308,4887.416,4925.362,4963.499
640,Q641,4134.605629495896,3088.4,3131.9,3192.8,3267.1,3344.0,3393.5,3440.6
641,Q642,3324.2374956918943,1133.09,1144.2,1158.62,1178.14,1197.2,1210.85,1221.07
642,Q643,4789.082388673936,2856.7,2884.7,2921.1,2970.3,3018.4,3052.8,3078.5
643,Q644,4419.157951057176,3266.4,3402.8,3434.1,3511.6,3664.2,3673.8,3700.5
644,Q645,1740.2918403880544,1072.87,1122.74,1132.79,1164.41,1216.83,1222.91,1236.62
645,Q646,6254.591418535818,5341.1,5448.9,5516.9,5550.8,5621.4,5679.1,5691.3
646,Q647,5144.638210368407,4788.2,4768.7,4772.6,4788.6,4915.3,4930.3,4949.0
647,Q648,1159.0,965.0,1111.0,1086.0,1004.0,923.0,1037.0,1083.0
648,Q649,9146.0,9827.0,9904.0,10022.0,10182.0,9720.0,9997.0,10156.0
649,Q650,11179.041368166992,9852.0,10072.0,10127.0,10347.0,10470.0,10523.0,10576.0
650,Q651,10021.643698020063,8445.0,8554.0,8519.0,8636.0,8654.0,8661.0,8685.0
651,Q652,2551.2106557229263,1108.2,1119.36,1131.12,1140.79,1166.47,1168.1,1179.24
652,Q653,2485.4321476365376,1152.97,1169.52,1182.11,1208.76,1214.37,1207.28,1218.01
653,Q654,4235.334852429451,1978.6,1982.9,2034.5,2037.7,2274.9,2188.9,2208.8
654,Q655,3219.1091023930258,1062.66,1069.24,1093.43,1077.12,1180.09,1155.05,1165.86
655,Q656,3668.5220667848566,1686.116,1718.42,1799.284,1762.38,1782.276,1825.254,1886.422
656,Q657,5648.817192438818,3703.988,3745.568,3776.736,3754.052,3876.753,3907.287,3935.902
657,Q658,2918.147992926393,1143.62,1153.11,1159.97,1173.36,1174.35,1181.92,1205.57
658,Q659,9980.818875639048,9500.0,9500.0,10900.0,9700.0,9000.0,9900.0,8100.0
659,Q660,4227.352078540801,3210.0,3280.0,3290.0,3680.0,3920.0,4090.0,4230.0
660,Q661,4267.772942197252,4321.6,3925.6,3775.6,3749.2,3699.5,3280.0,3205.3
661,Q662,4932.099072769838,5136.0,5261.0,5315.0,5438.0,5487.0,5562.0,5669.0
662,Q663,4680.0,4735.0,4828.0,4843.0,4924.0,4933.0,4983.0,5052.0
663,Q664,8655.004616073835,8938.5,9247.6,9118.1,9387.8,9064.5,9175.6,9184.9
664,Q665,6300.0,7800.0,7000.0,6900.0,6900.0,7800.0,7900.0,7800.0
665,Q666,11276.175634495981,10010.0,10540.0,10510.0,10040.0,10220.0,10660.0,10770.0
666,Q667,9114.579224055573,7915.9,8002.8,8077.3,8154.3,8285.6,8330.7,8406.5
667,Q668,2510.569740273648,1854.0,1891.0,1896.0,1923.0,1967.0,1978.0,1997.0
668,Q669,8940.0,8964.0,9010.0,9189.0,9312.0,9452.0,9519.0,9684.0
669,Q670,2058.560484998206,1511.0,1514.9,1531.7,1541.0,1588.7,1587.0,1585.3
670,Q671,2779.589137469792,2750.0,2770.0,2813.0,2834.0,2938.0,3079.0,3149.0
671,Q672,2972.0634923048883,1596.0,1565.0,1565.0,1561.0,1440.0,1447.0,1470.0
672,Q673,2925.128246429755,1628.94,1652.952,1680.928,1723.74,1701.587,1723.254,1751.056
673,Q674,12197.299201227175,10745.28,11065.28,11037.4,11218.6,11176.42,11675.72,11980.29
674,Q675,5146.027739325677,3380.392,3481.608,3507.912,3615.66,3632.722,3675.019,3767.822
675,Q676,4100.559042531085,2516.0,2554.0,2546.0,2580.0,2561.0,2556.0,2543.0
676,Q677,1097.96,1111.56,1124.51,1119.37,1135.96,1125.28,1126.67,1129.88
677,Q678,5108.792619372992,2977.2,2670.8,2576.8,2597.6,2560.9,2224.0,2167.4
678,Q679,7613.445906114977,6055.36,6046.6,6108.2,6190.88,6375.77,6466.18,6456.82
679,Q680,4595.704865643129,3380.928,3439.7228,3477.4208,3533.2896,3567.1085,3606.0242,3645.9605
680,Q681,4708.570702948125,3517.0,3579.0,3596.0,3339.0,2882.0,3021.0,2995.0
681,Q682,4279.687673887675,3086.0,3063.0,3055.0,3038.0,3446.0,3430.0,3460.0
682,Q683,4922.804187507804,4640.0,4700.0,4760.0,4790.0,4840.0,4800.0,4860.0
683,Q684,6717.1026381082065,5547.68,5036.72,4800.44,4582.0,4860.16,4820.71,4766.46
684,Q685,9346.2,9433.4,9402.3,9503.6,9588.5,9245.7,9236.7,9245.6
685,Q686,5342.802873981306,4996.0,5064.0,5195.0,5303.0,5319.0,5395.0,5447.0
686,Q687,1795.0661444833631,1145.81,1155.54,1176.86,1193.42,1188.39,1201.38,1206.43
687,Q688,1264.0,1276.0,1302.0,1309.0,1349.0,1431.0,1441.0,1477.0
688,Q689,1211.89,1159.74,1157.05,1153.56,1131.96,1136.71,1139.89,1150.03
689,Q690,7054.939342279779,6968.0,6952.0,6931.0,6801.0,6830.0,6849.0,6910.0
690,Q691,11074.929848291236,11380.0,11850.0,11250.0,9940.0,10360.0,11670.0,12310.0
691,Q692,390.84879351636096,1095.0,1107.0,1108.0,1123.0,1132.0,1137.0,1147.0
692,Q693,4269.7816643102005,5587.9,5655.6,5720.1,5700.3,5770.5,5849.6,5932.9
693,Q694,9484.23359652249,10721.7,10873.2,10976.8,10768.3,10932.3,11013.3,11156.2
694,Q695,6052.766953762347,7990.0,8103.0,8180.0,8025.0,8147.0,8207.0,8314.0
695,Q696,11781.245430202758,12660.2,12905.04,13424.12,13756.84,13597.15,13993.04,14398.01
696,Q697,1027.3378306490972,1889.8,1658.12,1593.8,1488.56,1749.98,1741.13,1715.19
697,Q698,7394.859541097258,8123.7,7384.1,9214.5,11518.4,9864.7,9498.7,9084.4
698,Q699,3398.531271125675,4214.0,3830.0,4780.0,5975.0,5117.0,4927.0,4712.0
699,Q700,708.3337343821169,1339.808,1242.804,1199.988,1152.376,1094.448,1091.678,1073.088
700,Q701,7323.271473554011,7650.3,7692.5,7582.3,7689.0,7649.5,7667.0,7697.7
701,Q702,5736.96186450967,4729.2,4861.4,4868.2,4959.9,4952.2,4998.8,5024.5
702,Q703,3501.0481556866434,2404.3,2437.0,2455.4,2516.2,2496.4,2485.2,2520.7
703,Q704,11103.282070501891,10280.5,10452.3,10518.1,10829.4,10760.4,10737.8,10933.8
704,Q705,1741.7,1626.0,1617.7,1663.9,1694.7,1672.9,1729.1,1747.4
705,Q706,2022.906617480856,1587.9,1564.3,1623.4,1640.3,1605.6,1642.4,1657.2
706,Q707,7509.736787840211,7676.43,7705.72,7841.99,7851.12,7917.14,7976.37,8058.76
707,Q708,12210.8912,12180.6184,12271.4952,12323.4076,12240.8328,12291.2865,12394.4317,12477.3819
708,Q709,1793.3390336136758,967.07,968.37,972.89,977.94,960.14,960.74,972.79
709,Q710,6167.36,6205.24,6186.96,6284.29,6263.64,6308.55,6326.29,6376.92
710,Q711,3550.0,3573.4,3620.0,3663.1,3777.1,3691.9,3664.3,3686.8
711,Q712,4805.3906985621525,2912.2,2898.9,2953.7,2932.7,2936.5,2991.9,3012.2
712,Q713,3499.502450159734,1663.1436,1635.5024,1663.3904,1708.2628,1713.5128,1684.034,1707.0004
713,Q714,5910.641533888149,2987.0,3024.0,3064.0,3104.0,3090.0,3094.0,3153.0
714,Q715,5060.863564359557,2518.0,2521.0,2535.0,2542.0,2507.0,2493.0,2529.0
715,Q716,4932.83611339107,2888.616,2913.052,2946.888,2983.572,2950.004,3002.84,3066.919
716,Q717,4372.51915027073,2522.9,2571.1,2608.9,2684.6,2653.6,2696.0,2735.1
717,Q718,4393.612049168657,2328.3,2361.6,2379.4,2432.6,2387.3,2417.3,2439.2
718,Q719,7468.9546551135645,6162.0,6310.0,6261.0,6443.0,6330.0,6296.0,6400.0
719,Q720,8620.8,8815.9,8836.0,8775.8,8750.0,8860.9,8901.3,8953.2
720,Q721,5912.172687178052,4182.0,4266.0,4381.0,4494.0,4530.0,4705.0,4740.0
721,Q722,5703.227825208286,4180.91,4225.5928,4251.45,4226.7012,4245.6359,4272.7897,4296.8114
722,Q723,4624.00643837996,3000.57,3053.67,3075.23,3109.76,3109.45,3134.69,3168.62
723,Q724,2379.9385573354966,1079.87,1098.17,1098.89,1116.06,1122.15,1103.81,1121.46
724,Q725,4223.6185179982285,2841.6,2889.7,2891.6,2936.8,2952.8,2904.6,2951.0
725,Q726,3549.921725652109,1117.14,1143.51,1162.64,1187.14,1177.77,1176.58,1183.54
726,Q727,11239.421581117795,9395.0,9516.0,9566.0,9635.0,9250.0,9642.0,9708.0
727,Q728,5303.180250894414,4407.408,4509.38,4570.096,4689.576,4715.988,4755.117,4814.905
728,Q729,5621.528213453513,5621.968,5690.384,5713.88,5860.156,5826.972,5894.366,5959.239
729,Q730,1701.7308625982375,2213.7204,2283.9716,2225.2568,2290.62,2260.1347,2268.9936,2291.3918
730,Q731,325.6956763830214,2170.668,2195.3,2225.976,2255.648,2220.149,2260.7,2308.168
731,Q732,7844.358503270209,8877.836,8994.784,9121.984,9312.492,9398.676,9234.405,9323.768
732,Q733,7852.1663809543725,9020.0,9300.0,8840.0,8700.0,9740.0,9270.0,9040.0
733,Q734,11072.896469228734,12020.0,13640.0,11920.0,13450.0,12660.0,12700.0,11730.0
734,Q735,7216.384239635331,8130.0,8420.0,10020.0,7720.0,8950.0,8020.0,10310.0
735,Q736,7969.034524167078,9050.0,9300.0,8650.0,8660.0,9760.0,9310.0,8850.0
736,Q737,6728.2560868832525,8010.0,7800.0,7670.0,7870.0,8500.0,7730.0,7920.0
737,Q738,1306.4058579665386,1756.1,1758.1,1762.2,1762.6,1773.2,1777.3,1786.6
738,Q739,702.7250615139282,1168.6,1177.8,1203.7,1229.7,1212.9,1225.0,1238.4
739,Q740,10330.381190535862,10752.0,10780.0,10936.0,11098.0,10868.0,10940.0,11000.0
740,Q741,1025.0,1027.27,1034.35,1034.85,1060.03,1064.09,1061.56,1076.26
741,Q742,1082.1142361479272,1536.6,1544.54,1554.44,1553.79,1518.21,1523.07,1540.78
742,Q743,7586.952,7518.764,7556.04,7569.332,7703.188,7369.601,7337.875,7453.298
743,Q744,9678.544542511589,10140.76,10175.08,10240.48,10319.56,11228.11,11282.31,11340.09
744,Q745,934.3713196325511,2223.08,2445.4,2158.48,2321.28,2215.06,2465.47,2314.03
745,Q746,6307.0757759843045,7654.204,7715.984,7901.844,8123.044,7977.089,8142.284,8268.632
746,Q747,5928.562894555752,6892.3948,6950.7888,7024.9848,7181.2868,7113.4421,7223.7933,7332.5848
747,Q748,7480.8293684718565,8970.0,8980.0,8560.0,8530.0,9450.0,8900.0,8730.0
748,Q749,9356.885068550562,11320.0,13250.0,11390.0,13290.0,11880.0,13480.0,11620.0
749,Q750,736.4235595909493,1829.760844,1758.227606,1668.552723,1664.184663,1931.79819,1695.042306,1715.119687
750,Q751,8629.86627671321,10120.0,9860.0,9050.0,9060.0,10580.0,9470.0,9320.0
751,Q752,4650.940949164506,6610.49592,5893.78374,5830.34817,5976.20517,6994.86146,5774.17577,5907.75629
752,Q753,5498.5515391197705,7510.0,7280.0,7420.0,7700.0,7690.0,7450.0,7550.0
753,Q754,5691.084769146674,7380.0,7010.0,7030.0,7100.0,7720.0,7010.0,7180.0
754,Q755,6927.702006241201,8930.0,9010.0,8400.0,8710.0,9510.0,8900.0,8640.0
755,Q756,9498.619403763043,10430.0,12270.0,10390.0,11740.0,11610.0,11120.0,10160.0
756,Q757,5230.0,4920.0,4950.0,4630.0,4560.0,4640.0,4460.0,4760.0
757,Q758,2070.8,2079.1,2081.0,2083.8,2097.1,2042.4,2039.6,2053.8
758,Q759,-198.92154024185984,1733.89,3546.24,5335.69,6960.13,1774.05,3733.54,5698.43
759,Q760,5604.420043151696,7205.9,8754.5,8266.7,8390.1,8594.0,8554.2,8642.8
760,Q761,642.0886396471024,1754.0,1655.0,1488.0,1220.0,1037.0,1150.0,1218.0
761,Q762,11571.002014222295,10996.6,9862.1,9873.5,8806.5,8714.5,8307.4,8293.6
762,Q763,26607.10897832172,25932.136,26208.096,26352.44,26127.924,26249.756,26491.769,26680.713
763,Q764,1331.9102224226456,1269.0,1293.83,1299.71,1288.99,1300.4,1314.88,1329.6
764,Q765,559.1485096217772,1090.63,1105.59,1107.07,1098.21,1108.59,1116.75,1128.77
765,Q766,583.5130001898644,1062.09,1097.29,1109.8,1124.81,1135.47,1124.14,1130.96
766,Q767,124.38732019014712,1333.63,1348.6,1349.85,1340.75,1346.0,1353.66,1366.8
767,Q768,2148.0387342545937,2112.0,2343.0,2317.0,2325.0,2358.0,2391.0,2467.0
768,Q769,5790.068,6029.488,5860.556,5875.536,6051.588,5891.653,5872.688,5928.703
769,Q770,11760.673728948761,10129.0,10207.0,10206.0,10151.0,10315.0,10293.0,10410.0
770,Q771,4215.750928248608,2857.78,3215.812,2889.636,2618.636,2342.844,2588.168,2677.823
771,Q772,6075.946584918266,5637.28,4802.96,4593.64,4079.4,3914.06,3667.01,3626.52
772,Q773,1650.4400676450787,2006.004,1999.652,2031.452,2016.184,2047.429,2082.697,2090.579
773,Q774,6212.938080535178,6142.88,6196.08,6311.24,6425.72,6392.68,6555.3,6582.17
774,Q775,3621.821223007417,3860.648,4022.32,4097.804,4154.72,4178.566,4200.546,4229.871
775,Q776,4163.171446624489,4557.49394,4331.79571,4281.62304,4236.87843,4843.2902,4295.37772,4544.97566
776,Q777,10879.25382927439,11418.79072,11025.4094,11014.0331,10765.31906,11892.90779,11302.44286,11173.80271
777,Q778,7392.174235329935,8000.0,7890.0,7730.0,7610.0,8330.0,8120.0,7800.0
778,Q779,9817.925189302321,11340.0,12820.0,11250.0,12790.0,11650.0,11700.0,11100.0
779,Q780,6140.452875975392,6470.0,6240.0,6870.0,6030.0,6680.0,6280.0,7210.0
780,Q781,2009.0538578263845,2660.0,2370.0,2300.0,2260.0,2150.0,2300.0,2350.0
781,Q782,6226.654416802355,6623.0,6989.0,7005.0,7140.0,6984.0,6848.0,6822.0
782,Q783,1532.5500217627136,1306.316,1224.752,1151.536,1090.78,876.235,856.126,827.02
783,Q784,10206.076256889757,9652.7,9650.1,9663.9,9627.8,9511.4,9500.1,9481.9
784,Q785,2257.7103302077207,1087.48,1098.25,1114.01,1129.3,1102.29,1115.52,1125.53
785,Q786,6529.0755312248375,3717.9,3821.0,3832.7,3921.1,3725.0,3761.9,3778.1
786,Q787,5861.951880213331,3181.0,3351.0,2977.0,2608.0,1843.0,2029.0,2097.0
787,Q788,4778.564984549182,2547.0,2779.0,2655.0,2570.0,2942.0,2965.0,3001.0
788,Q789,8599.288,8669.1,8931.32,8984.316,9718.228,9171.298,9596.56,9736.435
789,Q790,2437.4777692323987,1263.3,1284.8,1292.7,1317.2,1304.0,1302.9,1315.7
790,Q791,1449.9353545568085,1139.8,1155.5,1160.9,1184.5,1170.2,1172.9,1193.7
791,Q792,2539.589860100583,1867.104,2042.824,1947.324,1885.616,2148.169,2076.992,2132.697
792,Q793,4023.187461593519,4458.188,4672.92,4621.648,4752.172,4706.66,4766.576,4785.428
793,Q794,8310.0,7610.0,7800.0,8100.0,8500.0,7690.0,7970.0,8170.0
794,Q795,11944.391980070392,12750.0,11390.0,12500.0,11490.0,12560.0,12830.0,11180.0
795,Q796,6400.0,6550.0,6650.0,6780.0,7280.0,6980.0,7020.0,7110.0
796,Q797,4983.333405144365,7100.0,6650.0,6730.0,6870.0,7510.0,6690.0,6850.0
797,Q798,12715.722017253367,14295.70684,12678.22157,13713.80065,12783.24348,14488.76794,12668.51233,13478.1557
798,Q799,6469.716055413874,8370.0,7670.0,8140.0,7770.0,8520.0,7720.0,8070.0
799,Q800,6352.893879987783,8460.0,7570.0,8030.0,7690.0,8610.0,7640.0,7950.0
800,Q801,5982.550440174634,7840.0,8240.0,9400.0,7760.0,8370.0,7900.0,9580.0
801,Q802,7202.645674736382,8370.0,7770.0,7990.0,7840.0,8940.0,7780.0,8020.0
802,Q803,7533.130351973256,9169.6,9064.0,9251.7,9244.7,9309.4,9152.9,9111.3
803,Q804,10947.312,11844.308,10753.272,10275.96,9892.036,9394.016,9122.248,8971.455
804,Q805,2866.949587447801,2576.7,2579.2,2582.9,2581.5,2598.6,2607.4,2614.7
805,Q806,2960.685084847206,2271.1,2262.0,2258.2,2245.2,2250.9,2250.6,2247.6
806,Q807,2541.100063652709,1495.0,1510.9,1530.4,1547.6,1529.0,1543.1,1558.4
807,Q808,2050.243359528214,1019.61,1011.83,1028.82,1010.39,1037.88,1039.53,1035.84
808,Q809,5175.459897063654,4012.4,3981.8,4048.6,3976.1,4084.3,4090.8,4076.3
809,Q810,3662.6991046445614,1378.2,1353.6,1229.6,1088.1,877.8,986.3,1027.8
810,Q811,1522.2,1568.1,1459.3,1472.7,1417.0,1329.7,1284.4,1261.5
811,Q812,6693.261584522535,5130.0,5190.0,5226.0,5297.0,5387.0,5441.0,5502.0
812,Q813,10754.808775784002,9658.7,9682.4,9657.1,9711.7,9780.9,9836.7,9924.0
813,Q814,2991.353418949169,2145.97,2145.88,2143.38,2104.93,2086.28,2113.86,2131.2
814,Q815,9730.137540536884,10075.0,10009.9,10036.1,9895.4,9884.6,9894.8,9929.3
815,Q816,2559.7416638571563,2282.4,2239.1,2174.0,2100.2,2058.0,2040.4,2036.2
816,Q817,11275.0,10642.0,10400.0,10272.0,9879.0,9692.0,9849.0,9838.0
817,Q818,923.0352510739747,911.72,944.36,926.0,925.74,885.38,897.79,925.75
818,Q819,3861.0,3524.0,3650.0,3579.0,3578.0,3422.0,3470.0,3578.0
819,Q820,3338.0650617334004,3833.972,3906.62,4012.984,3817.156,3746.107,3831.109,3864.479
820,Q821,10142.972976553958,10904.404,11091.62,11325.72,11592.48,11430.942,11873.765,12126.925
821,Q822,4882.232001739738,4841.9,4283.412,4134.056,3966.788,3612.175,3426.437,3333.811
822,Q823,2470.950371342443,3218.104,3228.772,3265.012,3304.34,3342.591,3331.349,3372.165
823,Q824,3708.096869254125,5262.58,5131.68,5057.52,4850.068,4700.741,4621.011,4619.744
824,Q825,10001.951185917891,12420.0,14140.0,12270.0,14200.0,13650.0,13300.0,12280.0
825,Q826,8071.0924862818765,10930.0,10150.0,9760.0,9780.0,10490.0,9260.0,9310.0
826,Q827,7740.0,9840.0,8570.0,9610.0,7830.0,10130.0,8720.0,9740.0
827,Q828,9989.002480056819,12158.23958,11300.74776,11152.16469,11727.25579,13406.98134,12592.8942,12434.32663
828,Q829,6008.281641482043,8640.0,7960.0,9240.0,8630.0,9160.0,8440.0,9700.0
829,Q830,4658.7190019890995,7070.0,6770.0,6720.0,8510.0,7700.0,7170.0,6880.0
830,Q831,9573.122025278048,11570.0,13340.0,11340.0,12920.0,12600.0,12100.0,11100.0
831,Q832,7320.986448070087,9160.0,10690.0,9790.0,9940.0,9740.0,11330.0,10810.0
832,Q833,397.7459790698085,1926.770523,1776.630922,1768.717521,1773.118715,1949.894046,1712.813993,1775.086137
833,Q834,7301.633255997239,7353.28,7499.48,7571.28,7766.24,7713.08,7921.84,8013.77
834,Q835,1295.0725106319924,1003.0,1083.0,1090.0,1127.0,1148.0,1149.0,1171.0
835,Q836,5843.582827824208,5594.0,5529.0,5611.0,5578.0,5443.0,5493.0,5511.0
836,Q837,9498.009756092706,9203.6,8902.2,8941.6,8866.1,8752.6,8780.2,8827.0
837,Q838,6573.969079230587,5580.6,5715.2,5773.8,5849.0,5872.0,5906.6,5992.5
838,Q839,1596.0366054000335,1282.0,1322.0,1333.0,1366.0,1368.0,1376.0,1395.0
839,Q840,1027.66,1002.06,1036.29,1047.1,1063.68,1048.83,1039.7,1048.23
840,Q841,1583.1146248473556,1104.0,1125.0,1133.0,1119.0,1084.0,1121.0,1132.0
841,Q842,1701.62,1648.868,1677.676,1693.768,1729.56,1704.473,1733.583,1772.535
842,Q843,3872.2197751220715,3495.44,3825.24,3823.16,3963.0,3991.76,3890.67,3949.66
843,Q844,1559.5349405302513,1292.944,1239.564,1238.784,1250.292,1180.974,1270.52,1275.726
844,Q845,6974.0411082424735,7245.44,7517.88,7623.36,7854.32,7744.01,7866.85,7997.71
845,Q846,7262.583709143401,6994.08,7109.88,7174.24,7276.24,7084.43,7550.62,7635.63
846,Q847,6584.457445438523,6911.56959,6227.96565,6611.04803,6686.15637,7409.58648,6416.25839,6679.56214
847,Q848,10335.276819073262,11150.0,12860.0,11000.0,12880.0,12200.0,11840.0,10960.0
848,Q849,3893.4009473071796,5095.61359,4443.74939,4682.76405,4818.2441,5332.68387,4623.15683,4919.54693
849,Q850,5925.843337705504,7550.0,6830.0,7650.0,7920.0,7570.0,7430.0,7870.0
850,Q851,7490.584342999351,10090.0,10060.0,9630.0,8900.0,9030.0,9440.0,9460.0
851,Q852,7093.774162332401,8334.1,9069.3,9923.5,9335.0,8442.9,8490.8,8906.7
852,Q853,5329.7438869336665,6660.0,7250.0,7930.0,7460.0,6750.0,6790.0,7120.0
853,Q854,644.6243296504697,1591.4,1656.5,1691.6,1729.8,1746.5,1758.1,1757.5
854,Q855,7687.280422497707,8172.04,8313.64,8429.644,8614.692,8548.393,8657.848,8775.888
855,Q856,7018.886549744292,7563.7,7584.2,7622.6,7672.0,7616.4,7671.0,7761.0
856,Q857,2900.0,2340.0,2680.0,2550.0,2330.0,2120.0,2030.0,2140.0
857,Q858,2485.263170218787,1406.02,1407.87,1401.1,1419.78,1436.6,1461.25,1475.06
858,Q859,4907.93181814252,3843.0,3848.0,3830.0,3881.0,3927.0,3994.0,4032.0
859,Q860,8830.559246807488,8416.0,8610.0,8682.0,8869.0,8876.0,8917.0,9013.0
860,Q861,3704.4082983592693,3782.6,3797.2,3867.0,3913.8,3967.7,3994.3,4057.4
861,Q862,2799.97,2853.26,2875.51,2899.36,2941.88,2928.92,2951.02,2984.0
862,Q863,5553.013984124246,6058.2,5999.4,6019.1,6164.4,6085.9,6102.3,6132.8
863,Q864,2429.2710919187953,1891.0,1916.5,1948.3,1963.5,1980.1,1982.0,1996.6
864,Q865,7525.624272371109,7523.0,7405.0,7565.0,7772.0,7607.0,7758.0,7828.0
865,Q866,6768.601065190639,6244.0,6193.0,6321.0,6395.0,6143.0,6372.0,6432.0
866,Q867,8025.896715881015,6808.0,6545.0,6696.0,6809.0,6530.0,6552.0,6781.0
867,Q868,7264.653232001717,6324.4,6506.8,6632.8,6661.2,6620.5,7405.6,6901.4
868,Q869,2287.486573253928,1579.0,1601.0,1617.8,1608.0,1587.7,1580.4,1601.4
869,Q870,7404.147698655998,5595.9,5435.3,5368.0,6328.8,6749.1,7080.4,7490.1
870,Q871,3080.684363407826,1690.7,1758.9,1809.9,1866.8,1912.6,1927.0,1945.7
871,Q872,2279.834931077072,1450.4,1509.4,1539.2,1573.5,1604.3,1591.4,1598.0
872,Q873,1641.2550854018768,1148.9,1146.1,1150.3,1151.7,1140.6,1128.9,1133.4
873,Q874,10581.751025292218,10053.0,10036.8,10141.1,10187.1,9822.3,9827.9,9884.4
874,Q875,4576.955234980496,4952.9,4769.4,4732.3,4718.5,4661.8,4693.6,4727.4
875,Q876,1831.1212360196168,1178.33,1116.84,1099.01,1092.91,1088.76,1091.79,1102.44
876,Q877,12706.36154789776,12357.0,12989.0,11579.0,11151.0,10896.0,11129.0,11270.0
877,Q878,4924.489778103808,4767.42,4838.66,4848.12,4943.52,4941.9,4986.85,5051.21
878,Q879,7888.2391163042985,7835.0,7984.0,7959.0,8063.0,8030.0,8044.0,8098.0
879,Q880,5357.563149128556,5238.8,5262.7,5358.6,5414.1,5477.6,5509.0,5583.8
880,Q881,6527.0,6353.0,6448.0,6577.0,6599.0,6495.0,6784.0,6900.0
881,Q882,3768.2106192324177,2249.804,2192.484,2321.364,2391.604,2351.079,2384.569,2452.724
882,Q883,2734.676630785586,1493.906,1504.5964,1479.1256,1512.9796,1521.7123,1501.3773,1521.6235
883,Q884,10648.083679680485,9684.512,9764.696,9883.888,10001.976,9876.025,10162.951,10270.857
884,Q885,2800.87380741586,2449.7444,2423.8084,2521.3532,2597.7384,2448.6186,2558.6608,2623.5041
885,Q886,2468.5900179193873,2403.3,2468.0,2452.8,2493.7,2536.2,2532.2,2562.4
886,Q887,425.3563558695516,1029.85,1054.19,1046.17,1065.08,1080.97,1082.62,1104.22
887,Q888,12020.0,10200.0,12150.0,10140.0,12720.0,11330.0,11040.0,11750.0
888,Q889,8238.43814193836,8751.764428,8366.671738,8122.390157,7986.1036,9140.813711,8215.124115,8438.160637
889,Q890,4332.0937422469115,4925.935356,4571.334754,4625.381933,4565.95537,5257.631971,4713.750314,4831.720453
890,Q891,13526.254686784858,13840.0,16020.0,14020.0,15950.0,14310.0,14760.0,13940.0
891,Q892,6164.5142050629975,6916.45667,6839.11489,6605.00974,6564.94812,7285.37703,7233.19092,6740.21081
892,Q893,-519.0520146237614,1068.0,1036.0,1021.0,1024.0,1046.0,1045.0,1195.0
893,Q894,7530.69756292134,8600.0,7830.0,7930.0,8350.0,8980.0,8090.0,8140.0
894,Q895,8750.0,7760.0,8130.0,7860.0,8820.0,8290.0,7680.0,7890.0
895,Q896,9245.30062744093,11000.0,10940.0,10250.0,10230.0,11710.0,11040.0,10480.0
896,Q897,-309.9503317803177,1470.039783,1395.833177,1380.186777,1395.557684,1606.9609,1378.031415,1439.552523
897,Q898,7647.1629339786605,9110.0,8590.0,8290.0,8530.0,9520.0,8490.0,8410.0
898,Q899,9793.832421096191,12230.0,14360.0,12010.0,13990.0,13720.0,12640.0,11820.0
899,Q900,4716.845715451884,6466.30512,6081.87922,6085.58706,6107.06095,6922.45976,6307.16001,6338.8994
900,Q901,7774.038238784022,10200.0,11640.0,9990.0,11460.0,11460.0,10200.0,9960.0
901,Q902,-841.6111794424171,1522.0,1294.0,1408.0,1341.0,1474.0,1381.0,1478.0
902,Q903,6889.244085058699,9320.0,9100.0,8630.0,8790.0,10010.0,9180.0,9190.0
903,Q904,1730.4688233515963,4636.34289,4764.67143,4517.97692,4546.99212,5215.52633,4716.78418,4763.87642
904,Q905,5201.470269719794,7880.0,7930.0,8040.0,8450.0,8520.0,7290.0,8150.0
905,Q906,8895.67722728871,10570.0,10180.0,9470.0,9410.0,10570.0,10100.0,10160.0
906,Q907,7081.247378140817,8993.71193,8338.7748,8170.55611,8479.9958,9747.34709,8679.74224,8664.00084
907,Q908,7125.706573378249,9430.0,9920.0,10630.0,11260.0,10350.0,9130.0,11570.0
908,Q909,8755.060819205339,11690.0,13100.0,11230.0,13220.0,12100.0,12220.0,11400.0
909,Q910,8710.0,9070.0,8840.0,8420.0,8820.0,9520.0,8640.0,8610.0
910,Q911,4212.146022712494,8220.0,8280.0,9510.0,7470.0,8920.0,7900.0,9440.0
911,Q912,8055.451173481998,10940.0,12110.0,10570.0,12140.0,10950.0,11250.0,10510.0
912,Q913,7060.0,7140.0,7300.0,8060.0,7260.0,7620.0,7240.0,8290.0
913,Q914,12200.0,10690.0,12500.0,10650.0,12360.0,11740.0,12050.0,10820.0
914,Q915,9235.331054615654,11910.0,10980.0,13690.0,6410.0,11780.0,11570.0,13650.0
915,Q916,10430.0,11150.0,11960.0,10650.0,10650.0,11660.0,11740.0,10830.0
916,Q917,8006.961141205923,11240.0,12210.0,10540.0,10720.0,11750.0,11940.0,10700.0
917,Q918,10050.0,9680.0,10700.0,9480.0,10350.0,10080.0,10850.0,9770.0
918,Q919,7730.0,8100.0,7810.0,7860.0,8110.0,8730.0,8020.0,8140.0
919,Q920,8222.844851351125,10990.0,12830.0,11000.0,12620.0,11590.0,11510.0,11460.0
920,Q921,11976.76650274428,15160.20032,15205.91274,14668.13001,14970.93708,15788.66143,15470.81271,15118.39722
921,Q922,5337.5643617948,8370.0,7760.0,8170.0,8070.0,8490.0,7870.0,8700.0
922,Q923,1968.2429045805986,5543.07014,5007.92351,5028.46973,5210.30866,5866.44079,5058.83353,5249.03392
923,Q924,2463.408785,2700.828169,2559.967198,2616.474784,2558.872119,2827.653187,2614.85752,2695.52314
924,Q925,5168.724855724034,7900.0,7710.0,7510.0,7950.0,8230.0,7700.0,7910.0
925,Q926,9173.780555954836,11670.0,13880.0,11740.0,13910.0,12480.0,13390.0,12250.0
926,Q927,5381.814097324234,7200.0,7420.0,6940.0,6930.0,7540.0,7230.0,7150.0
927,Q928,5816.321553358269,7430.0,7170.0,7150.0,7240.0,7810.0,7100.0,7380.0
928,Q929,1991.7702079353176,3501.00158,3172.21393,3060.78965,3325.57576,3651.39607,3231.03295,3404.70624
929,Q930,5257.63582,5528.88795,5161.30722,5376.34745,5555.61242,5971.7406,5245.05842,5670.53847
930,Q931,7161.009440878199,7490.0,7160.0,7140.0,7390.0,7900.0,7090.0,7400.0
931,Q932,6716.4051570744205,6810.0,6780.0,7290.0,7110.0,6650.0,6150.0,5790.0
932,Q933,10275.301280677446,10098.2,10069.4,10824.8,11289.8,10624.0,11271.2,12189.2
933,Q934,4477.604965126127,3742.6,3796.7,3853.5,3935.0,3921.1,3983.7,4032.5
934,Q935,1106.1,1086.6,1105.6,1131.6,1146.2,1154.3,1159.6,1169.3
935,Q936,5448.973226092526,4102.42,4155.15,4198.0,4271.31,4277.22,4322.61,4377.41
936,Q937,2371.581646201697,1092.49,1104.7,1113.08,1133.8,1135.86,1126.02,1132.76
937,Q938,4532.261849128178,2739.9,2770.5,2791.5,2843.5,2848.6,2824.0,2840.9
938,Q939,3532.329656432647,1092.2,1096.23,1115.23,1124.36,1101.84,1154.31,1163.21
939,Q940,3510.7892664241976,972.0,952.0,1055.0,1026.0,1009.0,1054.0,899.0
940,Q941,7315.14133859875,4711.0,4906.0,5749.0,5781.0,4219.0,3378.0,3620.0
941,Q942,5052.353847953724,1313.2,1337.9,1350.6,1375.6,1406.3,1420.1,1436.7
942,Q943,5879.512903472857,2508.0,2493.0,2493.0,2525.0,2481.0,2481.0,2429.0
943,Q944,5704.9658031924655,2881.764,2888.432,2907.86,2974.364,2943.501,2969.994,2928.835
944,Q945,8648.0,8474.48,7857.08,6777.84,6663.72,6037.83,6589.83,6469.93
945,Q946,3710.041916357707,1172.9,1142.6,1145.3,1185.5,1133.9,1131.2,1147.3
946,Q947,6230.616758823424,4391.5,4331.0,4405.5,4385.2,4277.4,4291.9,4317.0
947,Q948,5536.902357065529,2570.0,2643.0,2043.0,1879.0,1475.0,1639.0,1720.0
948,Q949,2855.0,2534.0,2225.0,1798.0,1748.0,1596.0,1525.0,1508.0
949,Q950,3864.6594011350057,1372.73,1366.38,1232.97,1325.85,1355.88,1382.92,1403.19
950,Q951,3860.333223236365,1158.38,1154.6,1154.24,1164.99,1132.56,1132.48,1144.01
951,Q952,3988.8900242928903,1356.176,1411.136,1438.652,1535.14,1462.733,1471.973,1511.199
952,Q953,4808.164195988274,2224.1,2220.5,2214.8,2232.3,2250.0,2240.2,2261.2
953,Q954,5766.35622060178,2011.0,2161.0,2375.0,2401.0,3134.0,3335.0,3397.0
954,Q955,4760.387705999027,1106.16,1123.68,1134.55,1173.98,1117.58,1123.89,1140.28
955,Q956,12135.642787142757,8991.7,7401.5,7354.6,6660.7,6656.8,6388.6,6334.3
956,Q957,3832.509485513663,1420.0,1169.0,1162.0,1052.0,1052.0,1009.0,1001.0
957,Q958,4398.757277786716,2163.0,2221.0,2215.0,2213.0,2208.0,2208.0,2224.0
958,Q959,3894.3616644128433,2428.5,2436.2,2446.4,2475.9,2508.4,2524.4,2562.8
959,Q960,3441.898707562939,1009.17,1019.67,1030.2,1034.71,1042.04,1045.16,1054.66
960,Q961,5247.183868520316,3582.0,3655.0,3655.0,3704.0,3629.0,3723.0,3755.0
961,Q962,7263.275054572504,5429.92,5530.84,5485.52,5556.04,5643.26,5674.14,5705.52
962,Q963,8341.848517350945,6148.56,6228.64,6255.48,6496.32,6048.1,6055.62,6118.55
963,Q964,3118.199132105242,1434.828,1504.5,1521.5,1520.928,1514.887,1539.302,1553.062
964,Q965,3179.0033775856655,1768.86,1787.44,1795.14,1837.728,1857.654,1864.433,1905.571
965,Q966,6932.942209849131,4545.9684,4624.3752,4669.3128,4733.6888,4758.6645,4767.6113,4824.9524
966,Q967,8304.939482714599,6179.28,5837.96,6144.4,6373.16,6193.45,6233.83,6332.67
967,Q968,4980.20387163221,3290.0,3150.0,3120.0,3040.0,2870.0,2770.0,2610.0
968,Q969,1297.0,1275.0,1108.0,1052.0,989.0,924.0,897.0,826.0
969,Q970,4848.0,2482.0,3152.0,4104.0,3423.0,4666.0,5375.0,5619.0
970,Q971,3950.650591198271,3485.5,3492.7,3510.3,3519.4,3531.3,3543.6,3591.7
971,Q972,2409.6743472605467,1088.2,1085.0,1088.4,1101.9,1116.8,1117.7,1137.8
972,Q973,4890.157916918862,3845.2,3871.1,3922.2,3894.2,3755.1,3788.9,3806.1
973,Q974,987.0,832.0,969.0,880.0,790.0,710.0,793.0,831.0
974,Q975,6151.690966515995,4534.3308,4575.2176,4597.6528,4561.9116,4579.2856,4610.0959,4636.4587
975,Q976,4286.47191661279,2542.05,2589.67,2621.28,2625.84,2650.23,2679.16,2709.66
976,Q977,10445.0,10758.9,10998.1,10979.4,10901.4,11070.8,11120.4,11063.0
977,Q978,1645.3,1677.7,1705.9,1725.1,1752.4,1762.5,1746.6,1758.9
978,Q979,3256.4091577605313,1023.49,1039.15,1046.57,1029.55,1015.89,1034.29,1044.69
979,Q980,7916.4789541106375,6227.828,6433.78,6516.764,6767.524,6890.433,6983.419,7033.641
980,Q981,3119.5154444901514,1518.2,1572.12,1583.44,1542.2,1595.58,1638.68,1606.61
981,Q982,3505.722075758042,1704.7688,1735.2344,1753.4652,1810.1212,1772.034,1843.4255,1872.0109
982,Q983,2030.8522257494171,1163.24,1177.54,1172.68,1179.28,1186.51,1191.23,1213.96
983,Q984,5948.858073300173,4238.748,4303.244,4374.504,4494.152,4489.127,4549.435,4592.921
984,Q985,11683.2131070844,10802.244,11099.808,11289.852,11564.868,11350.809,11864.836,12063.913
985,Q986,2312.9012200937414,1535.324,1572.076,1576.212,1589.12,1604.197,1582.299,1584.793
986,Q987,3255.5811571693657,2080.0,2090.0,2140.0,2090.0,1950.0,1920.0,1810.0
987,Q988,1999.188729840631,1025.72,1027.64,1050.84,1043.81,1075.87,1053.51,1045.63
988,Q989,11138.326702784185,10587.4,10584.1,10489.8,10684.0,10633.9,10545.8,10583.6
989,Q990,9250.0,9530.0,9480.0,9520.0,9750.0,9860.0,9870.0,9980.0
990,Q991,11412.408194088413,10110.1,10096.8,10126.1,10429.9,10555.9,10591.9,10750.0
991,Q992,3919.891451693392,3033.0,3037.0,3083.0,3049.0,3154.0,3203.0,3219.0
992,Q993,2551.0188774142516,2204.0,2205.0,2188.0,2146.0,2197.0,2101.0,2118.0
993,Q994,1154.301671430969,1093.59,1105.56,1098.05,1061.52,1066.17,1037.52,1046.1
994,Q995,,9770.0,9610.0,9600.0,9290.0,9050.0,9050.0,9360.0
995,Q996,,921.08,959.61,959.32,936.48,918.83,928.66,958.87
996,Q997,,9457.08,9703.24,9823.2,10040.4,10168.81,10346.88,10519.08
997,Q998,,2759.16,2664.76,2741.2,2646.84,2952.85,2795.27,2900.47
998,Q999,,5275.44,5315.4,5397.24,5436.4,5527.55,5544.54,5614.41
999,Q1000,13933.2,14072.4,14231.2,14170.8,14690.0,14593.5,14784.8,14914.0
