PE,AT,V,AP,RH
463.26,14.96,41.76,1024.07,73.17
442.83,25.18,62.96,1020.04,59.08
488.56,5.11,39.4,1012.16,92.14
446.48,20.86,57.32,1010.24,76.64
476.03,10.82,37.5,1009.23,96.62
451.28,26.27,59.44,1012.23,58.77
457.66,15.89,43.96,1014.02,75.24
478.42,9.48,44.71,1019.12,66.43
475.98,14.64,45.0,1021.78,41.25
479.28,11.74,43.56,1015.14,70.72
452.55,17.99,43.72,1008.64,75.04
453.99,20.14,46.93,1014.66,64.22
436.03,24.34,73.5,1011.31,84.15
451.28,25.71,58.59,1012.77,61.83
433.99,26.19,69.34,1009.48,87.59
462.19,21.42,43.79,1015.76,43.08
472.17,18.21,45.0,1022.86,48.84
485.87,11.04,41.74,1022.6,77.51
459.85,14.45,52.75,1023.97,63.59
464.3,13.97,38.47,1015.15,55.28
468.27,17.76,42.42,1009.09,66.26
495.24,5.41,40.07,1019.16,64.77
483.8,7.76,42.28,1008.52,83.31
446.22,27.23,63.9,1014.3,47.19
436.06,27.36,48.6,1003.18,54.93
437.76,27.47,70.72,1009.97,74.62
462.72,14.6,39.31,1011.11,72.52
479.08,7.91,39.96,1023.57,88.44
484.41,5.81,35.79,1012.14,92.28
439.17,30.53,65.18,1012.69,41.85
444.26,23.87,63.94,1019.02,44.28
439.42,26.09,58.41,1013.64,64.58
435.83,29.27,66.85,1011.11,63.25
428.89,27.38,74.16,1010.08,78.61
444.26,24.81,63.94,1018.76,44.51
465.86,12.75,44.03,1007.29,89.46
444.37,24.66,63.73,1011.4,74.52
463.5,16.38,47.45,1010.08,88.86
469.17,13.91,39.35,1014.69,75.51
448.86,23.18,51.3,1012.04,78.64
447.14,22.47,47.45,1007.62,76.65
469.18,13.39,44.85,1017.24,80.44
481.83,9.28,41.54,1018.33,79.89
475.01,11.82,42.86,1014.12,88.28
482.2,10.27,40.64,1020.63,84.6
444.26,22.92,63.94,1019.28,42.69
461.33,16.0,37.87,1020.24,78.41
463.72,21.22,43.43,1010.96,61.07
459.48,13.46,44.71,1014.51,50.0
473.05,9.39,40.11,1029.14,77.29
432.06,31.07,73.5,1010.58,43.66
467.41,12.82,38.62,1018.71,83.8
432.75,32.57,78.92,1011.6,66.47
473.62,8.11,42.18,1014.82,93.09
472.3,13.92,39.39,1012.94,80.52
442.99,23.04,59.43,1010.23,68.99
442.77,27.31,64.44,1014.65,57.27
485.46,5.91,39.33,1010.18,95.53
447.46,25.26,61.08,1013.68,71.72
446.11,27.97,58.84,1002.25,57.88
441.15,26.08,52.3,1007.03,63.34
446.22,29.01,65.71,1013.61,48.07
471.49,12.18,40.1,1016.67,91.87
463.5,13.76,45.87,1008.89,87.27
439.42,25.5,58.79,1016.02,64.4
441.03,28.26,65.34,1014.56,43.4
452.68,21.39,62.96,1019.49,72.24
475.32,7.26,40.69,1020.43,90.22
474.12,10.54,34.03,1018.71,74.0
436.64,27.71,74.34,998.14,71.85
438.65,23.11,68.3,1017.83,86.62
476.8,7.51,41.01,1024.61,97.41
437.73,26.46,74.67,1016.65,84.44
430.57,29.34,74.34,998.58,81.55
475.72,10.32,42.28,1008.82,75.66
443.23,22.74,61.02,1009.56,79.41
464.3,13.48,39.85,1012.71,58.91
431.24,25.52,69.75,1010.36,90.06
439.03,21.58,67.25,1017.39,79.0
436.64,27.66,76.86,1001.31,69.47
434.72,26.96,69.45,1013.89,51.47
468.75,12.29,42.18,1016.53,83.13
462.19,15.86,43.02,1012.18,40.33
465.48,13.87,45.08,1024.42,81.69
438.23,24.09,73.68,1014.93,94.55
441.83,20.45,69.45,1012.53,91.81
475.64,15.07,39.3,1019.0,63.62
431.59,32.72,69.75,1009.6,49.35
459.12,18.23,58.96,1015.55,69.61
427.22,35.56,68.94,1006.56,38.75
459.8,18.36,51.43,1010.57,90.17
440.43,26.35,64.05,1009.81,81.24
442.84,25.92,60.95,1014.62,48.46
469.17,8.01,41.66,1014.49,76.72
459.12,19.63,52.72,1025.09,51.16
445.04,20.02,67.32,1012.05,76.34
480.8,10.08,40.72,1022.7,67.3
425.5,27.23,66.48,1005.23,52.38
444.37,23.37,63.77,1013.42,76.44
450.81,18.74,59.21,1018.3,91.55
465.05,14.81,43.69,1017.19,71.9
452.17,23.1,51.3,1011.93,80.05
478.29,10.72,41.38,1021.6,63.77
428.54,29.46,71.94,1006.96,62.26
475.32,8.1,40.64,1020.66,89.04
435.39,27.29,62.66,1007.63,58.02
457.32,17.1,49.69,1005.53,81.82
471.32,11.49,44.2,1018.79,91.14
442.19,23.69,65.59,1010.85,88.92
471.95,13.51,40.89,1011.03,84.83
479.81,9.64,39.35,1015.1,91.76
435.38,25.65,78.92,1010.83,86.56
446.58,21.59,61.87,1011.18,57.21
437.76,27.98,58.33,1013.92,54.25
459.36,18.8,39.72,1001.24,63.8
475.98,18.28,44.71,1016.99,33.71
460.76,13.55,43.48,1016.08,67.25
450.6,22.99,46.21,1010.71,60.11
446.8,23.94,59.39,1014.32,74.55
475.64,13.74,34.03,1018.69,67.34
462.19,21.3,41.1,1001.86,42.75
432.21,27.54,66.93,1017.06,55.2
440.43,24.81,63.73,1009.34,83.61
482.98,4.97,42.85,1014.02,88.78
460.44,15.22,50.88,1014.19,100.12
444.97,23.88,54.2,1012.81,64.52
432.33,33.01,68.67,1005.2,51.41
437.73,25.98,73.18,1012.28,85.78
434.48,28.18,73.88,1005.89,75.41
442.33,21.67,60.84,1017.93,81.63
457.67,17.67,45.09,1014.26,51.92
454.66,21.37,57.76,1018.8,70.12
432.21,28.69,67.25,1017.71,53.83
457.66,16.61,43.77,1012.25,77.23
443.94,27.91,63.76,1010.27,65.67
446.79,20.97,47.43,1007.64,71.18
469.22,10.8,41.66,1013.79,81.96
451.69,20.61,62.91,1013.24,79.54
442.84,25.45,57.32,1011.7,47.09
435.83,30.16,69.34,1007.67,57.69
472.52,4.99,39.04,1020.45,78.89
480.35,10.51,44.78,1012.59,85.29
438.03,33.79,69.05,1001.62,40.13
452.66,21.34,59.8,1016.92,77.06
448.37,23.4,65.06,1014.32,67.38
433.24,32.21,68.14,1003.34,62.44
463.71,14.26,42.32,1016.0,77.43
441.93,27.71,66.93,1016.85,58.77
454.66,21.95,57.76,1018.02,67.72
444.26,25.76,63.94,1018.49,42.14
438.65,23.68,68.3,1017.93,84.16
480.15,8.28,40.77,1011.55,89.79
448.37,23.44,62.52,1016.46,67.21
443.04,25.32,48.41,1008.47,72.14
485.46,3.94,39.9,1008.06,97.49
455.75,17.3,57.76,1016.26,87.74
455.86,18.2,49.39,1018.83,96.3
453.99,21.43,46.97,1013.94,61.25
479.11,11.16,40.05,1014.95,88.38
432.84,30.38,74.16,1007.44,74.77
448.37,23.36,62.52,1016.18,68.18
447.06,21.69,47.45,1007.56,77.2
443.53,23.62,49.21,1014.1,49.54
439.66,21.87,61.45,1011.13,92.22
434.01,29.25,66.51,1015.53,33.65
447.31,20.03,66.86,1013.05,64.59
457.07,18.14,49.78,1002.95,100.09
455.38,24.23,56.89,1012.32,68.04
459.48,18.11,44.85,1014.48,48.94
481.46,6.57,43.65,1018.24,74.47
469.18,12.56,43.41,1016.93,81.02
477.16,13.4,41.58,1020.5,71.17
442.87,27.1,52.84,1006.28,53.85
465.81,14.28,42.74,1028.79,70.67
468.8,16.29,44.34,1019.49,59.36
432.84,31.24,71.98,1004.66,57.17
473.78,10.57,37.73,1024.36,70.29
465.48,13.8,44.21,1022.93,83.37
437.73,25.3,71.58,1010.18,87.36
460.44,18.06,50.16,1009.52,100.09
444.51,25.42,59.04,1011.98,68.78
469.3,15.07,40.69,1015.29,70.98
466.56,11.75,71.14,1019.36,75.68
443.53,20.23,52.05,1012.15,47.49
444.14,27.31,59.54,1006.24,71.99
433.24,28.57,69.84,1003.57,66.55
452.55,17.9,43.72,1008.64,74.73
445.23,23.83,71.37,1002.04,64.78
434.48,27.92,74.99,1005.47,75.13
454.97,17.34,44.78,1007.81,56.38
446.09,17.94,63.07,1012.42,94.35
483.8,6.4,39.9,1007.75,86.55
472.3,11.78,39.96,1011.37,82.95
452.03,20.28,57.25,1010.12,88.42
443.41,21.04,54.2,1012.26,85.61
441.93,25.11,67.32,1014.49,58.39
434.75,30.28,70.98,1007.51,74.28
480.25,8.14,36.24,1013.15,87.85
466.68,16.86,39.63,1004.47,83.5
495.24,6.25,40.07,1020.19,65.24
455.71,22.35,54.42,1012.46,75.01
450.75,17.98,56.85,1012.28,84.52
453.29,21.19,42.48,1013.43,80.52
450.71,20.94,44.89,1009.64,75.14
446.48,24.23,58.79,1009.8,75.75
452.66,19.18,58.2,1017.46,76.72
443.41,20.88,57.85,1012.39,85.47
441.73,23.67,63.86,1019.67,57.95
465.09,14.12,39.52,1018.41,78.32
447.28,25.23,64.63,1020.59,52.2
488.56,6.54,39.33,1011.54,93.69
447.26,20.08,62.52,1017.99,75.74
444.72,24.67,63.56,1013.75,67.56
436.48,27.82,79.74,1008.37,69.46
459.59,15.55,42.03,1017.41,74.58
442.56,24.26,69.51,1013.43,53.23
479.62,13.45,41.49,1020.19,88.72
479.13,11.06,40.64,1021.47,96.16
441.15,24.91,52.3,1008.72,68.26
452.03,22.39,59.04,1011.78,86.39
475.4,11.95,40.69,1015.62,85.34
469.3,14.85,40.69,1014.91,72.64
463.57,10.11,41.62,1017.17,97.82
435.13,23.67,68.67,1006.71,77.22
465.23,16.14,44.21,1020.36,80.59
459.48,15.11,43.13,1014.99,46.91
447.67,24.14,59.87,1018.47,57.76
432.21,30.08,67.25,1017.6,53.09
465.23,14.77,44.9,1020.5,84.31
440.6,27.6,69.34,1009.63,71.58
462.88,13.89,44.84,1023.66,92.97
438.5,26.85,75.6,1017.43,74.55
490.78,12.41,40.96,1023.36,78.96
475.64,13.08,41.74,1020.75,64.44
456.8,18.93,44.06,1017.58,68.23
452.38,20.5,49.69,1009.6,70.81
435.83,30.72,69.13,1009.94,61.66
479.25,7.55,39.22,1014.53,77.76
466.66,13.49,44.47,1030.46,69.49
462.59,15.62,40.12,1013.03,96.26
447.82,24.8,64.63,1020.69,55.74
462.73,10.03,41.62,1014.55,95.61
447.98,22.43,63.21,1012.06,84.75
462.72,14.95,39.31,1009.15,75.3
447.49,24.78,58.46,1016.82,67.5
444.69,23.2,48.41,1008.64,80.92
465.09,14.01,39.0,1016.73,79.23
439.03,19.4,64.63,1020.38,81.1
434.01,30.15,67.32,1013.83,32.8
480.41,6.91,36.08,1021.82,84.31
441.61,29.04,60.07,1015.42,46.15
446.82,26.02,63.07,1010.94,53.96
463.27,5.89,39.48,1005.11,59.83
437.76,26.52,71.64,1008.27,75.3
441.03,28.53,68.08,1013.27,42.53
464.19,16.59,39.54,1007.97,70.58
442.19,22.95,67.79,1009.89,91.69
446.79,23.96,47.43,1008.38,63.55
457.26,17.48,44.2,1018.89,61.51
482.57,6.69,43.65,1020.14,69.55
476.03,10.25,41.26,1007.44,98.08
428.89,28.87,72.58,1008.69,79.34
472.7,12.04,40.23,1018.07,81.28
447.5,22.58,52.3,1009.04,78.99
457.26,15.12,52.05,1014.63,80.38
440.42,25.48,58.95,1017.02,51.16
428.41,27.87,70.79,1003.96,72.17
438.5,23.72,70.47,1010.65,75.39
444.14,25.0,59.43,1007.84,68.91
476.29,8.42,40.64,1022.35,96.38
448.46,22.46,58.49,1011.5,70.54
438.99,29.92,57.19,1008.62,45.8
473.71,11.68,39.22,1017.9,57.95
462.16,14.04,42.44,1012.74,81.89
448.69,19.86,59.14,1016.12,69.32
441.93,25.99,68.08,1013.13,59.14
443.23,23.42,58.79,1009.74,81.54
479.91,10.6,40.22,1011.37,85.81
446.76,20.97,61.87,1011.45,65.41
472.3,14.14,39.82,1012.46,81.15
471.58,8.56,40.71,1021.27,95.87
435.53,24.86,72.39,1001.15,90.24
432.84,29.0,77.54,1011.33,75.13
437.33,27.59,71.97,1008.64,88.22
469.22,10.45,40.71,1015.68,81.48
475.32,8.51,40.78,1023.51,89.84
439.17,29.82,66.51,1010.98,43.57
446.76,22.56,62.26,1012.11,63.16
473.71,11.38,39.22,1018.62,57.14
452.66,20.25,57.76,1016.28,77.76
440.99,22.42,59.43,1007.12,90.56
463.72,14.85,38.91,1014.48,60.98
444.14,25.62,58.82,1010.02,70.31
459.1,19.85,56.53,1020.57,74.05
467.87,13.67,54.3,1015.92,75.42
435.21,24.39,70.72,1009.78,82.25
471.36,16.07,44.58,1019.52,67.95
476.03,11.6,39.1,1009.81,100.09
431.59,31.38,70.83,1010.35,47.28
436.64,29.91,76.86,998.59,72.41
447.61,19.67,59.39,1014.07,77.67
447.31,27.18,64.79,1016.27,63.7
447.5,21.39,52.3,1009.2,79.77
465.74,10.45,41.01,1020.57,93.84
443.41,19.46,56.89,1014.02,84.95
452.68,23.55,62.96,1020.16,70.16
447.98,23.35,63.47,1011.78,84.24
472.16,9.26,41.66,1016.87,73.32
475.4,10.3,41.46,1018.21,86.17
455.16,20.94,58.16,1016.88,65.43
435.53,23.13,71.25,1002.49,94.59
475.4,12.77,41.5,1014.13,86.8
435.83,28.29,69.13,1009.29,58.18
450.81,19.13,59.21,1018.32,89.66
437.73,24.44,73.5,1011.49,87.39
462.19,20.32,44.6,1015.16,36.35
442.86,20.54,69.05,1001.6,79.62
482.99,12.16,45.0,1021.51,50.52
440.0,28.09,65.27,1013.27,51.96
477.97,9.25,41.82,1033.25,74.73
448.86,21.75,49.82,1015.01,78.33
444.77,23.7,66.56,1002.07,85.19
467.41,16.22,37.87,1022.36,83.13
442.56,24.75,69.45,1013.97,53.49
479.91,10.48,39.58,1011.81,88.86
428.54,29.53,70.79,1003.7,60.89
473.71,12.59,39.72,1017.76,61.14
455.38,23.5,54.42,1012.31,68.29
435.39,29.01,66.56,1006.44,57.62
480.35,9.75,42.49,1010.57,83.63
455.56,19.55,56.53,1020.2,78.1
447.66,21.05,58.33,1013.14,66.34
435.13,24.72,68.67,1006.74,79.02
448.69,21.19,58.86,1014.19,68.96
479.08,10.77,41.54,1019.94,71.13
437.33,28.68,73.77,1004.72,87.01
431.8,29.87,73.91,1004.53,74.3
435.13,22.99,68.67,1006.65,77.62
447.67,24.66,60.29,1018.0,59.56
441.06,32.63,69.89,1013.85,41.66
432.84,31.38,72.29,1008.73,73.27
439.86,23.87,60.27,1018.94,77.16
439.42,25.6,59.15,1013.31,67.02
434.72,27.62,71.14,1011.6,52.8
434.01,30.1,67.45,1014.23,39.04
475.64,12.19,41.17,1019.43,65.47
467.9,13.11,41.58,1020.43,74.32
432.7,28.29,68.67,1005.46,69.22
471.49,13.45,40.73,1018.7,93.88
479.08,10.98,41.54,1019.94,69.83
435.76,26.48,69.14,1009.31,84.11
469.18,13.07,45.51,1015.22,78.65
434.0,25.56,75.6,1017.37,69.31
441.15,22.68,50.78,1008.83,70.3
432.12,28.86,73.67,1006.65,68.23
447.43,22.7,63.56,1014.32,71.76
430.57,27.89,73.21,1001.32,85.88
467.22,13.78,44.47,1027.94,71.09
445.33,28.14,51.43,1012.16,52.67
475.01,11.8,45.09,1013.21,89.68
472.16,10.71,39.61,1018.72,73.66
447.67,24.54,60.29,1017.42,58.94
479.11,11.54,40.05,1014.78,87.05
434.66,29.47,71.32,1008.07,67.0
438.03,29.24,69.05,1003.12,43.18
459.14,14.51,41.79,1009.72,80.62
446.19,22.91,60.07,1016.03,59.72
435.02,27.02,71.77,1006.38,72.1
466.66,13.49,44.47,1030.18,69.15
432.21,30.24,66.75,1017.95,55.66
445.52,23.19,48.6,1002.38,61.19
462.69,17.73,40.55,1003.36,74.62
455.75,18.62,61.27,1019.26,73.35
460.76,12.85,40.0,1015.89,68.85
441.06,32.33,69.68,1011.95,39.89
440.42,25.09,58.95,1016.99,53.16
432.69,29.45,69.13,1009.3,52.97
453.29,16.91,43.96,1013.32,79.87
465.6,14.09,45.87,1009.05,84.09
469.43,10.73,25.36,1009.35,100.15
440.75,23.2,49.3,1003.4,79.77
481.32,8.21,38.91,1015.82,88.99
485.87,9.3,40.56,1022.64,76.14
464.19,16.97,39.16,1005.7,69.13
433.72,23.69,71.97,1009.62,93.03
443.23,25.13,59.44,1012.38,77.92
469.17,9.86,43.56,1015.13,74.89
475.01,11.33,41.5,1013.58,88.7
446.79,26.95,48.41,1008.53,62.94
474.28,15.0,40.66,1016.28,89.62
451.69,20.76,62.52,1015.63,81.04
463.04,14.29,39.59,1010.93,94.53
445.23,19.74,67.71,1007.68,64.02
444.14,26.68,59.92,1009.94,70.57
477.16,14.24,41.4,1019.7,70.32
444.6,21.98,48.41,1008.42,84.86
442.33,22.75,59.39,1015.4,81.41
475.32,8.34,40.96,1023.28,89.45
468.75,11.8,41.2,1017.18,82.71
479.24,8.81,44.68,1023.06,93.93
435.45,30.05,73.68,1014.95,70.6
447.47,16.01,65.46,1014.0,87.68
452.03,21.75,58.79,1012.42,87.58
467.9,13.94,41.26,1021.67,74.4
426.29,29.25,69.13,1010.27,67.35
446.79,22.33,45.87,1007.8,63.61
463.86,16.43,41.79,1005.47,76.89
459.14,11.5,40.22,1010.31,78.08
437.48,23.53,68.94,1007.53,69.17
443.53,21.86,49.21,1014.61,53.31
488.56,6.17,39.33,1012.57,93.32
438.41,30.19,64.79,1017.22,42.47
480.26,11.67,41.93,1019.81,82.58
464.58,15.34,36.99,1007.87,94.59
474.51,11.5,40.78,1023.91,86.31
444.14,25.53,57.17,1010.0,72.57
452.66,21.27,57.5,1014.53,80.76
440.6,28.37,69.13,1010.44,71.93
445.33,28.39,51.43,1011.74,47.54
462.88,13.78,45.78,1025.27,95.72
464.67,14.6,42.32,1015.71,77.03
489.96,5.1,35.57,1027.17,80.49
482.38,7.0,38.08,1020.27,77.67
436.03,26.3,77.95,1009.45,78.72
430.45,30.56,71.98,1004.74,58.77
450.71,21.09,46.63,1013.03,74.8
442.47,28.21,70.02,1010.58,51.34
462.6,15.84,49.69,1015.14,90.41
479.62,10.03,40.96,1024.57,91.1
456.11,20.37,52.05,1012.34,62.57
450.33,21.19,50.16,1005.81,84.27
436.95,33.73,69.88,1007.21,42.93
433.43,29.87,73.68,1015.1,40.96
455.75,19.62,62.96,1020.76,76.53
485.23,9.93,40.67,1018.08,69.74
479.25,9.43,37.14,1013.03,74.99
479.28,14.24,39.58,1011.17,70.45
452.07,12.97,49.83,1008.69,91.49
475.32,7.6,41.04,1021.82,88.97
480.25,8.39,36.24,1013.39,89.13
448.43,25.41,48.06,1013.12,46.52
458.29,18.43,56.03,1020.41,60.55
479.92,10.31,39.82,1012.87,88.71
475.01,11.29,41.5,1013.39,89.15
450.33,22.61,49.3,1003.51,83.02
431.8,29.34,71.98,1005.19,75.19
444.77,18.87,67.71,1004.0,87.35
463.5,13.21,45.87,1008.58,85.66
471.32,11.3,44.6,1018.19,91.66
431.0,29.23,72.99,1007.04,63.47
428.41,27.76,69.4,1004.27,72.25
440.6,29.26,67.17,1006.6,70.58
452.33,25.72,49.82,1016.19,60.1
439.66,23.43,63.94,1010.64,89.29
444.72,25.6,63.76,1010.18,67.43
446.79,22.3,44.57,1008.48,67.58
435.45,27.91,72.24,1010.74,70.8
432.75,30.35,77.17,1009.55,63.62
446.79,21.78,47.43,1007.88,66.68
481.32,7.19,41.39,1018.12,90.76
447.61,20.88,59.8,1015.66,75.34
452.33,24.19,50.23,1015.73,59.77
480.26,9.98,41.54,1019.7,80.79
455.71,23.47,51.3,1011.89,74.1
458.41,26.35,49.5,1012.67,41.34
435.39,29.89,64.69,1006.37,58.78
459.42,19.29,50.16,1010.49,97.78
459.59,17.48,43.14,1018.68,74.85
434.0,25.21,75.6,1017.19,69.84
441.08,23.3,48.78,1018.17,75.36
471.05,15.42,37.85,1009.89,85.8
444.19,21.44,63.09,1016.56,90.11
435.83,29.45,68.27,1007.96,61.63
439.5,29.69,47.93,1002.85,44.76
471.05,15.52,36.99,1006.86,89.7
475.72,11.47,43.67,1012.68,72.51
477.51,9.77,34.69,1027.72,74.98
435.13,22.6,69.84,1006.37,79.59
477.9,8.24,39.61,1017.99,78.42
457.26,17.01,44.2,1019.18,61.23
459.48,19.64,44.6,1015.88,47.56
465.15,10.61,41.58,1021.08,93.06
474.28,12.04,40.1,1014.42,89.65
444.49,29.19,65.71,1013.85,50.5
462.19,21.75,45.09,1014.15,44.84
435.38,23.66,77.54,1008.5,85.32
431.51,27.05,75.33,1003.88,82.94
434.66,29.63,69.71,1009.04,67.26
468.49,18.2,39.63,1005.35,79.05
433.07,32.22,70.8,1009.9,62.03
436.53,26.88,73.56,1004.85,94.36
433.36,29.05,65.74,1013.29,60.02
474.49,8.9,39.96,1026.31,95.46
449.74,18.93,48.6,1005.72,84.92
443.94,27.49,63.76,1010.09,62.8
435.53,23.1,70.79,1006.53,90.81
481.83,11.22,43.13,1017.24,80.9
435.99,31.97,79.74,1007.03,55.84
462.72,13.32,43.22,1009.45,75.3
427.22,31.68,68.24,1005.29,37.34
446.4,23.69,63.77,1013.39,79.5
465.23,13.83,41.49,1020.11,87.29
447.47,18.32,66.51,1015.18,81.5
469.53,11.05,40.71,1024.91,76.42
445.04,22.03,64.69,1007.21,75.75
482.2,10.23,41.46,1020.45,84.95
433.38,23.92,66.54,1009.93,62.37
431.59,29.38,69.68,1011.35,49.25
462.4,17.35,42.86,1014.62,74.16
471.32,9.81,44.45,1021.19,90.55
485.43,4.97,40.64,1020.91,94.28
495.24,5.15,40.07,1012.27,63.31
446.48,21.54,58.49,1010.85,78.9
480.53,7.94,42.02,1006.22,90.97
462.6,18.77,50.66,1014.89,87.34
435.21,21.69,69.94,1010.7,80.8
477.52,10.07,44.68,1023.44,90.95
479.28,13.83,39.64,1012.52,69.97
477.78,10.45,39.69,1003.92,89.45
469.17,11.56,40.71,1015.85,76.08
435.21,23.64,70.04,1011.09,83.35
477.78,10.48,40.22,1004.81,92.16
464.3,13.09,39.85,1012.86,58.42
475.4,10.67,40.23,1017.75,85.06
479.11,12.57,39.16,1016.53,88.91
462.16,14.45,43.34,1015.47,83.33
471.05,14.22,37.85,1011.24,88.49
484.71,6.97,41.26,1010.6,96.88
447.26,20.61,63.86,1015.43,73.86
463.27,14.67,42.28,1007.21,65.17
432.12,29.06,72.86,1004.23,69.41
466.56,14.38,40.1,1015.51,81.23
429.66,32.51,69.98,1013.29,54.07
469.08,11.79,45.09,1013.16,89.17
485.87,8.65,40.56,1023.23,78.85
472.32,9.75,40.81,1026.0,84.44
473.05,9.11,40.02,1031.1,83.02
434.5,23.39,69.13,1010.99,90.66
467.87,14.3,54.3,1015.16,75.29
442.33,17.49,63.94,1020.02,82.6
431.59,31.1,69.51,1010.84,45.4
457.09,19.77,56.65,1020.67,66.33
432.06,28.61,72.29,1011.61,45.33
460.76,13.52,41.48,1014.46,67.12
471.95,13.52,40.83,1008.31,84.14
453.29,17.57,46.21,1014.09,80.81
441.61,28.18,60.07,1016.34,49.13
469.08,14.29,46.18,1017.01,87.29
457.67,18.12,43.69,1016.91,52.95
432.12,31.27,73.91,1003.72,68.92
437.73,26.24,77.95,1014.19,85.21
479.08,7.44,41.04,1021.84,88.56
436.39,29.78,74.78,1009.28,55.09
444.26,23.37,65.46,1016.25,48.64
479.91,10.62,39.58,1011.9,87.85
489.05,5.84,43.02,1013.88,87.42
459.01,14.51,53.82,1016.46,62.75
471.26,11.31,42.02,1001.18,94.86
460.76,11.25,40.67,1011.64,63.54
473.78,9.18,39.42,1025.41,69.46
452.66,19.82,58.16,1016.76,74.66
446.4,24.77,58.41,1013.78,80.57
482.2,9.66,41.06,1021.21,84.7
443.5,21.96,59.8,1016.72,72.6
464.48,18.59,43.14,1011.92,52.63
438.65,24.75,69.89,1015.29,82.01
444.37,24.37,63.47,1012.77,75.22
442.47,29.6,67.79,1010.37,51.05
446.4,25.32,61.25,1011.56,80.1
466.56,16.15,41.85,1016.54,81.58
466.56,15.74,71.14,1019.65,65.94
481.28,5.97,36.25,1029.65,86.74
459.85,15.84,52.72,1026.45,62.57
468.8,14.84,44.63,1019.28,57.37
463.4,12.25,48.79,1017.44,88.91
440.6,27.38,70.04,1011.18,72.26
481.46,8.76,41.48,1018.49,74.98
464.19,15.54,39.31,1009.69,71.19
463.72,18.71,39.39,1014.09,62.82
464.3,13.06,41.78,1012.3,55.31
479.28,12.72,40.71,1016.02,71.57
463.72,19.83,39.39,1013.73,59.16
458.41,27.23,49.16,1004.03,40.8
445.23,24.27,68.28,1005.43,67.63
463.57,11.8,40.66,1017.13,97.2
474.49,6.76,36.25,1028.31,91.16
443.94,25.99,63.07,1012.5,64.81
464.11,16.3,39.63,1004.64,85.61
455.86,16.5,49.39,1018.35,93.42
459.14,10.59,42.49,1009.59,77.36
443.94,26.05,65.59,1012.78,67.03
464.11,19.5,40.79,1003.8,89.45
450.6,22.21,45.01,1012.22,54.84
472.17,17.86,45.0,1023.25,53.48
432.69,29.96,70.04,1010.15,54.47
462.19,19.08,44.63,1020.14,43.36
443.53,23.59,47.43,1006.64,48.92
488.92,3.38,39.64,1011.0,81.22
433.36,26.39,66.49,1012.96,60.35
482.38,8.99,39.04,1021.99,75.98
469.53,10.91,41.04,1026.57,74.24
472.3,13.08,39.82,1012.27,85.21
447.49,23.95,58.46,1017.5,68.46
462.55,15.64,43.71,1024.51,78.31
448.04,18.78,54.2,1012.05,89.25
452.38,20.65,50.59,1016.22,68.57
474.12,4.96,40.07,1011.8,67.38
444.58,23.51,57.32,1012.55,53.6
484.41,5.99,35.79,1011.56,91.69
439.03,23.65,66.05,1019.6,78.21
485.46,5.17,39.33,1009.68,94.19
458.41,26.38,49.5,1012.82,37.19
489.05,6.02,43.65,1013.85,83.53
443.23,23.2,61.02,1009.63,79.45
474.29,8.57,39.69,1000.91,99.9
430.28,30.72,71.58,1009.98,50.39
455.71,21.52,50.66,1013.56,74.33
447.98,22.93,62.26,1011.25,83.66
485.83,5.71,41.31,1003.24,89.48
463.88,18.62,44.06,1017.76,64.59
435.04,27.88,68.94,1007.68,75.68
451.21,22.32,59.8,1016.82,64.18
465.81,14.55,42.74,1028.41,70.09
458.42,17.83,44.92,1025.04,70.58
470.22,9.68,39.96,1026.09,99.28
449.24,19.41,49.39,1020.84,81.89
471.43,13.22,44.92,1023.84,87.99
471.43,12.24,44.92,1023.74,88.21
452.03,19.21,58.49,1011.7,91.29
432.69,29.74,70.32,1008.1,52.72
444.13,23.28,60.84,1017.91,67.5
474.49,8.02,41.92,1029.8,92.05
445.52,22.47,48.6,1002.33,63.23
436.53,27.51,73.77,1002.42,90.88
452.55,17.51,44.9,1009.05,74.91
444.77,23.22,66.56,1002.47,85.39
479.13,11.73,40.64,1020.68,96.98
441.71,21.19,67.71,1006.65,56.28
495.24,5.48,40.07,1019.63,65.62
445.63,24.26,66.44,1011.33,55.32
475.01,12.32,41.62,1012.88,88.88
438.03,31.26,68.94,1005.94,39.49
425.5,32.09,72.86,1003.47,54.59
444.67,24.98,60.32,1015.63,57.19
442.89,27.48,61.41,1012.2,45.06
462.19,21.04,45.09,1014.19,40.62
436.53,27.75,70.4,1006.65,90.21
435.53,22.79,71.77,1005.75,90.91
438.5,24.22,68.51,1013.23,74.96
446.82,27.06,64.45,1008.72,54.21
427.49,29.25,71.94,1007.18,63.62
444.49,26.86,68.08,1012.99,50.04
442.47,29.64,67.79,1009.99,51.23
451.69,19.92,63.31,1015.02,82.71
459.42,18.5,51.43,1010.82,92.04
439.66,23.71,60.23,1009.76,90.67
471.43,14.39,44.84,1023.55,91.14
459.1,19.3,56.65,1020.55,70.43
444.97,24.65,52.36,1014.76,66.63
469.08,13.5,45.51,1015.33,86.95
476.03,9.82,41.26,1007.71,96.69
456.8,18.4,44.06,1017.36,70.88
443.53,28.12,44.89,1009.18,47.14
463.88,17.15,43.69,1017.05,63.36
430.45,30.69,73.67,1006.14,60.58
440.0,28.82,65.71,1014.24,54.3
452.38,21.3,48.92,1010.92,65.09
431.59,30.58,70.04,1010.4,48.16
447.5,21.17,52.3,1009.36,81.51
466.66,9.87,41.82,1033.04,68.57
443.5,22.18,59.8,1016.77,73.16
446.4,24.39,63.21,1012.59,80.88
472.32,10.73,44.92,1025.1,85.4
477.9,9.38,40.46,1019.29,75.77
452.66,20.27,57.76,1016.66,75.76
437.48,24.82,66.48,1006.4,70.21
464.48,16.55,41.66,1011.45,55.53
445.18,20.73,59.87,1019.08,80.48
474.12,9.51,39.22,1015.3,72.41
469.22,8.63,43.79,1016.08,83.25
488.92,6.48,40.27,1010.55,82.12
462.88,14.95,43.52,1022.43,94.75
481.4,5.76,45.87,1010.83,95.79
474.51,10.94,39.04,1021.81,86.02
463.86,15.87,41.16,1005.85,78.29
472.3,12.42,38.25,1012.76,82.23
446.51,29.12,58.84,1001.31,52.86
442.87,29.12,51.43,1005.93,60.66
458.94,19.08,41.1,1001.96,62.77
434.66,31.06,67.17,1007.62,65.54
485.46,5.72,39.33,1009.96,95.4
440.0,26.52,65.06,1013.4,51.78
463.27,13.84,44.9,1007.58,63.62
467.41,13.03,39.52,1016.68,83.09
433.38,25.94,66.49,1012.83,61.81
459.01,16.64,53.82,1015.13,68.24
469.3,14.13,40.75,1016.05,72.41
472.3,13.65,39.28,1012.97,79.64
466.66,14.5,44.47,1028.2,66.95
459.42,19.8,51.19,1008.25,91.98
443.94,25.2,63.76,1009.78,64.96
459.8,20.66,51.19,1008.81,88.93
472.32,12.07,43.71,1025.53,85.62
441.68,25.64,70.72,1010.16,84.0
437.73,23.33,72.99,1009.33,89.41
439.76,29.41,64.05,1009.82,67.4
457.26,16.6,53.16,1014.5,76.75
437.33,27.53,72.58,1009.13,89.06
468.27,20.62,43.43,1009.93,64.02
435.21,26.02,71.94,1009.38,64.12
469.18,12.75,44.2,1017.59,81.22
460.44,12.87,48.04,1012.47,100.13
442.83,25.77,62.96,1019.86,58.07
463.88,14.84,41.48,1017.26,63.42
485.5,7.41,40.71,1023.07,83.32
477.97,8.87,41.82,1033.3,74.28
472.16,9.69,40.46,1019.1,71.91
469.08,16.17,46.97,1014.22,85.8
445.33,26.24,49.82,1014.9,55.58
479.28,13.78,43.22,1011.31,69.7
445.23,26.3,67.07,1006.26,63.79
455.75,17.37,57.76,1016.0,86.59
448.43,23.6,48.98,1015.41,48.28
482.38,8.3,36.08,1020.63,80.42
457.07,18.86,42.18,1001.16,98.58
451.0,22.12,49.39,1019.8,72.83
432.21,28.41,75.6,1018.48,56.07
437.47,29.42,71.32,1002.26,67.13
444.77,18.61,67.71,1004.07,84.49
432.7,27.57,69.84,1004.91,68.37
475.4,12.83,41.5,1013.12,86.07
478.37,9.64,39.85,1012.9,83.82
447.61,19.13,58.66,1013.32,74.86
472.17,15.92,40.56,1020.79,53.52
434.54,24.64,72.24,1011.37,80.61
442.89,27.62,63.9,1013.11,43.56
480.25,8.9,36.24,1013.29,89.35
471.58,9.55,43.99,1020.5,97.28
485.87,10.57,36.71,1022.62,80.49
452.03,19.8,57.25,1010.84,88.9
444.58,25.63,56.85,1012.68,49.7
447.49,24.7,58.46,1015.58,68.64
460.44,15.26,46.18,1013.68,98.58
450.88,20.06,52.84,1004.21,82.12
447.61,19.84,56.89,1013.23,78.32
465.23,11.49,44.63,1020.44,86.04
435.53,23.74,72.43,1007.99,91.36
448.27,22.62,51.3,1012.36,81.02
431.69,29.53,72.39,998.47,76.05
449.09,21.32,48.14,1016.57,71.81
442.33,20.3,58.46,1015.93,82.13
460.21,16.97,44.92,1025.21,74.27
479.28,12.07,41.17,1013.54,71.32
477.97,7.46,41.82,1032.67,74.59
450.75,19.2,54.2,1011.46,84.44
437.97,28.64,66.54,1010.43,43.39
459.76,13.56,41.48,1008.53,87.2
459.59,17.4,44.9,1020.5,77.11
468.75,14.08,40.1,1015.48,82.81
433.28,27.11,69.75,1009.74,85.67
441.83,20.92,70.02,1010.23,95.58
459.59,16.18,44.9,1021.3,74.46
471.43,15.57,44.68,1022.01,90.02
473.57,10.37,39.04,1023.95,81.93
449.23,19.6,59.21,1017.65,86.29
474.51,9.22,40.92,1021.83,85.43
435.02,27.76,72.99,1007.81,71.66
435.45,28.68,70.72,1009.43,71.33
452.38,20.95,48.14,1013.3,67.72
480.41,9.06,39.3,1019.73,84.23
472.16,9.21,39.72,1019.54,74.44
467.22,13.65,42.74,1026.58,71.48
434.01,31.79,76.2,1007.89,56.3
460.76,14.32,44.6,1013.85,68.13
435.02,26.28,75.23,1011.44,68.35
489.05,7.69,43.02,1014.51,85.23
466.56,14.44,40.1,1015.51,79.78
476.29,9.19,41.01,1022.14,98.98
467.9,13.35,41.39,1019.17,72.87
437.73,23.04,74.22,1009.52,90.93
474.12,4.83,38.44,1015.35,72.94
469.3,17.29,42.86,1014.38,72.3
479.25,8.73,36.18,1013.66,77.74
435.04,26.21,70.32,1007.0,78.29
447.49,23.72,58.62,1016.65,69.1
435.39,29.27,64.69,1006.85,55.79
469.53,10.4,40.43,1025.46,75.09
474.28,12.19,40.75,1015.13,88.98
455.16,20.4,54.9,1016.68,64.26
427.84,34.3,74.67,1015.98,25.89
433.36,27.56,68.08,1010.8,59.18
434.66,30.9,70.8,1008.48,67.48
455.75,14.85,58.59,1014.04,89.85
472.17,16.42,40.56,1020.36,50.62
451.69,16.45,63.31,1015.96,83.97
472.17,10.14,42.02,1003.19,96.51
481.83,9.53,41.44,1018.01,80.09
458.78,17.01,49.15,1021.83,84.02
442.83,23.94,62.08,1022.47,61.97
463.4,15.95,49.25,1019.04,88.51
473.57,11.15,41.26,1022.67,81.83
433.72,25.56,70.32,1009.07,90.63
440.6,27.16,66.44,1011.2,73.37
434.54,26.71,77.95,1012.13,77.5
432.84,29.56,74.22,1007.45,57.46
430.28,31.19,70.94,1007.29,51.91
487.57,6.86,41.17,1020.12,79.14
477.16,12.36,41.74,1020.58,69.24
441.06,32.82,68.31,1010.44,41.85
433.72,25.3,70.98,1007.22,95.1
477.97,8.71,41.82,1033.08,74.53
480.8,13.34,40.8,1026.56,64.85
454.97,14.2,43.02,1012.18,57.07
447.31,23.74,65.34,1013.7,62.9
465.05,16.9,44.88,1018.14,72.21
427.49,28.54,71.94,1007.4,65.99
434.75,30.15,69.88,1007.2,73.67
459.76,14.33,42.86,1010.82,88.59
451.28,25.57,59.43,1008.88,61.19
431.59,30.55,70.04,1010.51,49.37
434.72,28.04,74.33,1013.53,48.65
442.87,26.39,49.16,1005.68,56.18
466.59,15.3,41.76,1022.57,71.56
481.28,6.03,41.14,1028.04,87.46
465.05,13.49,44.63,1019.12,70.02
447.67,27.67,59.14,1016.51,61.2
445.12,24.19,65.48,1018.8,60.54
443.5,24.44,59.14,1016.74,71.82
438.41,29.86,64.79,1017.37,44.8
434.66,30.2,69.59,1008.9,67.32
487.57,7.99,41.38,1021.95,78.77
462.73,9.93,41.62,1013.76,96.02
471.49,11.03,42.32,1017.26,90.56
447.98,22.34,63.73,1014.37,83.19
446.79,25.33,48.6,1002.54,68.45
459.42,18.87,52.08,1005.25,99.19
433.99,25.97,69.34,1009.43,88.11
462.55,16.58,43.99,1021.81,79.29
469.08,14.35,46.18,1016.63,87.76
438.31,25.06,62.39,1008.09,82.56
453.02,13.85,48.92,1011.68,79.24
460.56,16.09,44.2,1019.39,67.24
451.28,26.34,59.21,1013.37,58.98
438.31,23.01,58.79,1009.71,84.22
436.53,26.39,71.25,999.8,89.12
432.33,31.32,71.29,1008.37,50.07
460.44,16.64,45.87,1009.02,98.86
471.26,13.42,41.23,994.17,95.79
446.79,20.06,44.9,1008.79,70.06
459.48,14.8,44.71,1014.67,41.71
472.32,12.59,41.14,1025.79,86.55
428.41,26.7,66.56,1005.31,71.97
459.42,19.78,50.32,1008.62,96.4
461.89,15.17,49.15,1021.91,91.73
439.66,21.71,61.45,1010.97,91.62
463.72,19.09,39.39,1013.36,59.14
459.42,19.76,51.19,1008.38,92.56
469.25,14.68,41.23,998.43,83.71
445.63,21.3,66.86,1013.04,55.43
462.72,16.73,39.64,1008.94,74.91
474.28,12.26,41.5,1014.87,89.41
458.67,14.77,48.06,1010.92,69.81
452.03,18.26,59.15,1012.04,86.01
431.51,27.1,79.74,1005.43,86.05
469.8,14.72,40.83,1009.65,80.98
444.97,26.3,51.43,1012.05,63.62
458.67,16.48,48.92,1011.84,64.16
462.4,17.99,43.79,1016.13,75.63
447.61,20.34,59.8,1015.18,80.21
442.83,25.53,62.96,1019.81,59.7
438.99,31.59,58.9,1003.39,47.6
435.83,30.8,69.14,1007.68,63.78
477.52,10.75,45.0,1023.68,89.37
452.55,19.3,44.9,1008.89,70.55
481.28,4.71,39.42,1026.4,84.42
439.03,23.1,66.05,1020.28,80.62
432.33,32.63,73.88,1005.64,52.56
436.03,26.63,74.16,1009.72,83.26
444.14,24.35,58.49,1011.03,70.64
462.65,15.11,56.03,1020.27,89.95
439.5,29.1,50.05,1005.87,51.53
444.6,21.24,50.32,1008.54,84.83
463.27,6.16,39.48,1004.85,59.68
476.8,7.36,41.01,1024.9,97.88
474.51,10.44,39.04,1023.99,85.03
443.53,26.76,48.41,1010.53,47.38
459.48,16.79,44.6,1014.27,48.08
490.78,10.76,40.43,1025.98,79.65
480.41,6.07,38.91,1019.25,83.39
436.03,27.33,73.18,1012.26,82.18
437.76,27.15,59.21,1013.49,51.71
448.86,22.35,51.43,1011.34,77.33
447.43,21.82,65.27,1013.86,72.81
444.77,21.11,69.94,1004.37,84.26
459.27,19.95,50.59,1016.11,73.23
477.9,7.45,39.61,1017.88,79.73
463.88,15.36,41.66,1012.41,62.32
462.55,15.65,43.5,1021.39,78.58
434.54,25.31,74.33,1015.04,79.88
443.94,25.88,63.47,1011.95,65.87
446.4,24.6,63.94,1012.87,80.28
460.95,22.58,41.54,1013.21,71.33
448.69,19.69,59.14,1015.99,70.33
444.63,25.85,75.08,1006.24,57.73
476.03,10.06,37.83,1005.49,99.46
464.19,18.59,39.54,1008.56,68.61
459.42,18.27,50.16,1011.07,95.91
490.78,8.85,40.43,1025.68,80.42
442.47,30.04,68.08,1011.04,51.01
443.04,26.06,49.02,1007.59,74.08
466.68,14.8,38.73,1003.18,80.73
442.77,23.93,64.45,1015.35,54.71
442.14,23.72,66.48,1003.61,73.75
474.51,11.44,40.55,1023.37,88.43
447.26,20.28,63.86,1016.04,74.66
439.76,27.9,63.13,1011.8,70.04
443.5,24.74,59.39,1015.23,74.64
455.14,14.8,58.2,1018.29,85.11
485.5,8.22,41.03,1021.76,82.97
432.21,27.56,66.93,1016.81,55.59
432.33,32.07,70.94,1006.91,49.9
471.23,9.53,44.03,1008.87,89.99
471.49,13.61,42.34,1017.93,91.61
447.5,22.2,51.19,1009.2,82.95
446.09,21.36,59.54,1007.99,92.62
445.12,23.25,63.86,1017.82,59.64
443.31,23.5,59.21,1018.29,63.0
478.37,8.46,39.66,1015.14,85.38
480.41,8.19,40.69,1019.86,85.23
430.28,30.67,71.29,1008.36,52.08
446.48,32.48,62.04,1010.39,38.05
477.51,8.99,36.66,1028.11,71.98
452.07,13.77,47.83,1007.41,90.66
447.47,19.05,67.32,1013.2,83.14
457.09,21.19,55.5,1019.83,65.22
479.62,10.12,40.0,1021.15,91.67
452.38,24.93,47.01,1014.28,66.04
477.9,8.47,40.46,1019.87,78.19
444.58,24.52,56.85,1012.59,54.47
432.7,28.55,69.84,1003.38,67.26
455.71,20.58,50.9,1011.89,72.56
453.29,18.31,46.21,1010.46,82.15
430.66,27.18,71.06,1008.16,86.32
491.9,4.43,38.91,1019.04,88.17
435.02,26.02,74.78,1010.04,72.78
469.3,15.75,39.0,1015.91,69.58
448.37,22.99,60.95,1015.14,69.86
439.42,25.52,59.15,1013.88,65.37
440.0,27.04,65.06,1013.33,52.37
489.96,6.42,35.57,1025.58,79.63
458.1,17.04,40.12,1011.81,83.14
479.92,10.79,39.82,1012.89,88.25
458.29,20.41,56.03,1019.94,55.85
473.71,7.36,40.07,1017.29,52.55
434.0,28.08,73.42,1012.17,62.74
431.24,24.74,69.13,1010.69,90.08
439.5,28.32,47.93,1003.26,54.5
467.46,16.71,40.56,1019.48,49.88
431.59,30.7,71.58,1010.0,48.96
449.23,18.42,58.95,1016.95,86.77
471.26,10.62,42.02,999.83,96.66
442.14,22.18,69.05,1002.75,70.84
450.33,22.38,49.3,1003.56,83.83
477.16,13.94,41.58,1020.76,68.22
442.33,21.24,60.84,1017.99,82.22
481.32,6.76,39.81,1017.11,87.9
426.29,26.73,68.84,1010.75,66.83
480.41,7.24,38.06,1020.6,85.36
473.71,10.84,40.62,1015.53,60.9
450.88,19.32,52.84,1004.29,83.51
425.5,29.0,69.13,1001.22,52.96
455.71,23.38,54.42,1013.95,73.02
441.06,31.17,69.51,1010.51,43.11
445.52,26.17,48.6,1002.59,61.41
433.44,30.9,73.42,1011.21,65.32
438.23,24.92,73.68,1015.12,93.68
436.95,32.77,71.32,1007.68,42.39
477.16,14.37,40.56,1021.67,68.18
480.15,8.36,40.22,1011.6,89.18
434.66,31.45,68.27,1007.56,64.79
433.37,31.6,73.17,1010.05,43.48
453.02,17.9,48.98,1014.17,80.4
455.71,20.35,50.9,1012.6,72.43
469.25,16.21,41.23,995.88,80.0
462.19,19.36,44.6,1016.25,45.65
445.12,21.04,65.46,1017.22,63.02
469.3,14.05,40.69,1015.66,74.39
441.73,23.48,64.15,1021.08,57.77
445.04,21.91,63.76,1009.85,76.8
444.72,24.42,63.07,1011.49,67.39
467.9,14.26,40.92,1022.07,73.96
446.8,21.38,58.33,1013.05,72.75
465.05,15.71,44.06,1018.34,71.69
489.05,5.78,40.62,1016.55,84.98
481.32,6.77,39.81,1017.01,87.68
443.53,23.84,49.21,1013.85,50.36
454.66,21.17,58.16,1017.16,68.11
455.55,19.94,58.96,1014.16,66.27
472.32,8.73,41.92,1029.41,89.72
463.72,16.39,41.67,1012.96,61.07
