file,avg_distance,avg_imputed_distance,avg_ratio,std_distance,std_imputed_distance,std_ratio
dirty-mean-5.csv,0.06787115955693714,0.06913601506074561,1.0252133133587695,0.027291361496038426,0.027266221218635964,0.12045792159188645
dirty-median-5.csv,0.06488000108214959,0.06678494911937745,1.0397331541859334,0.025237473968119407,0.025050688011141194,0.13907947582978977
dirty-mode-5.csv,0.0666736099075827,0.06975743207378148,1.0711814695789792,0.02704206080738494,0.02896766890329236,0.26548711429392485
dirty-knn-5.csv,0.06585926735819925,0.06585744449690402,0.9998049486364881,0.026028984700513506,0.02605552464817284,0.0035963988157606433
dirty-hdi-5.csv,0.06024733542841903,0.0602474908711949,1.00000155662168,0.023615242343818642,0.023616479812323274,0.003010307254361297
dirty-mice-5.csv,0.06816237621656192,0.0680592484802009,0.9988791038158255,0.027657672185816492,0.027567530520144143,0.021721403647555267
dirty-iim-5.csv,0.06684792752844208,0.06688074797224934,1.0005191305594416,0.02545640100445486,0.025464068697447956,0.003152889212249647
dirty-si-5.csv,0.06715538501917004,0.06727396380761606,1.0057234820554317,0.024693502042138295,0.02427983549082401,0.0678367501327003
dirty-mfi-5.csv,0.07020360966553538,0.11888459669124296,1.8204868561022438,0.02748469489967284,0.09483688970890843,1.5612061024639459
dirty-missfi-5.csv,0.06991855338921897,0.06993912354453916,1.0004026999920081,0.025434518762103238,0.025424171044262766,0.002993915752616887
dirty-xgbi-5.csv,0.06305582716808042,0.06306793951371895,1.0001569421406908,0.023253177833726157,0.023262119706755794,0.0033410252914781217
dirty-gain-5.csv,0.058529662253853046,0.28326692004968224,5.642901162120279,0.022800114486579766,0.31682014416719695,7.379453957061191
dirty-midae-5.csv,0.06754447901612724,0.06830341352408235,1.0186379051570615,0.02514923550637667,0.02523060260003316,0.14889411123061394
dirty-mean-10.csv,0.06039137043312562,0.06469467160185535,1.0871504192237194,0.02251012579548406,0.023946295228800527,0.20963477939742206
dirty-median-10.csv,0.07657078253206166,0.07954126561192236,1.0593544511070072,0.03576449361207276,0.03588592172586881,0.2124108467634173
dirty-mode-10.csv,0.06588101088653031,0.07264740758594752,1.132193372635756,0.02391172162492333,0.028586213540288882,0.38047665157821153
dirty-knn-10.csv,0.06786629231013173,0.06788050277832272,1.0002266234633914,0.02284798606545484,0.02285606922929453,0.00599970278867934
dirty-hdi-10.csv,0.05727361457592553,0.057279499445762945,1.000130626562919,0.019983095695423305,0.01998255845406217,0.004723474670726787
dirty-mice-10.csv,0.0668904323687855,0.06686965153337902,1.0011513558266063,0.0279887300879811,0.027759956802179638,0.03172341324334075
dirty-iim-10.csv,0.0716223936232823,0.07162624683240537,1.0000056251432077,0.026072894244355913,0.0260800477697798,0.0042202582613106105
dirty-si-10.csv,0.05933765634638732,0.06115732626384297,1.0394137450547907,0.018466521957753772,0.01889866510334794,0.13448583729828167
dirty-mfi-10.csv,0.06968878835688432,0.15619513981097127,2.557189483486118,0.027398460611481167,0.13833703464960415,2.57554923313095
dirty-missfi-10.csv,0.0698395214510626,0.06985840397415295,1.0002836487308342,0.027193980670140568,0.027203616027178426,0.0034597884581539042
dirty-xgbi-10.csv,0.07076407212475055,0.07077268851780676,1.0000445806308247,0.03009051852195953,0.030103202092489165,0.005590078489442311
dirty-gain-10.csv,0.06851572372797424,0.39564638017330195,6.772968414933339,0.029364065511662804,0.4001068215222156,7.746537090220737
dirty-midae-10.csv,0.06758710020412122,0.06926468874981255,1.0359468399784273,0.02693762407749367,0.026810640891903107,0.13818789372671178
dirty-mean-15.csv,0.07278889769803348,0.08022421977999937,1.1275080638786712,0.030637218748444623,0.03297424278399077,0.2661730393383838
dirty-median-15.csv,0.06885997878514519,0.0809053071858188,1.228129788511013,0.02695593909473375,0.03115482805306512,0.4437552773811546
dirty-mode-15.csv,0.06109375082192534,0.0855687063329832,1.499587080181998,0.023054094968081612,0.03890555847268817,0.8056412109994953
dirty-knn-15.csv,0.06795864537754542,0.06793611618947588,0.9996517100031579,0.024920812774375984,0.024915969065048157,0.006019496264982122
dirty-hdi-15.csv,0.06778185808552911,0.06779067907404951,1.0003203385817723,0.030169123404579657,0.03014197920666645,0.005648240566525098
dirty-mice-15.csv,0.07267593483483284,0.07296608389728143,1.0075734946889083,0.0288301822238371,0.028349014598283404,0.04786231779078439
dirty-iim-15.csv,0.06880701868292571,0.06882003418876015,1.0001451626198126,0.02448484486101124,0.024486561306477965,0.00545334550053032
dirty-si-15.csv,0.07357436620427449,0.07781497497690038,1.0877949505038154,0.02919908894688865,0.02845122370726005,0.22132953661158086
dirty-mfi-15.csv,0.062358584466359286,0.19248380575278992,3.449776293387008,0.02130905564466128,0.1745808158624664,3.761300459826982
dirty-missfi-15.csv,0.06383923606868433,0.06382150344405968,0.9997010076935525,0.021258258169872778,0.021276824696176956,0.010267895969995755
dirty-xgbi-15.csv,0.06517490614822995,0.06517597071818859,0.9999308598823747,0.0266463804050856,0.02667070150561499,0.006964949728307424
dirty-gain-15.csv,0.06402762585158257,0.5533612715029144,9.72623969712381,0.026048375302008518,0.5810845490361155,11.33159169595389
dirty-midae-15.csv,0.06715826686356573,0.06877354209498447,1.042771050201297,0.02856550698708682,0.027674370014166103,0.17018552902148684
dirty-mean-20.csv,0.05933026572891062,0.07246056095414763,1.265758366790016,0.019421626719810667,0.027299093857372322,0.46639877965387
dirty-median-20.csv,0.06934889984954945,0.08324092182562873,1.255574194759562,0.026138140426350483,0.0317116511810019,0.4874625935686129
dirty-mode-20.csv,0.0687979697749285,0.1042020636629359,1.6405443134645779,0.03432038394989642,0.06658652357902808,1.1063618391096792
dirty-knn-20.csv,0.07479640936045445,0.07479025548863448,1.000099509295224,0.031952666823996445,0.03192846941710255,0.006681889749708159
dirty-hdi-20.csv,0.07226284469847846,0.07226430745448813,1.0000462038364584,0.02927426691368092,0.029257898291009377,0.004727894160947757
dirty-mice-20.csv,0.07057003368715381,0.07126007310695413,1.0151827807852676,0.031103673159719528,0.03083259089926715,0.07651771289310286
dirty-iim-20.csv,0.06923399704702236,0.06925906249931581,1.0003194074058672,0.03117254359210452,0.0311867534955157,0.006289514339051996
dirty-si-20.csv,0.06930917400151922,0.07677311805789566,1.1363704661843321,0.026648928967663,0.030241272821191236,0.3291851345919774
dirty-mfi-20.csv,0.07638367194067373,0.2722619899046889,4.093950246087478,0.031460242443123704,0.2642503959057134,4.587733870948209
dirty-missfi-20.csv,0.08016023475251077,0.08016499853972242,0.9998478248912029,0.029968612348201702,0.03001118580203621,0.006013701371223197
dirty-xgbi-20.csv,0.06811043025740156,0.06810232234322126,0.9999287366288625,0.024649400238748297,0.024639197426904687,0.008153752051692774
dirty-gain-20.csv,0.07300940499688577,0.6538356199847724,10.928892621150682,0.0334807934938032,0.626258983218411,12.506810384180554
dirty-midae-20.csv,0.06253061867710959,0.07097875238762737,1.1678974560790931,0.02133865930166486,0.024462923237667758,0.33535963019098486
dirty-mean-25.csv,0.07928480146546396,0.09731382944537839,1.3406661148120107,0.04302093880758163,0.047586991070475815,0.7103469961753165
dirty-median-25.csv,0.06739384807569768,0.08967687857622039,1.4575234414237197,0.028109290597921666,0.03896247358234352,0.8785789080872235
dirty-mode-25.csv,0.0712983508419246,0.11518598063872171,1.7746996505119927,0.031337140041182446,0.07064347698023073,1.2219170532685706
dirty-knn-25.csv,0.07200291968644786,0.07199815336767477,0.9999025099224711,0.026874919993235994,0.026876568385710488,0.0069709583253098955
dirty-hdi-25.csv,0.06714946529813216,0.06718698571977282,1.0007164694837516,0.029320446752409208,0.029323706042015677,0.00684701542932216
dirty-mice-25.csv,0.07353961108923181,0.0742996945703761,1.0168694545518235,0.029928920876430502,0.029803303742601473,0.09248500841310073
dirty-iim-25.csv,0.06352504853969904,0.06355189584169064,1.000786888063636,0.024542292158686113,0.024502745942026755,0.009373002218431672
dirty-si-25.csv,0.06180799200976019,0.07677129647381031,1.3157102688994178,0.025476602050458163,0.03229435034048397,0.5834845966673543
dirty-mfi-25.csv,0.07381362226398801,0.2623186287748049,4.357422496650215,0.03968758038360608,0.24265669074238078,4.784535868413044
dirty-missfi-25.csv,0.07167403409420454,0.07156484365365798,0.9982740491782695,0.02916319705835483,0.02918820563694416,0.011892078421807653
dirty-xgbi-25.csv,0.07492025880990498,0.0748852851286417,0.9998522706638082,0.033363438088489454,0.03332075377196853,0.010501100578342838
dirty-gain-25.csv,0.06581894355661615,0.7395790695616422,13.209356910060439,0.02684136303155256,0.7676789520031401,15.942589048543766
dirty-midae-25.csv,0.07007936956821059,0.08234781076054418,1.2480142907649872,0.031810853070876124,0.03383608867255064,0.4760480081779391
dirty-mean-30.csv,0.07996545491213139,0.10254286942578199,1.430547765477818,0.043220651773360715,0.047670282299321104,0.7977666365887843
dirty-median-30.csv,0.06116467571986445,0.08945450105284646,1.5759154775106636,0.02225329729156893,0.04509896875847109,0.9688854136229001
dirty-mode-30.csv,0.06739713392460187,0.09930863205090025,1.6017817591722157,0.024244005769847664,0.04692347199721084,1.0267071420027354
dirty-knn-30.csv,0.06303228324692278,0.06312236891919966,1.0022943939826843,0.025285003281260404,0.02519402264814658,0.012594258595924326
dirty-hdi-30.csv,0.07174225920437156,0.0718316379297161,1.0017324688313898,0.027164458955663277,0.02710822858917,0.010069877279420297
dirty-mice-30.csv,0.06610620941199198,0.06759330706465917,1.0322664132989852,0.02682995214999601,0.02642990730177793,0.1115286523371963
dirty-iim-30.csv,0.06177478370226341,0.06191768976286633,1.002643400502739,0.020531576077588813,0.020515625157278956,0.014319048224751576
dirty-si-30.csv,0.07839662083760458,0.09425737694249554,1.2968132228578486,0.030439647609141616,0.039057830169686364,0.7273606184040278
dirty-mfi-30.csv,0.07243245575247982,0.3172574914139111,5.081462714467315,0.02724039898164209,0.3004070139961911,5.9284568189463105
dirty-missfi-30.csv,0.06893143611240815,0.06899010639394132,1.001052568031267,0.02584048712016143,0.025819496877608154,0.009663167503534756
dirty-xgbi-30.csv,0.07056263009291869,0.07055440803116601,1.0000599926966813,0.029562226282995596,0.029539899463103727,0.009076655400780936
dirty-gain-30.csv,0.07517916744040513,0.9051192027164372,14.68299377339194,0.035159860446242155,0.8976904558127261,15.68072275153726
dirty-midae-30.csv,0.06819537009723035,0.08349942893465741,1.2986338559175972,0.028295571764026202,0.03636038199868828,0.575073690336727
dirty-mean-35.csv,0.06667420810657242,0.09345915062554123,1.4899185489924378,0.021380204201853503,0.04001467764559935,0.7789654717608985
dirty-median-35.csv,0.07423145716156918,0.10232752004473607,1.5113045867166892,0.029330437296406116,0.04319626063472976,0.847676407532161
dirty-mode-35.csv,0.06484978253480916,0.1491090465736238,2.5891936605602086,0.02495845170995881,0.11334996866962603,2.333276469740545
dirty-knn-35.csv,0.07164990779585224,0.0716234496022547,1.000009551040656,0.029900324175997084,0.02988285134569549,0.013423427478157494
dirty-hdi-35.csv,0.06725906660058896,0.06726681757838056,1.0005954793386516,0.030284700387835813,0.030224045901030908,0.008326222296209575
dirty-mice-35.csv,0.06491789416473753,0.06762288460324706,1.0589453914015055,0.028594299199349946,0.0281743966806611,0.16038273799870098
dirty-iim-35.csv,0.06834646544784087,0.06841966623201234,1.001128417747104,0.02675620220313176,0.026792588570906415,0.012657756840851778
dirty-si-35.csv,0.06895392328189107,0.09334786654514368,1.4705068530235073,0.02854252086857596,0.04129010454610358,0.7731472300892247
dirty-mfi-35.csv,0.07622847966730988,0.3872510911047811,5.880330239240544,0.03308204160406855,0.3726486527484148,6.390040289791216
dirty-missfi-35.csv,0.05907609175193662,0.05914575011476677,1.0019549994794337,0.023251378545602743,0.023186104698427603,0.014349058525743119
dirty-xgbi-35.csv,0.06417761752208463,0.0642239604165574,1.0009521741477727,0.025461500861125478,0.025443781285514607,0.013042200987491998
dirty-gain-35.csv,0.06526826992383405,0.9721701006000957,17.236189380309323,0.026024880448963884,0.8951582066857915,18.06189893798392
dirty-midae-35.csv,0.0711347420348042,0.0874561226856778,1.3050490171980327,0.030179095063474295,0.035436035051832786,0.5455297940707184
dirty-mean-40.csv,0.060020920259789966,0.10079327271560473,1.805543040487544,0.02140634805817696,0.053154938493052396,1.07661098497816
dirty-median-40.csv,0.07332087697407429,0.1094301051532843,1.6259301795108272,0.028698900685756413,0.053089887647413465,0.9620045851381119
dirty-mode-40.csv,0.06343325336316147,0.16985069516623866,3.0383163466350225,0.02459601634091647,0.11259729714109558,2.4989991797028246
dirty-knn-40.csv,0.06731889629588655,0.06743694700567658,1.0024902442428556,0.025715071442951716,0.0256398124269648,0.014625379368811833
dirty-hdi-40.csv,0.07265911217118634,0.072740033044604,1.0013419413166549,0.03099845176600219,0.03099801986465942,0.010676821294704392
dirty-mice-40.csv,0.0671355370653716,0.06949321961521313,1.0455534864349643,0.02457973775338955,0.02538544937892496,0.16933436467994736
dirty-iim-40.csv,0.062236018163343586,0.06230155042703852,1.0011354326464181,0.026140550474482417,0.026156836248869192,0.012642587334970727
dirty-si-40.csv,0.07334750862879144,0.10387732745602582,1.5379823259413443,0.027016911049080373,0.045173979082690004,0.8548562353410587
dirty-mfi-40.csv,0.06418858449334136,0.33851829437734754,5.807822044652157,0.02583614201930141,0.34670684664655527,6.118907392846875
dirty-missfi-40.csv,0.07385905617725814,0.07388080613658758,1.000396645435452,0.03304241008388295,0.03305253022131628,0.01625484406907254
dirty-xgbi-40.csv,0.06929609634813784,0.06925126519773937,0.9992032863376201,0.027377359649384727,0.027395125745961462,0.016622836286107702
dirty-gain-40.csv,0.06949462841949318,1.0870276127157064,17.922193295951487,0.02659992447699576,1.016825114151408,18.889197252884596
dirty-midae-40.csv,0.06002184053823174,0.0917738920175125,1.6688211523761451,0.02498034740690641,0.04344601007112363,0.9638966553487446
dirty-mean-45.csv,0.07378044283597851,0.12067558522558826,1.8379135624349792,0.029897462949689632,0.0603464696359368,1.3211444369511653
dirty-median-45.csv,0.07095911137877185,0.12147040471402078,1.9277431696906355,0.02779428228004266,0.05753772844018966,1.2149061192891255
dirty-mode-45.csv,0.0685808505179697,0.12988244797744783,2.0663887305211666,0.028781441540635194,0.0769695473687159,1.4335630756925535
dirty-knn-45.csv,0.06105582760465269,0.06111240510896684,1.0013306086300278,0.02281611763071269,0.022769172003031527,0.018095431609994408
dirty-hdi-45.csv,0.05999431185874767,0.06006851760530965,1.0016719406811156,0.018617331401730525,0.018562464724714466,0.010654575356630674
dirty-mice-45.csv,0.06731564206519615,0.07041931180223351,1.0653541748465203,0.024915373527656538,0.025053462315002578,0.21906596141635593
dirty-iim-45.csv,0.07846303719619957,0.07862810916551002,1.002354353388557,0.032475685270099086,0.03247631827281729,0.013415852440951193
dirty-si-45.csv,0.06344627225191915,0.10065274436506272,1.7143689448931418,0.021336439061862795,0.04866656354537892,1.055397202284563
dirty-mfi-45.csv,0.07092811841566955,0.3635143243557909,5.9156827850175695,0.027932861929077825,0.3358112894292877,6.503011445918162
dirty-missfi-45.csv,0.07329156816096097,0.0733417884419584,1.0009896490177852,0.03202761278231869,0.03201205869874535,0.016307970281226443
dirty-xgbi-45.csv,0.06704226406174181,0.06720475161062249,1.002437261922374,0.025150542507052717,0.025258251571704776,0.014031191775439319
dirty-gain-45.csv,0.0748284664632619,1.1134682133959641,18.027298756154234,0.032900174575556884,1.0128257331062684,19.498770513586273
dirty-midae-45.csv,0.060466655544824055,0.09253532973944216,1.6121476518815605,0.019509202864874464,0.04749071184222631,0.903229369033931
dirty-mean-50.csv,0.06543629436951136,0.11746245447391661,1.98646625533485,0.023550785815378998,0.06288984431655555,1.404049456743145
dirty-median-50.csv,0.07023900966365192,0.12620050349887507,2.0049702762848214,0.02932144612942884,0.0713283728695323,1.3586490015587682
dirty-mode-50.csv,0.06859089890550117,0.13490707652056214,2.148896454202143,0.026724858293256833,0.07968416269332683,1.4470058892793822
dirty-knn-50.csv,0.07315751935488185,0.07317783396550329,1.0012774307382342,0.028234305676128082,0.028130978859109288,0.015520161183620373
dirty-hdi-50.csv,0.07351084024519546,0.07364670147187545,1.0018467343720387,0.030371061739217952,0.03044541532288839,0.010997297248964272
dirty-mice-50.csv,0.06030077500696984,0.0642306950812081,1.079609845650765,0.019966336027079007,0.020825363818463487,0.18969520591240044
dirty-iim-50.csv,0.07342296496693874,0.07341013625641715,0.9999853258970793,0.02972199989365827,0.02970001049562736,0.010587716410720004
dirty-si-50.csv,0.06372684280425021,0.1126648363343766,1.9817783301388074,0.027140449069637557,0.05766385176157443,1.3101486250470806
dirty-mfi-50.csv,0.06601588699897691,0.49947194194116,8.568456705563838,0.023018351631785044,0.4578732774997663,8.920757510912305
dirty-missfi-50.csv,0.07153727512660708,0.0715995149615457,1.001005176909319,0.03042557598334327,0.030482164176896673,0.013626699735998336
dirty-xgbi-50.csv,0.06797382229694264,0.06805585783843573,1.0010130369921544,0.02743000758949108,0.027493132761935823,0.011985197832948248
dirty-gain-50.csv,0.06796180376599557,1.12889479660537,18.495684898652136,0.02766297019579,0.9834782527014817,17.02558747431094
dirty-midae-50.csv,0.0721429851880015,0.12244605639402084,1.8139912979218002,0.028912643810068844,0.06872389382460169,1.1659678582850497
dirty-mean-55.csv,0.07418953680063606,0.13334185534196227,2.0065028904465896,0.029405158324878167,0.06882870934119364,1.3323781312547884
dirty-median-55.csv,0.06978842843747518,0.1348709400319998,2.230808323210498,0.029326507651435695,0.0828234334687381,1.782626622720481
dirty-mode-55.csv,0.06586250152754172,0.22120040967189505,3.9029966022958003,0.026666829859854666,0.16367804719910353,3.3946949222605487
dirty-knn-55.csv,0.0658647797003583,0.06596700086255468,1.0015597066949968,0.02877023888437582,0.02887010875486149,0.017694312413469616
dirty-hdi-55.csv,0.07294482226244793,0.07313148976293729,1.002925774192524,0.03003957797388994,0.03006076085001421,0.013975064789831503
dirty-mice-55.csv,0.06662184435268825,0.07300008039612048,1.1307448204560482,0.025601636667669028,0.025458516666703783,0.29688350260581897
dirty-iim-55.csv,0.07446433124197349,0.0745301646136375,1.00129373259962,0.03638578972462398,0.03636882597228141,0.01496305672806274
dirty-si-55.csv,0.0728520425548811,0.12948925030543154,1.9955906339587295,0.030013268303614563,0.07119977894830581,1.3896276742687594
dirty-mfi-55.csv,0.06254481967475271,0.43087897359905525,7.882219973289629,0.023743072264619393,0.42239493846282666,8.68318800798006
dirty-missfi-55.csv,0.06906130528644693,0.06906616334067575,1.0001494502538562,0.025104359917374794,0.02516517556922352,0.020529075975255228
dirty-xgbi-55.csv,0.07228138103924144,0.07224708446547858,1.0000228465026826,0.030950951186234192,0.030836997081390517,0.024485922163138645
dirty-gain-55.csv,0.0640891005422059,1.3521178255793866,24.1633003074186,0.02650872969592333,1.2419889781049138,25.848891811109734
dirty-midae-55.csv,0.07412469003061334,0.11377283436441712,1.735819424010763,0.03206068179413509,0.058299350914957304,1.258308451069324
dirty-mean-60.csv,0.07083429035361073,0.13151900572622197,2.114145725295443,0.03369392544881204,0.07312628348216814,1.4389120016997634
dirty-median-60.csv,0.07193731318336415,0.1378600521738099,2.1682034052676182,0.030553910000368553,0.07618620289879596,1.5479273356569616
dirty-mode-60.csv,0.06872349330772509,0.21213600682447953,3.4232940164352743,0.026249207412379405,0.1489944129256915,2.725754800657983
dirty-knn-60.csv,0.06805771969204294,0.06827264084523949,1.0038664732032598,0.02967284619846428,0.029680125562577677,0.02194303682742367
dirty-hdi-60.csv,0.06889592736228398,0.06891609563755893,1.0007267529428239,0.027656717492273577,0.02756504209257355,0.02052965432815239
dirty-mice-60.csv,0.06822374815028268,0.07404793547115429,1.1063459353884078,0.027718619491763782,0.028632931891808187,0.2261720907498202
dirty-iim-60.csv,0.07276647190208906,0.07281702257137801,1.001018862945618,0.028402838133952158,0.028354647025177357,0.015082950985851435
dirty-si-60.csv,0.07547267968898498,0.12516457613644263,1.7962753896305335,0.031123245075752773,0.06707667588072908,1.1082770807213327
dirty-mfi-60.csv,0.0673296519737364,0.571327801204397,9.944641559469169,0.026892749291182245,0.5795297504971348,12.066568682787892
dirty-missfi-60.csv,0.07496200889642698,0.0752407643591234,1.0038019998838617,0.03128658386422077,0.031483666806825496,0.030598332007290414
dirty-xgbi-60.csv,0.0714569062231705,0.07164426172678175,1.004035231629651,0.0300660370169768,0.029918188852041217,0.02391985577890659
dirty-gain-60.csv,0.06603181410574879,1.462739292293826,25.59575300306711,0.02584320008442485,1.385876629094304,27.200517957526856
dirty-midae-60.csv,0.07517356887175235,0.1292629408838842,1.9152527928004588,0.03331124203449267,0.0676091909136325,1.1859429885784567
dirty-mean-65.csv,0.06278597005825584,0.14266840183660326,2.5259577023574074,0.023941068590538146,0.0802437582268428,1.7599873895680898
dirty-median-65.csv,0.06794785708972174,0.14961586784431558,2.4650821047282805,0.024166785319983078,0.09009138345600898,2.0211383621763352
dirty-mode-65.csv,0.07090836226283466,0.17419998778450804,2.822195640892234,0.028436029689357194,0.1060956336094869,2.2185311173716347
dirty-knn-65.csv,0.06044456565691815,0.06053920608590572,1.001116687954996,0.02105928998963207,0.02118953688459114,0.021874242999513044
dirty-hdi-65.csv,0.07637995317708632,0.07642777911812576,1.000555030485511,0.03422648051803218,0.03423089598280689,0.016777462046696404
dirty-mice-65.csv,0.07534967565935063,0.08152981807726617,1.1159504844418124,0.02982046867224694,0.02942964659734911,0.27103165939472273
dirty-iim-65.csv,0.06161189976817913,0.06191793877892765,1.0056835298812339,0.022549930739151666,0.022593423295600653,0.022860053552659357
dirty-si-65.csv,0.06477439036018512,0.13732684710108164,2.28000216809418,0.022820099150720592,0.08672410530816728,1.563161309233701
dirty-mfi-65.csv,0.05761303070649109,0.6058139453524362,11.817419790552792,0.022022323296984052,0.5302069213121369,11.973440227300026
dirty-missfi-65.csv,0.06623143535045879,0.06635555151218452,1.0033959949158395,0.0235882426884729,0.023465387654696794,0.02958974750254895
dirty-xgbi-65.csv,0.0710712775173215,0.07117149969201145,1.0017962573245007,0.024006410407150885,0.02401893637076237,0.01838550370336131
dirty-gain-65.csv,0.06773469154283152,1.5592297847743437,27.831991333229315,0.03281006451510238,1.3854630283662137,28.02626397466363
dirty-midae-65.csv,0.06767942057330183,0.12894537576561196,2.1012416821160405,0.02538808413539841,0.07141530573598708,1.4324756061791966
dirty-mean-70.csv,0.08000961952802288,0.1517399382814497,2.141577392300446,0.032470806930078915,0.08038792531260783,1.4682759304714832
dirty-median-70.csv,0.06472540218217566,0.14469957084130297,2.5472824178608193,0.025937770209446098,0.08659782270384514,2.075718375468221
dirty-mode-70.csv,0.0723772524400066,0.2775366579576396,4.610292161480521,0.03455631821700325,0.2057337404835721,4.395613586570895
dirty-knn-70.csv,0.06865070037057794,0.06877360865785415,1.0027699211707546,0.02408746935653349,0.024017832895391972,0.023875697019511435
dirty-hdi-70.csv,0.06735408200861044,0.06739960913018948,1.0009977321352774,0.028723071661646435,0.028721303450020892,0.01927869368393551
dirty-mice-70.csv,0.06825194837098653,0.07574327871428829,1.1422936524911824,0.029616113243833456,0.030325726520610916,0.2504703159461236
dirty-iim-70.csv,0.06509534720128154,0.06554379160321651,1.0079531835247395,0.02876632586404958,0.028821601712450032,0.031720310452066316
dirty-si-70.csv,0.07591755588566579,0.1510405124587455,2.289287921398243,0.034840857847764355,0.08680247616903328,1.814570360741118
dirty-mfi-70.csv,0.06906696354821074,0.6771997298757229,11.06710388865877,0.023837418667883536,0.5949455199564465,10.898323304473221
dirty-missfi-70.csv,0.06480718896201948,0.06495779698534017,1.0026244938680295,0.029471285923474044,0.029472329002158414,0.022625606123610444
dirty-xgbi-70.csv,0.068291416636962,0.06835332684908564,1.0021709184853003,0.024437859687953374,0.024298013937016007,0.022939964287113868
dirty-gain-70.csv,0.06148404839828905,1.5867280596711892,31.2219384269266,0.02516749830040948,1.3118113091675294,30.691183986382356
dirty-midae-70.csv,0.06932286817724978,0.13615624911813062,2.3448406310913823,0.030544761421405078,0.07563291034565635,1.9243900134576384
dirty-mean-75.csv,0.07406702641417456,0.15160969005253247,2.3455487013707828,0.03137842230222897,0.08592237000644191,1.81612583723171
dirty-median-75.csv,0.06747275209195017,0.16703754696674944,2.7333316660287816,0.023882806297955094,0.10760541387663633,2.11794555342753
dirty-mode-75.csv,0.07012132424155494,0.16838617876320053,2.7618276765009795,0.03159011941503761,0.10908895688998216,2.17466414041104
dirty-knn-75.csv,0.07645714039306159,0.07665132583988864,1.0038740554522039,0.02965485518831058,0.02960608300376392,0.030180008176832748
dirty-hdi-75.csv,0.0667721869988228,0.06687365436291834,1.002119012498772,0.025394445908672805,0.02534757035133981,0.018682194341193798
dirty-mice-75.csv,0.07693911318304561,0.08529552482744837,1.1374020556978817,0.028363139338435164,0.03111663407172012,0.30353463943010595
dirty-iim-75.csv,0.06998709582023525,0.07044992632054917,1.0088110307056293,0.0286596636567777,0.028569513120711133,0.03275847282251508
dirty-si-75.csv,0.07456381826158102,0.15480808412826275,2.27795947227823,0.027920932132163807,0.08977692674459949,1.5524567435675758
dirty-mfi-75.csv,0.06844881964798157,0.7251000222817727,12.13138140697251,0.02447663724845111,0.6097965428972825,11.604322354689279
dirty-missfi-75.csv,0.06895213515427101,0.06930606821338296,1.0067022476819187,0.028452909549133366,0.02848168715738732,0.041173094773832464
dirty-xgbi-75.csv,0.06089496788530738,0.061317751104164625,1.0087532278734845,0.022468910077182196,0.022451217631905673,0.04296979576124288
dirty-gain-75.csv,0.07399342797567642,1.6841702843229371,28.407852980307542,0.03185524569505911,1.3715032659314919,31.159900034440543
dirty-midae-75.csv,0.06991513348482346,0.1452011314409767,2.424394119351605,0.032644474063530694,0.08629755031684118,1.9562882083678843
dirty-mean-80.csv,0.06489121129940349,0.15534512867877834,2.652233850599011,0.023486925486472406,0.0978463546594611,2.1048803827637768
dirty-median-80.csv,0.059957818796171125,0.1600282854398902,3.0844997911351766,0.027409820485072168,0.10109521800065711,2.497569945096539
dirty-mode-80.csv,0.06631820029327665,0.4826770492962074,8.59448397650923,0.030792049662109456,0.42234374737531166,8.579160325642635
dirty-knn-80.csv,0.0656060536512183,0.06658175961728895,1.0232557370735194,0.02373618911488328,0.02308109720139091,0.08029001839511918
dirty-hdi-80.csv,0.08067667477536117,0.08086564121061343,1.0044005202173243,0.041652870516261646,0.0414792822391651,0.03661149109607545
dirty-mice-80.csv,0.0744217542348404,0.08391422017492152,1.1890163567304326,0.03522270469490308,0.035892328599423984,0.3871478423443855
dirty-iim-80.csv,0.06245497275928635,0.06334978096092127,1.0166359369739304,0.023480057834634447,0.02381550883732624,0.05418377957825133
dirty-si-80.csv,0.06967692236497262,0.1642350336601724,2.714937204298741,0.030969743016834868,0.09853006275907458,2.09686057087678
dirty-mfi-80.csv,0.0589770714011646,0.6128548390756645,12.233296093824652,0.020211120306822126,0.5883670399560172,13.498516429023505
dirty-missfi-80.csv,0.06857354476709338,0.06914599626763152,1.0120447972372182,0.02997968382506551,0.02959834926288727,0.04393663044718165
dirty-xgbi-80.csv,0.06988079054189565,0.07006732914896156,1.0039508940480415,0.028983460064559433,0.028953666079342487,0.03423880758415594
dirty-gain-80.csv,0.07809848164468525,1.7903489752656552,28.02061750873853,0.035197492172707984,1.5085108721168417,28.311365903103667
dirty-midae-80.csv,0.07350552532227862,0.15799498696246372,2.4221800279266863,0.03059739732308327,0.09227914477128811,1.7592452445146163
dirty-mean-85.csv,0.0694904594631966,0.17587088578773896,2.838997491809375,0.025020478915541884,0.09959202897590191,1.9870356501075501
dirty-median-85.csv,0.06679944286077552,0.1802349390337392,3.1127937525833094,0.02942120028724811,0.11051011985357559,2.349646679986003
dirty-mode-85.csv,0.06435955592501058,0.23057915966619974,3.9609499136167647,0.021036883586646467,0.1592428141685126,3.316019521505523
dirty-knn-85.csv,0.06921236400778175,0.07078989188945507,1.0272541386039107,0.024628345234205963,0.024818403945097694,0.06939185015430768
dirty-hdi-85.csv,0.07921348448127245,0.07997132013346091,1.0120857801808736,0.03450937585604227,0.03448499079697444,0.04049988753885636
dirty-mice-85.csv,0.07094396851528648,0.08439893556232464,1.2416233100680487,0.028115081334913666,0.03293334046805571,0.41986987413538346
dirty-iim-85.csv,0.07812532726421696,0.07872369461680226,1.0110896335405362,0.029585897176625964,0.02943548861967495,0.05220683637926589
dirty-si-85.csv,0.06302982567931775,0.16388289644488668,2.8362966929739386,0.02486209299049036,0.10223559026103347,2.0840656688292025
dirty-mfi-85.csv,0.06615292814153312,0.9073917735606677,16.253139295583157,0.02510486103537799,0.7701503548854575,17.46133193119668
dirty-missfi-85.csv,0.0782681515815946,0.07916336917114017,1.0221833950406565,0.037085549262072574,0.03624779135870275,0.09731898785633779
dirty-xgbi-85.csv,0.07025759195652252,0.07085409823416389,1.0120140088960599,0.025478825133268573,0.025309845087930317,0.056322260570022264
dirty-gain-85.csv,0.07873028549200586,1.8346770731219864,28.415733162466996,0.0325410529382896,1.4943174409325743,29.10694569384159
dirty-midae-85.csv,0.06866644717612153,0.15531877643008157,2.5296100813758957,0.025263525954557046,0.10002195379128169,2.006048746755636
dirty-mean-90.csv,0.06746909783775898,0.16974143199462124,2.8223182275651704,0.025407245380877668,0.11955932286611612,2.4296616165796276
dirty-median-90.csv,0.06813204335122088,0.1823853512503006,2.944329891877304,0.02539012932971384,0.1132168928499526,2.1290057936963613
dirty-mode-90.csv,0.06367122151381421,0.3177750217100926,5.943258293561847,0.025123095304170992,0.24781748303224027,5.9277735287583715
dirty-knn-90.csv,0.06536969473089936,0.06858680111522804,1.067725843329053,0.029377903117537914,0.02906295336111198,0.16742928930444637
dirty-hdi-90.csv,0.06372133489448722,0.06496532118562763,1.0229174938920316,0.02599125868308521,0.026211751536268896,0.07009900188398788
dirty-mice-90.csv,0.0650387945242127,0.08211179027989761,1.325767136455717,0.025118392870977904,0.03175384906359471,0.5108703725158636
dirty-iim-90.csv,0.06945361411343913,0.0714457228462749,1.03796872147816,0.02704665914034447,0.02698217416134075,0.10260094209576129
dirty-si-90.csv,0.06488609778911611,0.17156032482508674,2.96831386953365,0.024528014127686997,0.11601566429693,2.3682691584175917
dirty-mfi-90.csv,0.0624996129117003,0.7064760793751584,13.088419096888568,0.022308210178161696,0.6469509559142085,14.493651908349793
dirty-missfi-90.csv,0.06034596426129581,0.06216169821375002,1.0376648472775025,0.022980975816463828,0.023477441216595653,0.12234315655146863
dirty-xgbi-90.csv,0.07039571194482806,0.07111622141040318,1.0180024443482854,0.024909026278622806,0.024219299590900946,0.08021071065765131
dirty-gain-90.csv,0.0746044407445694,2.045280943851673,31.883673409623764,0.03687920531032981,1.8361990934214125,31.25722262656915
dirty-midae-90.csv,0.07684373076064534,0.17827285497142417,2.7140187798600235,0.03605422911182977,0.10728825863124193,2.257828110357123
dirty-mean-95.csv,0.06636429333587929,0.18341374311463723,3.1421788508592945,0.02812704240201265,0.12295541423927901,2.5476951943614514
dirty-median-95.csv,0.07207741822730972,0.2202313538085938,3.6482301300044355,0.02993715602418934,0.13500251726382503,3.304676698097153
dirty-mode-95.csv,0.0696079070385565,0.35298652497981015,5.9017911248754515,0.027199934142049843,0.25480981937523645,5.192989626485195
dirty-knn-95.csv,0.07357808335385577,0.08231359719736184,1.1649933584597065,0.03232731727812458,0.032580760286606926,0.31809953238372224
dirty-hdi-95.csv,0.07317324671995212,0.07787422656196034,1.0852668455569336,0.02450401540216423,0.024100932332729585,0.19299699609260793
dirty-mice-95.csv,0.07039118806893599,0.08647035142593423,1.289171243453631,0.026677738645655914,0.03286790498441959,0.48533195150518377
dirty-iim-95.csv,0.07197431936429763,0.07554865815241282,1.082820218178691,0.032293601176320366,0.030770469195615775,0.23375424892122565
dirty-si-95.csv,0.06749672748613662,0.18773271342266373,3.0958764390989426,0.024113237288929015,0.13021039439202403,2.5503953481324206
dirty-mfi-95.csv,0.07186367607302066,1.0720071871260353,18.17992777749218,0.033980187300887796,0.8922348573598252,17.79394506579223
dirty-missfi-95.csv,0.06890679922016082,0.07775705471210127,1.1563055152200818,0.02501633274515438,0.028821209167232163,0.299660433086331
dirty-xgbi-95.csv,0.07624354918339142,0.08367377798058481,1.138708832749404,0.03119950262718829,0.03188063888373005,0.3385252958434846
dirty-gain-95.csv,0.06519978582705102,1.916867481656296,33.87733724985557,0.023922328916639753,1.6146171512461354,33.86030477809706
dirty-midae-95.csv,0.06966357315718062,0.17732210168341747,2.8684269613104827,0.025442166689582577,0.11421853995372343,2.244766068855813
