Month,Sunspots
1749-01,
1749-02,62.6
1749-03,
1749-04,55.7
1749-05,85.0
1749-06,
1749-07,94.8
1749-08,
1749-09,75.9
1749-10,
1749-11,158.6
1749-12,85.2
1750-01,
1750-02,75.9
1750-03,89.2
1750-04,88.3
1750-05,
1750-06,100.0
1750-07,
1750-08,103.0
1750-09,91.2
1750-10,65.7
1750-11,
1750-12,
1751-01,70.0
1751-02,43.5
1751-03,45.3
1751-04,
1751-05,
1751-06,50.7
1751-07,66.3
1751-08,59.8
1751-09,
1751-10,23.2
1751-11,28.5
1751-12,44.0
1752-01,35.0
1752-02,
1752-03,71.0
1752-04,59.3
1752-05,
1752-06,39.6
1752-07,78.4
1752-08,29.3
1752-09,27.1
1752-10,46.6
1752-11,37.6
1752-12,
1753-01,
1753-02,32.0
1753-03,45.7
1753-04,
1753-05,
1753-06,
1753-07,22.2
1753-08,39.0
1753-09,28.0
1753-10,25.0
1753-11,
1753-12,6.7
1754-01,
1754-02,3.0
1754-03,1.7
1754-04,
1754-05,20.7
1754-06,
1754-07,
1754-08,12.3
1754-09,8.2
1754-10,
1754-11,13.2
1754-12,4.2
1755-01,10.2
1755-02,11.2
1755-03,
1755-04,6.5
1755-05,
1755-06,0.0
1755-07,8.6
1755-08,3.2
1755-09,17.8
1755-10,23.7
1755-11,
1755-12,20.0
1756-01,
1756-02,
1756-03,5.4
1756-04,9.4
1756-05,
1756-06,12.9
1756-07,
1756-08,
1756-09,11.8
1756-10,14.3
1756-11,
1756-12,9.4
1757-01,14.1
1757-02,
1757-03,
1757-04,
1757-05,
1757-06,
1757-07,
1757-08,51.3
1757-09,39.7
1757-10,
1757-11,64.7
1757-12,
1758-01,37.6
1758-02,
1758-03,49.0
1758-04,
1758-05,
1758-06,
1758-07,44.0
1758-08,38.7
1758-09,
1758-10,37.7
1758-11,
1758-12,
1759-01,48.3
1759-02,
1759-03,
1759-04,47.0
1759-05,49.0
1759-06,50.0
1759-07,
1759-08,
1759-09,
1759-10,59.7
1759-11,46.3
1759-12,
1760-01,67.3
1760-02,59.5
1760-03,74.7
1760-04,
1760-05,72.0
1760-06,
1760-07,66.0
1760-08,
1760-09,61.3
1760-10,
1760-11,
1760-12,61.0
1761-01,70.0
1761-02,91.0
1761-03,80.7
1761-04,
1761-05,
1761-06,99.3
1761-07,94.1
1761-08,
1761-09,100.7
1761-10,88.7
1761-11,89.7
1761-12,46.0
1762-01,
1762-02,
1762-03,
1762-04,
1762-05,
1762-06,77.1
1762-07,
1762-08,67.7
1762-09,
1762-10,69.3
1762-11,
1762-12,77.2
1763-01,56.5
1763-02,31.9
1763-03,
1763-04,32.9
1763-05,
1763-06,
1763-07,
1763-08,26.5
1763-09,
1763-10,46.3
1763-11,
1763-12,61.4
1764-01,
1764-02,
1764-03,40.2
1764-04,34.4
1764-05,44.3
1764-06,30.0
1764-07,
1764-08,30.0
1764-09,28.2
1764-10,28.0
1764-11,26.0
1764-12,25.7
1765-01,
1765-02,
1765-03,
1765-04,22.0
1765-05,20.2
1765-06,
1765-07,27.0
1765-08,29.7
1765-09,16.0
1765-10,14.0
1765-11,
1765-12,
1766-01,
1766-02,
1766-03,
1766-04,
1766-05,
1766-06,
1766-07,3.3
1766-08,4.0
1766-09,
1766-10,5.0
1766-11,5.7
1766-12,19.2
1767-01,
1767-02,30.0
1767-03,43.0
1767-04,32.9
1767-05,
1767-06,
1767-07,21.9
1767-08,
1767-09,
1767-10,44.1
1767-11,
1767-12,
1768-01,53.5
1768-02,66.1
1768-03,
1768-04,42.7
1768-05,
1768-06,
1768-07,52.6
1768-08,
1768-09,
1768-10,
1768-11,90.6
1768-12,
1769-01,73.9
1769-02,64.2
1769-03,64.3
1769-04,
1769-05,
1769-06,
1769-07,118.6
1769-08,120.3
1769-09,148.8
1769-10,
1769-11,
1769-12,
1770-01,
1770-02,
1770-03,
1770-04,
1770-05,70.1
1770-06,83.3
1770-07,109.8
1770-08,
1770-09,104.4
1770-10,103.6
1770-11,132.2
1770-12,102.3
1771-01,
1771-02,
1771-03,46.7
1771-04,
1771-05,152.7
1771-06,
1771-07,67.7
1771-08,
1771-09,101.4
1771-10,
1771-11,
1771-12,95.7
1772-01,
1772-02,
1772-03,31.1
1772-04,
1772-05,38.0
1772-06,57.0
1772-07,
1772-08,
1772-09,50.5
1772-10,
1772-11,61.3
1772-12,64.0
1773-01,54.6
1773-02,
1773-03,
1773-04,32.9
1773-05,41.1
1773-06,28.4
1773-07,27.7
1773-08,
1773-09,29.3
1773-10,
1773-11,
1773-12,43.2
1774-01,
1774-02,
1774-03,
1774-04,43.8
1774-05,
1774-06,
1774-07,
1774-08,6.6
1774-09,
1774-10,
1774-11,17.7
1774-12,12.2
1775-01,4.4
1775-02,
1775-03,
1775-04,
1775-05,3.9
1775-06,12.3
1775-07,
1775-08,
1775-09,
1775-10,5.6
1775-11,15.1
1775-12,7.9
1776-01,21.7
1776-02,11.6
1776-03,6.3
1776-04,21.8
1776-05,11.2
1776-06,19.0
1776-07,
1776-08,24.2
1776-09,
1776-10,30.0
1776-11,
1776-12,40.0
1777-01,
1777-02,36.5
1777-03,
1777-04,95.5
1777-05,80.3
1777-06,
1777-07,
1777-08,112.0
1777-09,
1777-10,106.5
1777-11,
1777-12,
1778-01,
1778-02,
1778-03,
1778-04,
1778-05,238.9
1778-06,
1778-07,153.0
1778-08,
1778-09,
1778-10,
1778-11,150.3
1778-12,
1779-01,
1779-02,
1779-03,
1779-04,145.0
1779-05,
1779-06,
1779-07,143.0
1779-08,
1779-09,111.0
1779-10,
1779-11,114.0
1779-12,
1780-01,70.0
1780-02,98.0
1780-03,
1780-04,95.0
1780-05,
1780-06,
1780-07,86.0
1780-08,
1780-09,
1780-10,77.0
1780-11,
1780-12,58.7
1781-01,
1781-02,74.7
1781-03,53.0
1781-04,68.3
1781-05,
1781-06,97.7
1781-07,
1781-08,66.0
1781-09,
1781-10,27.3
1781-11,
1781-12,
1782-01,54.0
1782-02,
1782-03,37.0
1782-04,41.0
1782-05,
1782-06,38.0
1782-07,37.0
1782-08,44.0
1782-09,34.0
1782-10,23.2
1782-11,
1782-12,30.0
1783-01,28.0
1783-02,38.7
1783-03,26.7
1783-04,
1783-05,
1783-06,
1783-07,32.2
1783-08,
1783-09,
1783-10,
1783-11,15.0
1783-12,
1784-01,13.0
1784-02,8.0
1784-03,11.0
1784-04,
1784-05,6.0
1784-06,
1784-07,6.0
1784-08,
1784-09,10.0
1784-10,8.0
1784-11,17.0
1784-12,
1785-01,6.5
1785-02,
1785-03,9.0
1785-04,
1785-05,20.7
1785-06,26.3
1785-07,36.3
1785-08,
1785-09,32.0
1785-10,47.2
1785-11,40.2
1785-12,
1786-01,
1786-02,
1786-03,47.7
1786-04,
1786-05,92.3
1786-06,59.0
1786-07,83.0
1786-08,
1786-09,
1786-10,112.3
1786-11,
1786-12,112.7
1787-01,134.7
1787-02,
1787-03,
1787-04,
1787-05,134.8
1787-06,99.2
1787-07,
1787-08,137.2
1787-09,157.3
1787-10,157.0
1787-11,141.5
1787-12,
1788-01,138.0
1788-02,129.2
1788-03,
1788-04,
1788-05,113.0
1788-06,
1788-07,
1788-08,
1788-09,
1788-10,
1788-11,94.7
1788-12,129.5
1789-01,
1789-02,
1789-03,120.0
1789-04,123.3
1789-05,
1789-06,
1789-07,117.0
1789-08,103.0
1789-09,112.0
1789-10,
1789-11,
1789-12,135.5
1790-01,
1790-02,127.5
1790-03,96.3
1790-04,94.0
1790-05,93.0
1790-06,
1790-07,
1790-08,87.0
1790-09,77.3
1790-10,84.3
1790-11,82.0
1790-12,74.0
1791-01,72.7
1791-02,62.0
1791-03,
1791-04,77.2
1791-05,73.7
1791-06,
1791-07,71.0
1791-08,
1791-09,
1791-10,61.7
1791-11,
1791-12,
1792-01,
1792-02,64.0
1792-03,63.0
1792-04,
1792-05,
1792-06,61.0
1792-07,
1792-08,
1792-09,59.0
1792-10,
1792-11,57.0
1792-12,56.0
1793-01,56.0
1793-02,55.0
1793-03,55.5
1793-04,
1793-05,
1793-06,51.0
1793-07,
1793-08,
1793-09,24.0
1793-10,
1793-11,
1793-12,
1794-01,
1794-02,
1794-03,
1794-04,
1794-05,
1794-06,41.5
1794-07,
1794-08,
1794-09,
1794-10,28.5
1794-11,
1794-12,51.4
1795-01,
1795-02,39.9
1795-03,12.6
1795-04,
1795-05,
1795-06,
1795-07,12.9
1795-08,25.7
1795-09,13.5
1795-10,19.5
1795-11,25.0
1795-12,18.0
1796-01,22.0
1796-02,23.8
1796-03,15.7
1796-04,
1796-05,
1796-06,6.7
1796-07,
1796-08,1.5
1796-09,18.4
1796-10,
1796-11,
1796-12,
1797-01,14.4
1797-02,
1797-03,4.0
1797-04,
1797-05,
1797-06,
1797-07,4.3
1797-08,
1797-09,
1797-10,
1797-11,
1797-12,
1798-01,
1798-02,
1798-03,
1798-04,
1798-05,
1798-06,
1798-07,0.0
1798-08,
1798-09,2.4
1798-10,
1798-11,
1798-12,
1799-01,1.6
1799-02,
1799-03,
1799-04,8.4
1799-05,8.2
1799-06,10.6
1799-07,2.1
1799-08,
1799-09,
1799-10,
1799-11,2.7
1799-12,
1800-01,6.9
1800-02,9.3
1800-03,
1800-04,
1800-05,
1800-06,23.7
1800-07,21.0
1800-08,19.5
1800-09,11.5
1800-10,
1800-11,
1800-12,40.1
1801-01,
1801-02,
1801-03,
1801-04,31.0
1801-05,
1801-06,
1801-07,35.0
1801-08,
1801-09,
1801-10,32.6
1801-11,
1801-12,
1802-01,
1802-02,
1802-03,
1802-04,
1802-05,44.0
1802-06,46.0
1802-07,48.0
1802-08,
1802-09,51.8
1802-10,38.5
1802-11,
1802-12,50.0
1803-01,50.0
1803-02,50.8
1803-03,29.5
1803-04,
1803-05,44.3
1803-06,
1803-07,48.3
1803-08,34.1
1803-09,
1803-10,54.3
1803-11,
1803-12,
1804-01,45.3
1804-02,
1804-03,48.0
1804-04,
1804-05,
1804-06,34.8
1804-07,29.8
1804-08,43.1
1804-09,53.0
1804-10,
1804-11,61.0
1804-12,60.0
1805-01,
1805-02,
1805-03,
1805-04,37.5
1805-05,39.0
1805-06,
1805-07,
1805-08,42.7
1805-09,44.4
1805-10,29.4
1805-11,41.0
1805-12,38.3
1806-01,
1806-02,29.6
1806-03,32.7
1806-04,27.7
1806-05,26.4
1806-06,25.6
1806-07,30.0
1806-08,
1806-09,
1806-10,27.0
1806-11,
1806-12,24.0
1807-01,12.0
1807-02,12.2
1807-03,9.6
1807-04,23.8
1807-05,
1807-06,
1807-07,
1807-08,
1807-09,
1807-10,8.0
1807-11,2.6
1807-12,
1808-01,
1808-02,4.5
1808-03,
1808-04,
1808-05,13.5
1808-06,13.5
1808-07,
1808-08,
1808-09,
1808-10,
1808-11,10.5
1808-12,
1809-01,
1809-02,9.2
1809-03,0.9
1809-04,
1809-05,2.0
1809-06,7.7
1809-07,
1809-08,
1809-09,
1809-10,0.0
1809-11,
1809-12,
1810-01,
1810-02,
1810-03,
1810-04,0.0
1810-05,0.0
1810-06,0.0
1810-07,0.0
1810-08,
1810-09,
1810-10,
1810-11,
1810-12,0.0
1811-01,0.0
1811-02,0.0
1811-03,0.0
1811-04,
1811-05,0.0
1811-06,
1811-07,6.6
1811-08,
1811-09,2.4
1811-10,6.1
1811-11,0.8
1811-12,1.1
1812-01,
1812-02,
1812-03,0.7
1812-04,0.0
1812-05,1.0
1812-06,1.3
1812-07,0.5
1812-08,
1812-09,5.2
1812-10,3.9
1812-11,7.9
1812-12,
1813-01,0.0
1813-02,10.3
1813-03,
1813-04,16.6
1813-05,5.5
1813-06,11.2
1813-07,
1813-08,
1813-09,15.3
1813-10,27.8
1813-11,
1813-12,
1814-01,22.2
1814-02,12.0
1814-03,
1814-04,
1814-05,
1814-06,
1814-07,
1814-08,
1814-09,
1814-10,19.3
1814-11,14.5
1814-12,20.1
1815-01,19.2
1815-02,32.2
1815-03,
1815-04,
1815-05,
1815-06,
1815-07,35.5
1815-08,
1815-09,
1815-10,33.5
1815-11,
1815-12,
1816-01,26.3
1816-02,68.8
1816-03,73.7
1816-04,
1816-05,
1816-06,43.6
1816-07,38.8
1816-08,
1816-09,47.8
1816-10,
1816-11,
1816-12,
1817-01,
1817-02,57.9
1817-03,
1817-04,26.4
1817-05,21.2
1817-06,40.0
1817-07,
1817-08,
1817-09,36.7
1817-10,25.6
1817-11,
1817-12,28.4
1818-01,34.9
1818-02,
1818-03,25.4
1818-04,
1818-05,53.1
1818-06,
1818-07,
1818-08,
1818-09,
1818-10,
1818-11,10.9
1818-12,25.8
1819-01,
1819-02,20.7
1819-03,
1819-04,20.2
1819-05,
1819-06,35.0
1819-07,
1819-08,26.1
1819-09,
1819-10,27.5
1819-11,25.1
1819-12,30.6
1820-01,
1820-02,
1820-03,4.5
1820-04,
1820-05,
1820-06,
1820-07,20.6
1820-08,25.9
1820-09,5.2
1820-10,
1820-11,
1820-12,
1821-01,
1821-02,4.3
1821-03,
1821-04,
1821-05,
1821-06,1.8
1821-07,2.5
1821-08,4.8
1821-09,
1821-10,
1821-11,4.4
1821-12,
1822-01,
1822-02,
1822-03,16.1
1822-04,
1822-05,
1822-06,5.6
1822-07,7.9
1822-08,
1822-09,0.0
1822-10,
1822-11,0.0
1822-12,
1823-01,0.0
1823-02,0.0
1823-03,0.6
1823-04,0.0
1823-05,0.0
1823-06,0.0
1823-07,
1823-08,0.0
1823-09,0.0
1823-10,0.0
1823-11,0.0
1823-12,20.4
1824-01,
1824-02,
1824-03,0.0
1824-04,
1824-05,
1824-06,
1824-07,
1824-08,1.4
1824-09,20.5
1824-10,25.2
1824-11,
1824-12,0.8
1825-01,5.0
1825-02,15.5
1825-03,
1825-04,
1825-05,15.4
1825-06,
1825-07,
1825-08,
1825-09,15.7
1825-10,
1825-11,
1825-12,
1826-01,17.7
1826-02,18.2
1826-03,36.7
1826-04,24.0
1826-05,32.4
1826-06,
1826-07,52.5
1826-08,
1826-09,18.9
1826-10,
1826-11,
1826-12,
1827-01,34.6
1827-02,
1827-03,
1827-04,46.0
1827-05,
1827-06,
1827-07,42.9
1827-08,
1827-09,
1827-10,57.2
1827-11,48.2
1827-12,
1828-01,52.8
1828-02,64.4
1828-03,
1828-04,61.1
1828-05,89.1
1828-06,98.0
1828-07,
1828-08,
1828-09,
1828-10,54.7
1828-11,57.0
1828-12,46.6
1829-01,43.0
1829-02,
1829-03,
1829-04,
1829-05,67.5
1829-06,73.9
1829-07,
1829-08,
1829-09,
1829-10,57.2
1829-11,67.6
1829-12,56.5
1830-01,
1830-02,72.1
1830-03,84.6
1830-04,107.1
1830-05,
1830-06,65.1
1830-07,
1830-08,50.7
1830-09,
1830-10,
1830-11,
1830-12,
1831-01,47.5
1831-02,50.1
1831-03,93.4
1831-04,54.6
1831-05,
1831-06,33.4
1831-07,
1831-08,54.9
1831-09,
1831-10,46.2
1831-11,43.5
1831-12,
1832-01,
1832-02,55.5
1832-03,
1832-04,
1832-05,
1832-06,
1832-07,13.9
1832-08,8.9
1832-09,8.2
1832-10,21.1
1832-11,14.3
1832-12,27.5
1833-01,11.3
1833-02,
1833-03,11.8
1833-04,
1833-05,
1833-06,
1833-07,
1833-08,
1833-09,
1833-10,
1833-11,5.9
1833-12,
1834-01,4.9
1834-02,18.1
1834-03,
1834-04,1.4
1834-05,
1834-06,
1834-07,
1834-08,
1834-09,11.5
1834-10,
1834-11,30.5
1834-12,34.5
1835-01,7.5
1835-02,
1835-03,
1835-04,61.5
1835-05,43.6
1835-06,33.2
1835-07,59.8
1835-08,
1835-09,100.8
1835-10,95.2
1835-11,
1835-12,
1836-01,
1836-02,
1836-03,98.1
1836-04,142.9
1836-05,111.4
1836-06,
1836-07,
1836-08,107.8
1836-09,95.1
1836-10,
1836-11,
1836-12,206.2
1837-01,
1837-02,
1837-03,134.6
1837-04,
1837-05,
1837-06,158.0
1837-07,
1837-08,
1837-09,
1837-10,
1837-11,107.0
1837-12,129.8
1838-01,
1838-02,
1838-03,140.8
1838-04,126.6
1838-05,
1838-06,94.5
1838-07,108.2
1838-08,78.8
1838-09,
1838-10,
1838-11,77.4
1838-12,
1839-01,
1839-02,
1839-03,77.7
1839-04,
1839-05,53.8
1839-06,54.6
1839-07,84.7
1839-08,
1839-09,
1839-10,90.8
1839-11,
1839-12,
1840-01,81.2
1840-02,87.7
1840-03,55.5
1840-04,65.9
1840-05,
1840-06,
1840-07,
1840-08,
1840-09,74.0
1840-10,
1840-11,
1840-12,53.7
1841-01,
1841-02,
1841-03,
1841-04,
1841-05,67.4
1841-06,
1841-07,
1841-08,39.3
1841-09,35.1
1841-10,28.5
1841-11,
1841-12,38.8
1842-01,20.4
1842-02,22.1
1842-03,
1842-04,26.9
1842-05,
1842-06,20.5
1842-07,12.6
1842-08,26.5
1842-09,18.5
1842-10,
1842-11,40.5
1842-12,
1843-01,
1843-02,3.5
1843-03,8.3
1843-04,8.8
1843-05,
1843-06,10.5
1843-07,9.5
1843-08,11.8
1843-09,
1843-10,
1843-11,
1843-12,
1844-01,9.4
1844-02,14.7
1844-03,13.6
1844-04,
1844-05,12.0
1844-06,3.7
1844-07,21.2
1844-08,23.9
1844-09,
1844-10,21.5
1844-11,
1844-12,
1845-01,
1845-02,43.6
1845-03,43.3
1845-04,
1845-05,
1845-06,31.1
1845-07,30.6
1845-08,
1845-09,
1845-10,
1845-11,39.4
1845-12,59.7
1846-01,38.7
1846-02,
1846-03,63.9
1846-04,69.2
1846-05,59.9
1846-06,
1846-07,
1846-08,54.8
1846-09,107.1
1846-10,55.9
1846-11,
1846-12,
1847-01,62.6
1847-02,
1847-03,85.7
1847-04,
1847-05,
1847-06,
1847-07,52.2
1847-08,
1847-09,
1847-10,
1847-11,138.9
1847-12,
1848-01,159.1
1848-02,111.8
1848-03,108.9
1848-04,
1848-05,102.2
1848-06,
1848-07,139.2
1848-08,132.5
1848-09,
1848-10,
1848-11,
1848-12,
1849-01,
1849-02,131.7
1849-03,
1849-04,102.5
1849-05,80.6
1849-06,
1849-07,
1849-08,
1849-09,93.7
1849-10,
1849-11,
1849-12,97.0
1850-01,78.0
1850-02,
1850-03,82.6
1850-04,44.1
1850-05,
1850-06,
1850-07,39.1
1850-08,61.6
1850-09,86.2
1850-10,
1850-11,54.8
1850-12,60.0
1851-01,75.5
1851-02,
1851-03,
1851-04,56.5
1851-05,62.6
1851-06,
1851-07,36.1
1851-08,57.4
1851-09,67.9
1851-10,62.5
1851-11,50.9
1851-12,71.4
1852-01,
1852-02,
1852-03,61.2
1852-04,
1852-05,54.9
1852-06,
1852-07,42.0
1852-08,
1852-09,37.5
1852-10,67.3
1852-11,
1852-12,45.4
1853-01,41.1
1853-02,
1853-03,37.7
1853-04,
1853-05,34.7
1853-06,
1853-07,45.9
1853-08,50.4
1853-09,33.5
1853-10,42.3
1853-11,
1853-12,
1854-01,
1854-02,
1854-03,
1854-04,26.4
1854-05,
1854-06,
1854-07,18.7
1854-08,
1854-09,
1854-10,
1854-11,
1854-12,21.4
1855-01,12.3
1855-02,
1855-03,
1855-04,
1855-05,9.1
1855-06,
1855-07,0.4
1855-08,
1855-09,0.0
1855-10,
1855-11,
1855-12,
1856-01,0.5
1856-02,
1856-03,
1856-04,6.5
1856-05,0.0
1856-06,
1856-07,4.6
1856-08,
1856-09,
1856-10,
1856-11,7.7
1856-12,
1857-01,13.7
1857-02,
1857-03,5.2
1857-04,
1857-05,
1857-06,
1857-07,
1857-08,16.9
1857-09,42.4
1857-10,40.6
1857-11,
1857-12,
1858-01,
1858-02,
1858-03,57.5
1858-04,38.3
1858-05,
1858-06,
1858-07,56.7
1858-08,55.3
1858-09,
1858-10,
1858-11,
1858-12,
1859-01,83.7
1859-02,
1859-03,
1859-04,
1859-05,
1859-06,
1859-07,95.2
1859-08,106.8
1859-09,105.8
1859-10,
1859-11,
1859-12,
1860-01,81.5
1860-02,
1860-03,98.9
1860-04,71.4
1860-05,
1860-06,108.6
1860-07,116.7
1860-08,
1860-09,
1860-10,
1860-11,97.9
1860-12,
1861-01,62.3
1861-02,77.8
1861-03,
1861-04,
1861-05,56.8
1861-06,87.8
1861-07,
1861-08,82.5
1861-09,
1861-10,67.2
1861-11,53.7
1861-12,
1862-01,
1862-02,64.5
1862-03,
1862-04,
1862-05,
1862-06,84.0
1862-07,73.4
1862-08,
1862-09,66.6
1862-10,
1862-11,
1862-12,
1863-01,48.3
1863-02,
1863-03,66.4
1863-04,
1863-05,53.8
1863-06,40.8
1863-07,
1863-08,
1863-09,22.0
1863-10,39.9
1863-11,
1863-12,
1864-01,57.7
1864-02,
1864-03,66.3
1864-04,35.8
1864-05,
1864-06,57.8
1864-07,54.7
1864-08,54.8
1864-09,
1864-10,
1864-11,57.6
1864-12,
1865-01,
1865-02,
1865-03,39.5
1865-04,
1865-05,
1865-06,
1865-07,26.8
1865-08,37.8
1865-09,
1865-10,17.1
1865-11,
1865-12,
1866-01,31.6
1866-02,38.4
1866-03,
1866-04,
1866-05,
1866-06,16.5
1866-07,
1866-08,
1866-09,7.3
1866-10,
1866-11,
1866-12,1.5
1867-01,0.0
1867-02,
1867-03,9.2
1867-04,
1867-05,2.9
1867-06,1.5
1867-07,
1867-08,
1867-09,
1867-10,13.5
1867-11,
1867-12,25.2
1868-01,15.6
1868-02,15.8
1868-03,
1868-04,36.6
1868-05,
1868-06,31.1
1868-07,
1868-08,34.4
1868-09,43.8
1868-10,
1868-11,59.1
1868-12,67.6
1869-01,60.9
1869-02,
1869-03,
1869-04,41.0
1869-05,104.0
1869-06,108.4
1869-07,59.2
1869-08,79.6
1869-09,80.6
1869-10,59.4
1869-11,
1869-12,104.3
1870-01,77.3
1870-02,114.9
1870-03,159.4
1870-04,
1870-05,
1870-06,
1870-07,
1870-08,153.8
1870-09,136.0
1870-10,146.4
1870-11,147.5
1870-12,130.0
1871-01,
1871-02,
1871-03,
1871-04,
1871-05,
1871-06,
1871-07,103.0
1871-08,110.0
1871-09,
1871-10,
1871-11,
1871-12,90.3
1872-01,
1872-02,120.1
1872-03,88.4
1872-04,102.1
1872-05,107.6
1872-06,109.9
1872-07,105.5
1872-08,92.9
1872-09,
1872-10,
1872-11,
1872-12,
1873-01,
1873-02,107.0
1873-03,98.3
1873-04,
1873-05,
1873-06,
1873-07,66.9
1873-08,
1873-09,
1873-10,47.4
1873-11,55.4
1873-12,
1874-01,
1874-02,64.2
1874-03,46.4
1874-04,
1874-05,
1874-06,
1874-07,67.8
1874-08,
1874-09,
1874-10,
1874-11,
1874-12,
1875-01,14.6
1875-02,22.2
1875-03,33.8
1875-04,29.1
1875-05,
1875-06,
1875-07,12.5
1875-08,14.6
1875-09,2.4
1875-10,12.7
1875-11,
1875-12,9.9
1876-01,
1876-02,
1876-03,31.2
1876-04,2.3
1876-05,5.1
1876-06,
1876-07,
1876-08,8.8
1876-09,9.9
1876-10,
1876-11,9.9
1876-12,
1877-01,24.4
1877-02,
1877-03,
1877-04,
1877-05,21.2
1877-06,
1877-07,
1877-08,
1877-09,
1877-10,
1877-11,14.5
1877-12,2.3
1878-01,3.3
1878-02,
1878-03,7.8
1878-04,0.1
1878-05,
1878-06,
1878-07,
1878-08,
1878-09,5.3
1878-10,1.1
1878-11,
1878-12,0.5
1879-01,0.8
1879-02,0.6
1879-03,
1879-04,
1879-05,2.4
1879-06,4.8
1879-07,7.5
1879-08,10.7
1879-09,
1879-10,12.3
1879-11,
1879-12,
1880-01,
1880-02,
1880-03,
1880-04,
1880-05,
1880-06,34.1
1880-07,
1880-08,48.1
1880-09,66.0
1880-10,
1880-11,30.7
1880-12,
1881-01,36.4
1881-02,
1881-03,51.5
1881-04,51.7
1881-05,43.5
1881-06,
1881-07,
1881-08,
1881-09,
1881-10,64.0
1881-11,54.8
1881-12,47.3
1882-01,45.0
1882-02,
1882-03,
1882-04,
1882-05,
1882-06,
1882-07,45.4
1882-08,40.4
1882-09,
1882-10,59.2
1882-11,
1882-12,
1883-01,60.6
1883-02,46.9
1883-03,
1883-04,82.1
1883-05,32.1
1883-06,
1883-07,
1883-08,
1883-09,52.6
1883-10,
1883-11,84.5
1883-12,75.9
1884-01,91.5
1884-02,86.9
1884-03,86.8
1884-04,76.1
1884-05,66.5
1884-06,
1884-07,53.1
1884-08,
1884-09,
1884-10,47.8
1884-11,
1884-12,
1885-01,42.8
1885-02,71.8
1885-03,
1885-04,55.0
1885-05,73.0
1885-06,83.7
1885-07,
1885-08,
1885-09,39.6
1885-10,38.7
1885-11,33.3
1885-12,
1886-01,
1886-02,
1886-03,57.3
1886-04,43.7
1886-05,30.7
1886-06,27.1
1886-07,30.3
1886-08,16.9
1886-09,21.4
1886-10,
1886-11,
1886-12,12.4
1887-01,
1887-02,13.2
1887-03,4.2
1887-04,6.9
1887-05,20.0
1887-06,15.7
1887-07,23.3
1887-08,21.4
1887-09,7.4
1887-10,
1887-11,6.9
1887-12,20.7
1888-01,
1888-02,7.1
1888-03,
1888-04,5.1
1888-05,
1888-06,7.1
1888-07,
1888-08,
1888-09,
1888-10,2.1
1888-11,
1888-12,
1889-01,0.8
1889-02,
1889-03,
1889-04,
1889-05,2.4
1889-06,6.4
1889-07,9.7
1889-08,20.6
1889-09,
1889-10,
1889-11,
1889-12,6.7
1890-01,
1890-02,
1890-03,
1890-04,1.6
1890-05,
1890-06,
1890-07,
1890-08,
1890-09,
1890-10,11.2
1890-11,
1890-12,7.8
1891-01,13.5
1891-02,22.2
1891-03,
1891-04,20.5
1891-05,41.1
1891-06,48.3
1891-07,
1891-08,
1891-09,
1891-10,51.5
1891-11,
1891-12,32.3
1892-01,
1892-02,75.6
1892-03,49.9
1892-04,69.6
1892-05,79.6
1892-06,76.3
1892-07,
1892-08,
1892-09,62.8
1892-10,70.5
1892-11,
1892-12,78.6
1893-01,75.0
1893-02,
1893-03,
1893-04,88.1
1893-05,
1893-06,
1893-07,
1893-08,
1893-09,
1893-10,79.7
1893-11,
1893-12,
1894-01,83.2
1894-02,
1894-03,
1894-04,
1894-05,
1894-06,98.9
1894-07,
1894-08,70.3
1894-09,
1894-10,75.5
1894-11,
1894-12,
1895-01,
1895-02,67.2
1895-03,
1895-04,76.9
1895-05,67.5
1895-06,71.5
1895-07,
1895-08,
1895-09,
1895-10,
1895-11,47.2
1895-12,70.7
1896-01,
1896-02,57.4
1896-03,
1896-04,43.8
1896-05,
1896-06,49.0
1896-07,45.0
1896-08,27.2
1896-09,
1896-10,
1896-11,38.0
1896-12,
1897-01,40.6
1897-02,29.4
1897-03,
1897-04,31.0
1897-05,
1897-06,
1897-07,
1897-08,
1897-09,
1897-10,14.3
1897-11,
1897-12,33.3
1898-01,
1898-02,
1898-03,38.3
1898-04,
1898-05,
1898-06,
1898-07,9.0
1898-08,
1898-09,
1898-10,
1898-11,
1898-12,12.6
1899-01,
1899-02,9.2
1899-03,
1899-04,
1899-05,
1899-06,20.5
1899-07,13.5
1899-08,
1899-09,
1899-10,
1899-11,
1899-12,10.5
