,V1,V2,V3,V4,V5,V6,V7
0,Y1,7290.2,7392.6,7527.6,7594.8,7720.7,7823.2
1,Y2,,1366.0,1288.0,1148.0,1139.0,1062.0
2,Y3,,8660.0,8780.0,8830.0,8990.0,9230.0
3,Y4,,9790.0,9940.0,9940.0,10110.0,10400.0
4,Y5,,7420.0,7570.0,8010.0,8240.0,8730.0
5,Y6,3751.79,3854.54,4003.45,4229.12,4502.05,4741.77
6,Y7,3169.24,3188.37,3231.05,3318.34,3430.45,3540.68
7,Y8,1847.3466329456162,2357.19,2359.22,2346.79,2349.57,2352.89
8,Y9,1279.6718780000945,2235.605,2234.682,2232.185,2217.827,2206.212
9,Y10,2510.7910103686404,2162.9,2181.906,2167.475,2135.708,2122.196
10,Y11,1465.4433690465478,1445.935,1455.686,1460.164,1462.11,1466.256
11,Y12,1936.0268,1957.9027,1987.1855,2016.1373,2034.6528,2060.5974
12,Y13,5697.323196812518,4880.8,4991.3,5067.7,5412.5,5379.0
13,Y14,5343.017126287674,4969.1,5156.8,5287.7,5609.8,5612.3
14,Y15,5125.066049097841,5368.2,5739.3,5831.2,6491.5,6272.6
15,Y16,3063.2,2982.7,3012.5,3046.1,3171.5,3252.4
16,Y17,3885.7576402391605,3896.2,3931.4,3975.3,4132.9,4226.1
17,Y18,2545.7915793018847,3410.3,3471.0,3528.1,3651.0,3713.7
18,Y19,1861.3916659497895,2448.49,2404.06,2586.15,2601.35,2615.08
19,Y20,6334.470005779903,7190.36,7241.79,7562.98,7534.85,7461.09
20,Y21,6845.8,9518.2,8390.5,9581.9,9374.1,8733.5
21,Y22,3823.9956257423078,3718.48,3701.49,3982.13,3999.56,4078.38
22,Y23,7455.13742136973,7951.6,7434.0,7537.1,7316.3,7240.9
23,Y24,7880.739317979379,7758.95,7849.52,8138.36,7924.66,7853.05
24,Y25,2238.35,2473.02,2449.83,2508.1,2405.14,2344.65
25,Y26,5727.97,5875.35,5869.78,6260.36,6221.0,6273.72
26,Y27,936.8353686192069,1552.501,1564.619,1612.608,1569.061,1555.66
27,Y28,1015.6040044792904,1432.702,1414.062,1479.589,1456.518,1465.493
28,Y29,4140.813745883836,3878.19,3902.188,3885.841,3853.194,3842.311
29,Y30,4661.404470157217,4352.551,4408.16,4450.216,4490.119,4552.869
30,Y31,4610.605692340795,3612.289,3641.019,3633.453,3652.999,3652.519
31,Y32,5734.752098524829,5060.605,5064.938,5059.442,5048.156,5053.33
32,Y33,1196.91,1186.359,1186.328,1186.805,1184.368,1181.182
33,Y34,1610.1949,1610.8123,1627.5814,1629.4475,1632.7424,1638.7307
34,Y35,2674.2247552052777,3186.738,3205.148,3204.902,3208.018,3234.029
35,Y36,773.7417605218006,1092.0504,1097.9697,1095.344,1088.2221,1087.5634
36,Y37,3284.4116970713203,3742.367,3776.237,3798.934,3798.104,3831.152
37,Y38,3846.0,4348.0,5891.0,6578.0,7103.0,7965.0
38,Y39,2114.52092325795,3971.0,4518.0,5347.0,5933.0,6315.0
39,Y40,3059.7589545196547,4971.0,5137.0,5268.8,5448.4,5606.6
40,Y41,13682.411773721278,15241.0,15562.1,15822.2,16192.5,16570.4
41,Y42,5775.2,5813.3,5780.9,5764.6,5899.0,6061.5
42,Y43,2969.0,2882.0,2911.0,2891.0,2929.0,3015.0
43,Y44,7526.664670885029,10611.6,10682.5,10874.6,11138.6,11303.9
44,Y45,6266.2467504306915,10528.1,10638.5,10796.8,11009.8,11071.6
45,Y46,6536.0,6627.0,6545.0,6144.0,6011.0,5925.0
46,Y47,1025.460338792386,6633.0,6552.0,6151.0,6017.0,5931.0
47,Y48,851.1362242975829,5910.0,5740.0,5620.0,5550.0,5580.0
48,Y49,2495.6,2458.7,2438.5,2433.5,2432.7,2441.1
49,Y50,12896.961065135236,18044.0,17971.0,18022.0,18115.0,18214.0
50,Y51,3000.6965424115488,7867.0,7733.0,7749.0,7800.0,7842.0
51,Y52,15873.939710087121,20472.0,22631.0,24642.0,26404.0,28928.0
52,Y53,13278.343976759894,17829.0,18727.0,18762.0,15267.0,13775.0
53,Y54,9071.0,9765.0,10836.0,12355.0,13979.0,15927.0
54,Y55,-2309.1639424035066,3116.18,3472.21,3803.11,4164.57,4687.12
55,Y56,13365.0,15405.0,17620.0,20153.0,23291.0,28244.0
56,Y57,-4646.569174635341,2199.6,2211.1,2283.7,2366.7,2477.4
57,Y58,5471.658220689404,11126.7,11241.9,11304.6,11564.1,11253.7
58,Y59,4746.565846678537,10355.7,10462.3,10518.9,10638.2,10674.7
59,Y60,5501.025362300156,10411.4,10601.4,10754.8,10941.7,10991.8
60,Y61,6223.8958569410715,11585.6,12141.4,12129.6,12427.8,12071.4
61,Y62,14025.73801615681,19998.5,19194.1,19298.3,16731.6,10097.0
62,Y63,5118.164326585815,12039.8,11941.5,12122.8,12091.7,11554.0
63,Y64,2944.920559956836,10000.0,11175.1,11355.5,11607.1,12471.4
64,Y65,3796.5315926522553,10091.5,9753.2,9170.3,8312.2,7702.7
65,Y66,4356.9140695757815,10810.8,11297.4,11698.9,12081.1,12792.3
66,Y67,10573.2,10926.4,10910.6,11052.3,11385.9,11727.0
67,Y68,4415.645927534797,10327.5,10441.1,10716.0,11208.9,11345.9
68,Y69,4778.761628096295,10624.7,11111.6,11113.8,11676.7,12467.4
69,Y70,6297.703553454392,11053.8,11672.6,12154.8,12726.6,13657.5
70,Y71,8714.5,9541.0,9797.1,10591.5,11418.0,12029.9
71,Y72,6201.566598615119,10184.0,10253.7,10101.8,10112.9,10359.1
72,Y73,6723.687971562236,10557.0,10271.2,9743.6,9543.9,9055.8
73,Y74,6756.304771190617,10683.9,10703.2,10589.9,10263.1,10462.2
74,Y75,5600.642528002261,9379.4,9084.8,9028.6,9158.4,9617.7
75,Y76,5370.205548266116,8804.3,8365.4,8158.1,8029.0,8272.4
76,Y77,9921.9,10233.8,10710.4,10730.0,10999.5,11401.0
77,Y78,10012.49,10425.61,10740.19,11156.42,11535.03,11810.02
78,Y79,4523.75,4518.98,5053.22,5712.02,6108.11,6880.9
79,Y80,2826.006807206043,5165.3,5396.7,4488.9,4349.7,4169.0
80,Y81,4591.3,4634.52,4594.0,4471.59,4544.02,4636.48
81,Y82,13134.010569593578,14452.06,15460.04,16994.23,18604.08,20098.51
82,Y83,8105.571484136236,9940.24,10169.12,10500.8,10756.51,10982.52
83,Y84,2449.312566285247,3717.0,3784.0,3852.0,3709.0,3761.0
84,Y85,196.81047978553022,1852.0,2155.0,2152.0,2534.0,2407.0
85,Y86,694.687659744751,2666.0,3113.0,2818.0,2690.0,2745.0
86,Y87,7134.159884682283,9445.0,9758.0,10945.0,12347.0,11728.0
87,Y88,9630.0,2950.0,8980.0,5700.0,5930.0,6760.0
88,Y89,591.0,749.0,3393.0,5532.0,7612.0,7419.0
89,Y90,4950.391180667192,6240.0,5220.0,5770.0,5760.0,5270.0
90,Y91,7005.929855161118,8100.0,8400.0,8800.0,8500.0,8800.0
91,Y92,-579.1776702425198,1309.25,1332.96,1671.22,1247.06,1126.32
92,Y93,5428.796656242425,7961.522124,7880.144762,7834.042281,7811.190179,7876.932044
93,Y94,5084.198200520299,6818.940605,6808.068775,6826.616113,7121.455572,7189.763667
94,Y95,4002.548479702387,6556.567073,6691.477647,6867.815696,7153.783337,7149.86989
95,Y96,7541.882668,7563.246815,8276.070465,8772.407446,7992.98888,8097.88432
96,Y97,4294.118982321553,6335.121402,6297.091716,6355.53714,6760.106504,6608.052647
97,Y98,6887.24852888109,9131.047774,9169.057104,9079.217031,9293.295217,9003.762213
98,Y99,5603.331089074398,8039.185746,7908.631386,7840.263257,7963.129617,7666.321479
99,Y100,6776.127541010066,8641.627995,8642.419661,8816.620618,8799.285497,8993.35407
100,Y101,1067.250861149965,2088.622714,2162.075003,2759.10773,2547.947426,2554.177494
101,Y102,7670.320165578758,8850.409191,8878.049529,8921.286405,9182.042189,9139.435762
102,Y103,4655.796605330811,5178.511666,5064.666563,5053.510339,5038.717206,5114.681166
103,Y104,1236.9917575227967,1665.908761,1706.114167,1579.553209,1831.244185,1843.999151
104,Y105,2301.457612,2409.515782,3214.755206,3327.150411,3047.057768,3232.444424
105,Y106,3275.744791153261,2139.809885,2160.610848,1701.391832,1364.414998,1608.955005
106,Y107,3642.6661803158286,2906.42791,2948.470926,2873.795766,2970.12402,3077.57496
107,Y108,2895.4525486310326,1214.567813,1358.956311,1777.893165,1563.522846,2150.383616
108,Y109,4952.704564597201,2967.97814,3420.707102,3611.647303,3713.924128,3596.41535
109,Y110,3933.9869193430222,2129.579591,2172.871402,2190.77729,1957.962517,1958.493502
110,Y111,3937.3814297169015,2428.779618,2279.587735,2089.704454,1688.400893,2109.358266
111,Y112,2994.20097120082,1206.310052,1249.502192,1393.841685,1509.945115,1534.155809
112,Y113,4301.86012507055,2008.837288,1614.103493,1528.104912,1622.819561,1370.568808
113,Y114,3867.499486241402,2018.081695,1900.163385,1988.911009,2026.481574,1989.877657
114,Y115,3759.0603867433347,1579.234943,1676.666953,1759.756835,1925.526403,1752.42188
115,Y116,3903.4418261204837,2159.828904,2169.486458,2121.616695,2115.133129,2043.513552
116,Y117,3828.062227044378,2562.470298,2632.314744,3138.023916,2102.306489,2651.733213
117,Y118,4270.828178094882,2100.36408,2208.149074,2350.692709,2131.580375,2331.172094
118,Y119,4076.9552701248535,2736.683628,2824.059366,2905.555888,2571.752743,2521.064767
119,Y120,3570.136965535921,1712.620388,1818.680464,1766.685248,1749.319654,1772.746154
120,Y121,5648.1946391990305,4079.093067,3673.89931,3386.583883,2138.256674,2856.367602
121,Y122,4228.1530679440075,3363.426434,3171.680237,3730.082271,3761.08586,4212.832161
122,Y123,2445.2341633498045,2273.218998,2337.299662,2253.819172,1879.810027,1982.44989
123,Y124,2077.8083545268305,1942.839885,2125.509973,2539.528574,2605.021933,2415.910498
124,Y125,7958.325009,7848.362683,7862.539318,8060.377528,7948.082543,7886.954514
125,Y126,2952.526199890394,3282.340483,4049.20914,3958.676768,4744.562947,3855.726837
126,Y127,6946.601143,6760.75175,6804.373299,6738.763463,6559.428975,6544.356018
127,Y128,8165.22108428215,9135.892148,9080.769287,9122.868227,9492.629762,8951.844856
128,Y129,3115.170123,3127.066984,3241.321208,2978.32969,3800.674376,3376.22116
129,Y130,5541.456128849943,6603.16904,6526.55611,6600.73861,6971.436963,6819.098406
130,Y131,8125.61545,8476.248204,8148.29506,8279.596991,7943.913344,7826.841103
131,Y132,5719.266033946215,7267.300458,7168.412744,7138.1777,6981.248688,6889.278953
132,Y133,3132.5322133810487,5453.331287,6079.931033,6700.138514,6614.091901,6545.287411
133,Y134,9022.157788831217,11837.31348,12678.95605,13362.68055,14271.79873,15363.34294
134,Y135,9196.636925,10427.53794,11586.61383,12751.73032,12599.42636,13149.32826
135,Y136,1176.5255607705571,3932.130881,4241.109363,4387.247213,4869.409243,5448.608093
136,Y137,1496.2766476696468,3708.520444,3862.304716,3983.965917,3731.803812,3877.463697
137,Y138,9798.725949695734,12366.77641,12646.53268,14041.36682,14836.59105,15168.36613
138,Y139,8000.799882316272,10421.26354,11075.15964,12018.37425,13214.65768,14193.27974
139,Y140,4172.583051746962,7232.138737,8101.997095,8603.162327,8597.5309,8706.518166
140,Y141,4210.958704,5187.120672,5912.309111,6184.649096,5739.21015,5751.195002
141,Y142,4964.204069,5790.763698,7170.188805,7410.932207,7995.936981,8832.103145
142,Y143,2140.3889305225016,5480.400619,5724.471736,6244.878512,5581.988922,5871.533061
143,Y144,5567.231465,6469.067704,7246.88041,7938.920505,7932.79418,8965.257815
144,Y145,12792.949732726047,14631.92824,16228.04484,17574.24566,18272.48787,19065.51043
145,Y146,7925.722138882485,9877.806764,10717.41977,11704.63016,12448.44078,13195.19889
146,Y147,-218.7944774171846,2491.964697,2779.996683,2953.481918,2771.233055,2776.878803
147,Y148,4671.5647164187085,7521.071829,8264.629925,9071.717619,9003.430959,9812.806854
148,Y149,525.3920939331335,3199.465271,3370.130501,3412.879785,3186.107485,3156.690887
149,Y150,8630.14338,8926.347114,9494.554839,10929.24655,10033.7571,9352.818303
150,Y151,2098.914769,2235.160265,2365.772041,2476.771424,2393.699194,2369.741848
151,Y152,6645.623077055203,8849.60595,9787.700658,10487.10515,10158.10369,11398.45008
152,Y153,9982.961364651093,12550.61601,14898.58786,17066.09813,15001.73267,16169.42961
153,Y154,3426.35114,4959.189839,3701.62091,4105.86627,4763.090882,5162.142513
154,Y155,10912.170597308765,13185.94138,17730.89734,18664.58025,18796.13847,21403.32131
155,Y156,1556.4142015805141,3579.948541,3810.776321,3906.993499,3897.807102,3975.947574
156,Y157,3037.972484,3442.732516,3753.857534,3837.621994,4343.844072,4451.325277
157,Y158,3467.74791,3706.092456,3862.263773,3986.951109,3732.404912,3874.650592
158,Y159,4207.928345893925,6628.838563,6840.604678,7319.22587,6437.790897,7220.849431
159,Y160,3137.976769,3280.190207,3441.006862,3464.016682,3319.289937,3465.503836
160,Y161,9398.249878,9573.109467,9710.769274,9740.721337,9665.730193,9769.271636
161,Y162,11023.900431547605,12914.78976,14456.31559,16259.85923,16288.22045,16756.78181
162,Y163,2998.459093,3287.778827,3468.756853,3708.311221,3966.162155,4133.720642
163,Y164,7175.019069,7502.274832,7599.401005,8156.789419,7729.911861,8156.960461
164,Y165,10482.19905,11471.60951,12388.53819,13724.60344,12862.4431,13992.5397
165,Y166,15107.4653,16835.79657,19164.69706,18102.80097,15411.33631,16295.02422
166,Y167,11554.717967239296,14428.02406,15239.19891,15280.99574,16042.44378,16577.29016
167,Y168,1161.3078446848062,3586.664218,3673.335557,3823.930043,3999.6657,4058.636446
168,Y169,7840.661497219068,9976.328717,10618.12563,11868.6105,12570.88515,13209.50164
169,Y170,6766.794533,7387.239332,8031.685955,8476.709088,8405.478165,8907.69685
170,Y171,800.269419774144,3317.907186,3504.703935,3438.419369,3857.273859,3874.607129
171,Y172,2074.695252,2344.62161,2476.097792,2295.105465,2279.948316,2489.740358
172,Y173,17401.784655375526,18694.31017,19604.47955,19945.78965,19021.83359,18892.06319
173,Y174,2090.1924656484443,3318.411665,3498.738068,3458.148479,3129.258292,3222.092546
174,Y175,2755.075663970328,3593.038277,3517.023861,3445.769738,3475.86873,3591.837458
175,Y176,57.70430170686791,1142.597094,1136.682987,1197.972249,1248.996326,1265.72584
176,Y177,2278.5659236665642,4080.758224,4132.336517,3845.281939,3497.174961,3407.88772
177,Y178,1510.74653,1633.93121,1798.01135,1637.754563,1375.819634,1444.389866
178,Y179,1020.0303336738658,2073.759214,2132.684102,2106.309957,2154.018865,2206.993745
179,Y180,4198.861672,4523.57699,4966.22173,4927.255501,4632.736538,5237.467052
180,Y181,9923.527922545247,9642.979973,9931.594842,10683.76269,11186.72037,11631.92807
181,Y182,2056.241830386465,2228.315309,2262.230794,2292.604509,2336.114399,2411.228316
182,Y183,11358.824996565741,11992.807,12263.596,12531.357,12799.293,13068.161
183,Y184,1413.5054976556362,2048.9472,2074.9625,2100.731,2126.2641,2151.5754
184,Y185,886.2136976244353,1324.333,1315.912,1307.605,1299.371,1291.17
185,Y186,1043.9872319121012,2050.554,2055.915,2061.315,2066.718,2072.086
186,Y187,4593.041,4610.82,4627.926,4644.457,4660.539,4676.305
187,Y188,2219.7164,2215.0478,2210.6151,2206.0808,2201.1818,2195.9278
188,Y189,10012.905,10111.973,10212.857,10315.836,10420.551,10525.041
189,Y190,8695.623324991235,9258.687052,9654.678183,10593.86382,11527.40638,9845.463544
190,Y191,4359.371109,4503.972708,5206.628677,5884.846988,5600.740345,5303.743881
191,Y192,4136.173909128951,5394.204953,5914.589934,6811.617413,6354.446181,6430.436797
192,Y193,10798.37527,10805.62621,11672.59071,12375.73982,11666.89969,11144.59336
193,Y194,8833.044807,8811.941572,9624.69472,10463.49423,10186.97434,9763.401764
194,Y195,9842.898173153071,12298.60571,13298.58031,13861.25665,12655.50173,11648.68875
195,Y196,7965.030039617415,10194.70909,11005.76594,11715.52084,11149.44387,10634.41345
196,Y197,1403.4944597475594,3146.203362,3651.136793,3621.937891,3368.223538,3933.157405
197,Y198,3404.663765848837,5591.015399,5669.595406,5210.244001,5549.271176,6617.037136
198,Y199,5064.946618690425,6788.636088,7279.984539,7890.479246,7545.409078,7189.111441
199,Y200,4646.232732,4656.435366,4996.664237,5254.701386,4349.853174,4644.38204
200,Y201,2973.4839877401078,5186.954931,5622.398247,5937.885274,5429.900899,6049.643963
201,Y202,6982.738694715976,7870.037679,8031.785753,7371.60647,7719.661266,9367.711619
202,Y203,3997.4170848184685,5712.542173,5602.899308,5515.892431,4119.676746,2113.037555
203,Y204,10739.48841,10759.88746,11598.74803,12473.38657,11649.21809,11325.03038
204,Y205,2749.986333903047,3831.501391,3656.672853,3285.049435,3157.789943,3342.886049
205,Y206,3596.273148582809,4939.193052,5412.870462,5992.07452,5777.739651,5610.850081
206,Y207,3362.431113,3587.468162,3769.743371,4510.698438,4331.979117,3667.699701
207,Y208,7453.012811165236,8867.166775,9676.244219,10521.69596,10230.50619,9849.003689
208,Y209,6541.166598475227,7233.282056,7900.437634,8785.425199,8287.475492,7919.35649
209,Y210,2032.4894726809373,3110.25013,3480.462341,3389.678247,3225.538433,3682.540446
210,Y211,4358.989730948479,5073.355292,5513.307113,6107.600017,5924.559244,5793.022381
211,Y212,3334.9429700909186,4655.02717,4978.669373,5236.512381,4346.164253,4621.322565
212,Y213,4252.876833906077,6152.612188,6060.411519,7858.525125,7366.140737,7918.528015
213,Y214,3107.354887,3208.201273,3667.513438,3566.537715,3654.125362,4187.689822
214,Y215,7595.336844,8731.935646,10137.63076,11157.12918,9592.277436,9907.480353
215,Y216,3561.4827273251713,4645.572968,4791.061177,6278.449366,5656.68886,5532.278931
216,Y217,3260.612583,3447.252953,3620.731479,3770.624561,3611.702789,4101.938742
217,Y218,9742.332936091649,11094.77414,13838.6429,15021.87879,20601.38289,16352.09276
218,Y219,-369.9350541339162,1446.023631,1529.614226,1630.564394,1548.444454,1486.334579
219,Y220,6308.75890445786,7935.198045,7732.579532,7903.275413,7708.033286,7525.364628
220,Y221,9726.154595683982,10953.04169,11354.47859,12782.81147,11601.75117,12470.00219
221,Y222,-337.7745747910319,1548.692111,1709.789955,1349.190232,1010.650417,1080.900065
222,Y223,9553.68231,9022.646895,9264.474532,8736.250524,9846.909114,11768.88419
223,Y224,6600.543633,6639.771107,7243.43813,7706.974397,7130.640965,7810.001465
224,Y225,7898.853497177376,9693.305749,11007.44152,10495.22075,9112.949958,10598.13302
225,Y226,429.8645778764999,1120.894714,1189.87173,1317.845403,1243.714325,1187.378376
226,Y227,8349.005174058575,9388.479829,10247.63695,10972.97902,10525.20201,10253.84079
227,Y228,4335.02557113165,4857.597704,4736.919247,4245.030206,4110.180089,4379.536408
228,Y229,4508.984408,5307.391015,5841.294051,6409.482324,6168.959689,6455.477083
229,Y230,3877.730044998595,5562.375656,6285.754485,6673.103287,6352.597385,7091.69138
230,Y231,-811.9171679857371,1110.650599,1239.774871,1334.396288,1225.213259,1165.252741
231,Y232,5185.141738,5254.596139,5961.162145,7122.222114,6317.930955,6447.656636
232,Y233,5076.137433796771,6054.276656,6095.322622,6173.163665,6475.905653,6594.858261
233,Y234,8667.19179704051,9789.343234,10725.93292,11440.98274,10721.52085,10292.02591
234,Y235,6351.030088083675,7037.794176,7467.027359,8038.989005,7383.282636,7480.8715
235,Y236,6312.129238771232,7275.629902,8056.045084,9026.451572,9109.065358,9338.107
236,Y237,7444.195082,7997.536829,8297.845377,8381.884111,6966.549008,7534.708907
237,Y238,4220.852821,4588.360281,4547.60289,4102.551952,4161.342314,4086.828335
238,Y239,245.56163151171603,3444.626148,3837.222101,3797.205743,3691.006804,4193.447921
239,Y240,909.7397570156836,3941.402464,3956.043499,3895.053002,3884.647401,4108.685528
240,Y241,7681.243535,8345.043624,9309.739029,9836.44313,10478.77204,10521.26914
241,Y242,2685.030019,2429.124159,2296.196476,2811.522623,2671.010931,2740.010632
242,Y243,3879.93858,3844.005127,3921.692682,3958.196567,3963.306881,3981.173547
243,Y244,16169.058091438306,20723.06376,21973.28344,22728.71332,22382.80085,22813.05409
244,Y245,12648.42333155254,16751.05152,18092.35622,18951.53079,17625.05329,17966.28678
245,Y246,5886.008211012833,10825.91105,11314.13205,12558.12662,14207.86018,15334.8666
246,Y247,8965.68024,9944.798435,10612.46908,11473.68364,12408.20731,13073.8952
247,Y248,6495.341144,7764.505089,9613.748704,10259.05241,11148.79007,12529.04638
248,Y249,14916.205575028935,20847.78736,24258.37192,27332.46717,25738.23934,25826.64845
249,Y250,-10.279787841178859,4775.844089,5281.884471,5045.410704,5590.669158,5715.989499
250,Y251,-842.3542695726936,3847.723733,4181.866277,4772.743568,5160.163814,5533.842651
251,Y252,9925.270757437174,13314.5,13961.9,14219.2,13863.6,14447.1
252,Y253,12067.35572,12507.09676,13800.07498,13803.89804,13725.2811,14030.16329
253,Y254,10159.19977,10071.34009,10044.62005,10026.53096,10034.37894,10028.86353
254,Y255,5622.154518856753,9552.066126,9553.948507,9581.283148,9561.213235,9565.627202
255,Y256,7073.129606546976,10047.49108,10134.58539,9982.780149,9584.036807,9388.523407
256,Y257,5364.763508292479,8014.640567,8290.053603,8002.028884,9426.435407,9191.489362
257,Y258,4611.902968,4856.267325,5030.844003,4978.898916,4546.333648,4586.649122
258,Y259,5362.008549274684,7432.303928,7790.824214,8087.780703,7976.793964,8324.386559
259,Y260,7504.394186559473,9806.151048,10493.55969,10856.78851,9279.921745,9675.351366
260,Y261,1380.8257289680512,3737.982782,3788.443127,3774.921194,3624.747232,3710.355928
261,Y262,2009.542884,2139.139857,2101.657531,2085.482004,2266.139576,2410.547437
262,Y263,7589.231549793621,8675.513546,9311.096432,9745.00615,9864.717821,10502.94265
263,Y264,3095.433330160524,3361.581957,3551.98873,3554.772284,3173.430786,3298.884535
264,Y265,4262.671918562618,4470.175067,4392.348204,4333.963441,4210.829649,4151.743822
265,Y266,1046.2564177790493,1135.143383,1124.243168,1201.192734,1258.487062,1271.46968
266,Y267,2950.573038758387,3439.779675,3613.058233,3699.27405,3553.521133,3579.585202
267,Y268,1808.3773201049398,2411.313932,2507.484327,2564.386069,2524.036201,2603.456006
268,Y269,11806.10478,12534.55251,13380.0676,13844.66846,13697.41203,13947.38264
269,Y270,7175.019069,7366.555264,7486.515473,7223.014069,7000.228678,7025.809122
270,Y271,2906.9597720558386,2881.097137,3158.27201,3424.885646,3287.753479,3522.954407
271,Y272,2031.379968,2071.961614,2149.383054,2219.836516,2145.986953,2185.039245
272,Y273,9857.687701966011,10937.16811,11434.19421,11692.39513,11150.61572,11956.05057
273,Y274,4349.372488017856,4752.189256,4635.113961,4941.169267,4670.587934,4810.407015
274,Y275,9809.731549,9997.643516,10227.26644,10740.47492,11100.01876,11452.3877
275,Y276,13249.96678,14064.44995,15003.52038,15781.90351,16088.95789,16705.1708
276,Y277,6721.275337965443,7576.283571,8119.498046,8608.188922,8398.247721,8594.189588
277,Y278,1832.723858,1935.51514,2004.913259,2053.508424,2214.193681,2288.22226
278,Y279,1504.9823816963858,2432.805161,2620.533427,2714.052186,2454.469525,2490.286703
279,Y280,9147.033175264229,9477.723062,9968.485452,10168.48917,9508.414015,9070.606092
280,Y281,4828.065757,5197.817222,5672.721205,6037.349397,5865.099498,5910.419778
281,Y282,3725.991953,3740.41337,3836.713549,3891.346821,3869.498224,3834.213778
282,Y283,2034.7357369117613,2178.426177,2306.972084,2381.368816,2264.82804,2336.291795
283,Y284,428.3911447065245,960.0369341,997.1546021,993.7908356,959.1970208,991.5121795
284,Y285,2605.365767,2543.95223,2471.365712,2417.77723,2354.020508,2301.458063
285,Y286,2171.0167509852836,2399.197004,2752.658921,3336.411931,3193.936167,3181.626417
286,Y287,6969.521088878227,7994.455125,8942.075646,8940.371751,10181.21511,10493.56133
287,Y288,4938.805347,5397.972202,5902.053388,6606.319782,6789.507472,6616.631137
288,Y289,8106.2397393820065,8765.366731,8840.313883,9112.645066,8965.5128,9296.884061
289,Y290,8903.995493,9503.388242,10164.05704,10779.62124,10399.02599,10588.96143
290,Y291,2047.2369013820899,3737.982782,3788.572327,3775.049118,3625.285317,3711.040315
291,Y292,10064.734803803867,11490.12961,11976.83832,12426.65368,11832.70017,12526.5642
292,Y293,4335.119467,4855.382711,5511.360984,6013.450555,6519.134412,7129.739238
293,Y294,1946.793806572605,3183.086709,3239.970616,3217.247621,3101.211345,3129.929977
294,Y295,7034.870942159834,7812.104673,8030.920853,8170.242791,8646.310287,7992.914468
295,Y296,3290.1430896646234,4210.807704,4242.515746,4467.636024,4349.551175,4469.070904
296,Y297,-83.9065096589863,1160.69523,1203.75258,1168.77791,1160.937103,1246.295644
297,Y298,10482.19905,10937.16811,11434.73033,11694.55608,11153.63567,11961.50452
298,Y299,9658.513353,9861.76413,10631.82444,10923.00027,10692.32535,10644.82946
299,Y300,7583.917986374007,7280.428155,7592.835705,7674.836811,7578.208304,8065.569861
300,Y301,9531.947552,10030.23211,10370.37604,10288.95934,9738.532074,10439.90933
301,Y302,8709.783638,9087.89263,9737.283411,10604.88009,10804.64253,11717.6287
302,Y303,705.5324453362992,1120.752944,1406.105623,1438.978732,1403.661891,1518.037707
303,Y304,4378.675970128479,4700.335037,5167.637161,5130.697943,4942.321825,4600.545736
304,Y305,1888.6749913634746,1737.420268,1812.903009,1945.605409,1992.671445,2086.302892
305,Y306,7796.051749092899,7862.881884,8354.923487,8598.464452,8672.534261,8903.980164
306,Y307,4076.759250031218,3433.69838,3601.910932,3777.748911,3748.889374,3655.214862
307,Y308,2506.84707,2527.094691,2556.022357,2674.304507,2553.396162,2414.892687
308,Y309,3871.094052984884,4046.537028,4314.814753,4479.656489,4460.774087,4508.012723
309,Y310,4240.202559,4521.577338,4821.782237,6279.717252,5166.396027,5200.912205
310,Y311,4527.878121652939,4657.592238,4730.865933,4789.607029,4886.774039,4823.555812
311,Y312,2258.1325320234305,1619.165629,1643.459252,1783.092602,1575.501203,1524.614865
312,Y313,2914.8416016459523,2247.862517,2400.339417,2611.144818,2677.913003,2708.401617
313,Y314,1702.835004,1735.026863,1813.798636,1950.674554,1999.419777,2094.694429
314,Y315,2116.825074,2118.221226,2113.675806,2146.261642,2164.983667,2078.878709
315,Y316,1772.571511,1728.80249,1709.281392,1740.712883,1751.098917,1688.363357
316,Y317,8695.137324,9442.051305,10280.75781,10452.21784,10966.0056,13196.18097
317,Y318,2780.177172966416,2823.541959,2869.198007,2952.789113,2814.343574,2883.92646
318,Y319,5050.029729711768,4661.740326,5776.4414,6419.680584,6660.142609,6574.10444
319,Y320,4394.502115403115,4190.232825,4277.348287,4405.472088,4451.77245,4539.501351
320,Y321,10224.00709125869,10330.29017,11053.99626,11534.09631,11640.30942,12355.77033
321,Y322,5234.117154,5269.281902,5169.562575,5093.622167,4940.797962,4862.36832
322,Y323,1654.8639656315383,1786.694364,1850.681359,1849.85992,1688.251972,1683.091163
323,Y324,1811.823886345227,1581.666212,1575.744025,1599.143763,1648.004179,1725.086337
324,Y325,1542.5069094175833,1471.812004,1527.87131,1484.995672,1476.103884,1585.04358
325,Y326,812.5887170135304,1145.187112,1211.504723,1290.600431,1375.297617,1438.587521
326,Y327,6302.47508,6777.102542,7448.142851,7924.62989,7655.489089,7937.875638
327,Y328,4054.956425,4434.26938,4827.42839,4770.974382,4752.080101,5939.831551
328,Y329,9596.938854692653,9891.002556,10474.823,10941.34731,11147.76359,11430.53273
329,Y330,6245.152227,6568.419001,7136.692724,7626.629102,8007.981911,8473.843021
330,Y331,12426.53936,12946.48895,13513.50064,13793.82013,13131.34862,14056.60908
331,Y332,5025.278957127064,7016.718075,7536.643243,8171.335786,8090.908224,8675.341591
332,Y333,1552.171740304074,4194.936728,4363.181761,4470.305337,4264.495488,4773.492436
333,Y334,7117.101700606616,8901.103608,10849.11288,11844.62531,12748.28541,14575.34538
334,Y335,7377.747577285926,9599.726543,10203.80789,10999.90393,10400.75208,10131.22542
335,Y336,1066.409105,1129.141032,1183.708839,1203.595641,1121.967907,1067.087232
336,Y337,7008.512488473024,8358.42982,8744.739932,8904.277961,8537.886641,8767.460205
337,Y338,4804.842350267927,6380.735838,6607.272282,6636.643543,6860.723311,6980.311372
338,Y339,4031.588007,4033.914191,4019.266184,4085.874951,4132.374759,4170.593598
339,Y340,3699.950719932486,5789.187248,7015.587857,7535.624978,7877.841163,7864.768601
340,Y341,450.04139405300583,1574.700571,1548.690824,1604.702076,1706.040617,1773.444029
341,Y342,2396.409715,2433.921174,2531.675886,2469.298122,2445.954676,2622.000082
342,Y343,3030.999177,3081.088263,3133.061537,3103.487514,2933.156083,3066.282099
343,Y344,4462.049968265562,5012.409906,5749.154485,5742.906884,4978.805222,4948.692985
344,Y345,12425.802490512246,13195.94308,13635.09413,13583.65074,13246.1702,14058.18555
345,Y346,2693.4879568383244,2244.815874,2396.147181,2511.101178,2536.849492,2727.239749
346,Y347,4944.349554592127,5017.811666,5217.523951,5214.659721,4807.005073,4832.058648
347,Y348,3008.446274432804,2424.566458,2299.663203,2250.279526,2183.875857,2133.40773
348,Y349,2885.1726461924873,2342.148286,2429.465875,2471.449242,2408.50404,2445.861539
349,Y350,3991.982398791496,3630.135002,3710.508816,3763.721044,3609.091197,3550.268935
350,Y351,2145.8892638306156,1704.490378,1673.833561,1732.712437,1836.925128,1905.424747
351,Y352,2187.3567006341304,1229.252004,1171.299311,1218.868515,1150.008024,1179.503833
352,Y353,2970.7453578799414,1553.920417,1545.350431,1628.948309,1557.329159,1610.121243
353,Y354,12257.90556,12897.93565,13257.19037,13390.11071,13469.03715,14147.83627
354,Y355,2755.9235687600126,1930.305468,1942.705843,1997.593749,1961.357302,2029.913754
355,Y356,2745.69482,2561.39837,2620.845356,2586.561038,2458.876129,2534.040723
356,Y357,1509.240052,1508.154589,1562.90971,1568.537719,1537.080677,1542.398832
357,Y358,6029.068026,6147.246998,6279.254569,6217.695299,5798.033886,6064.256901
358,Y359,1079.519218,1129.541138,1235.648373,1307.269611,1373.999825,1456.294839
359,Y360,8373.489718027737,7665.288072,7934.746721,8115.9961,7614.255861,8503.862522
360,Y361,6207.4765700942435,6194.542618,6365.909236,6479.257753,6941.042728,7125.582844
361,Y362,4510.947801,4773.152066,5101.056623,5315.860213,4815.056185,4903.783365
362,Y363,-1145.594140706602,1559.966305,1586.376498,1563.580897,1475.206268,1472.308132
363,Y364,-1826.7076466603107,1340.968737,1348.174478,1355.386952,1362.51426,1369.43567
364,Y365,65.21467053930763,2687.591,2717.9237,2750.0515,2783.4981,2817.4724
365,Y366,-509.8509745121189,2359.1972,2423.494,2488.2792,2553.3217,2618.3676
366,Y367,14835.417702052806,17207.22168,17424.80713,18006.93481,18287.21924,19090.45776
367,Y368,10122.337797888466,13007.88906,16517.08125,17230.97813,18389.64063,19304.14531
368,Y369,17104.729370063033,20658.19727,22319.99414,23993.08203,24781.72656,27526.66211
369,Y370,886.9965355224899,3740.184375,4706.991016,5674.119531,8688.54375,9112.126563
370,Y371,-404.3758486346922,3264.838125,2939.953438,2847.63625,2873.610313,2859.153125
371,Y372,8786.448438,9208.558594,9849.658594,10120.02266,10463.76641,10971.56016
372,Y373,4047.111497213342,7359.482813,7129.859375,7359.930469,7726.345313,7856.607031
373,Y374,4463.802586581188,7169.067383,7601.162109,9316.004883,11020.82129,8961.945313
374,Y375,2630.350195,2730.782227,2785.963281,2883.675391,3091.156055,3296.825781
375,Y376,2923.166656237685,4319.055786,4884.505615,5424.608765,5647.219238,6036.150513
376,Y377,102.5463738742198,2166.557422,2064.979688,2338.51875,2604.272852,2734.758594
377,Y378,7954.217047448688,11176.62109,10939.87813,11235.86172,11282.66797,11536.8
378,Y379,1454.3650891636007,4142.4825,4560.9375,4741.7,4870.135938,4650.87375
379,Y380,3295.0275,3744.43875,4071.909375,4443.503125,4657.065625,4947.790625
380,Y381,-1006.3250644507186,2668.554688,2736.960547,3024.542578,2992.531445,3184.5375
381,Y382,11487.633993191981,14222.73125,17587.99844,19299.15625,20968.25625,21326.92656
382,Y383,17299.03767077213,20732.0957,21651.29102,24796.75195,25197.00586,27324.97266
383,Y384,4101.408438,4214.630625,4651.427813,4899.427813,5036.363125,5143.342188
384,Y385,5188.432813,5382.902734,5688.945703,5847.408594,5942.055469,6411.919922
385,Y386,8054.646376096881,11387.39922,11710.64531,12161.99063,12518.87969,13247.68281
386,Y387,7705.496094,9100.060156,10777.62891,11743.14297,13028.33672,14585.45625
387,Y388,9579.893799,10383.14819,11096.39893,10935.19775,11134.5752,11308.20313
388,Y389,-250.86826559233015,2011.169219,2086.286563,2090.310156,2160.964219,2249.83125
389,Y390,4547.486347721541,6869.085156,7852.282031,8489.553906,8449.582031,8801.182031
390,Y391,7903.289692304788,10292.86875,11233.15,12008.70703,12578.24297,13328.225
391,Y392,525.7833109205883,3332.169922,3642.491406,3935.747656,4474.027734,4617.823047
392,Y393,6228.953467927584,9081.885742,9809.71875,9787.675781,10125.45215,10451.12305
393,Y394,2099.170061849378,4250.334766,4642.647266,4834.9875,5093.667969,5381.309375
394,Y395,8691.066140999756,11845.49531,12257.94453,10081.19141,8303.9125,8335.898438
395,Y396,2031.383789,2297.847266,2412.3125,2544.695508,2655.588086,2651.414648
396,Y397,11990.341222476134,15250.698,15517.93,15899.255,16183.547,16598.099
397,Y398,-1633.4032107579667,2105.385547,2159.229883,2436.052734,2815.788672,2914.970898
398,Y399,1913.918555,2093.196484,2337.614063,2430.17832,2501.63418,2578.132422
399,Y400,5763.308102606781,9545.045625,9854.5975,9854.6225,9972.77625,10077.96188
400,Y401,674.7998832198166,3504.49625,3954.465625,4157.13,4379.470938,4553.16375
401,Y402,13545.245132595699,16357.71875,16743.625,17667.89648,18759.47852,20232.91797
402,Y403,3085.3527617400905,4985.655078,5220.023047,5483.836328,5746.401563,6086.261719
403,Y404,10850.971177739495,12707.073,13758.196,14747.542,15651.357,16762.24
404,Y405,5381.772656,5713.609375,5961.435938,6237.999219,6442.503516,6707.760938
405,Y406,946.2395773070634,2896.242969,2810.238867,2755.091992,2569.279688,2509.787305
406,Y407,-180.91841657938295,2279.85575,2304.46475,2384.291,2483.68225,2570.68
407,Y408,1670.756210819287,2902.922188,3862.573125,4329.72875,4545.062188,4244.384375
408,Y409,11809.08,12811.37,13731.5025,11689.83625,12250.83875,12040.8025
409,Y410,11427.11914,12389.44043,13113.49316,14694.30957,15375.08691,16108.04883
410,Y411,11534.974349075017,12887.05938,14472.17344,16038.06094,16155.09063,16128.67188
411,Y412,2926.967642267395,4114.942188,4560.9375,4736.861563,4859.463438,4645.942813
412,Y413,3620.044688,4374.280313,4939.3425,5016.5175,4634.771875,4299.194375
413,Y414,682.8070718221372,2053.729297,2072.043555,2369.330078,2695.151563,2846.974609
414,Y415,3241.042901798295,4263.944688,4651.427813,4872.276563,4972.044688,5055.768125
415,Y416,11379.663539519719,12670.53,13779.918,14805.637,15644.515,16810.26
416,Y417,6015.377197,6774.412231,6385.949097,6611.229248,6494.899902,6557.547607
417,Y418,2273.36375,2325.898,2392.258,2409.86825,2497.6145,2522.987
418,Y419,1932.993359,1945.874023,1965.479883,1931.118164,1986.514063,2003.449414
419,Y420,6644.436719,6905.785156,7852.282031,8451.738281,8409.644531,8707.29375
420,Y421,9045.856445,9122.541992,9809.71875,9720.688477,10061.9082,10342.43555
421,Y422,904.0001452411373,2395.404688,2338.835547,2432.891406,2571.755078,2723.961914
422,Y423,6384.447592090303,7867.276856,8056.604981,8367.368164,9892.696289,10288.47266
423,Y424,3159.578516,3421.536719,3970.349609,4050.417969,4118.273047,4196.799219
424,Y425,7070.759028572628,8908.739844,10199.84063,10310.34766,10708.90234,11648.07891
425,Y426,3235.7336666561105,5862.501875,6183.628125,6261.879375,6366.034375,6456.230625
426,Y427,5574.615981431417,8090.619629,8140.209473,8320.706055,8322.538086,8407.664063
427,Y428,1483.5090156375497,4335.962109,4634.041797,4962.483984,5383.357031,5893.041016
428,Y429,2211.091406,2285.355859,2338.835547,2328.168555,2390.214844,2480.267578
429,Y430,14605.573136379873,16880.50195,16778.58008,17828.47656,17828.47656,18985.99219
430,Y431,2652.775313,2703.143438,2653.760938,2546.860781,2518.077188,2540.885938
431,Y432,10694.036387248501,12689.87125,13953.6525,14704.98,15097.5925,15640.17125
432,Y433,552.596906811168,2355.519727,2412.3125,2594.340234,2787.070313,2973.783203
433,Y434,14896.173,15273.331,15517.931,15863.049,16099.333,16490.192
434,Y435,12280.0,12710.0,12930.0,13430.0,13760.0,14330.0
435,Y436,5521.22931547559,7980.3,7954.7,8003.8,7988.4,8033.0
436,Y437,1950.4002855263723,4153.4,4193.5,4020.9,4101.9,4206.6
437,Y438,522.0478827690833,3447.77,3495.91,3362.72,3440.55,3542.35
438,Y439,173.51406561832934,2734.308333,2832.258333,2924.1325,3006.253333,3088.855833
439,Y440,3620.9182640883228,6595.16272,6873.090631,7356.048438,7519.801097,5304.714035
440,Y441,5931.081477596091,9173.082,9295.784,9416.801,9535.079,9651.349
441,Y442,10792.898050259384,12863.79387,13335.57495,14999.0451,17288.54549,19507.86658
442,Y443,11350.003396980428,13882.32344,14464.16569,16205.41466,18440.74343,20774.26865
443,Y444,7840.077642712503,9919.724,9986.717,10664.06,11906.57,11727.65
444,Y445,3365.211958153005,5905.209134,6214.506659,7044.539433,7373.961675,5207.24744
445,Y446,-515.2420299048624,2336.073951,2416.713618,2432.751606,2537.649265,2668.121257
446,Y447,-1504.6134198968384,1862.802274,1720.736763,1815.429027,1852.398847,1619.171621
447,Y448,1532.1245644497635,4400.558,4232.859,4252.6,4146.425,3881.566
448,Y449,115.5203705305982,1698.5,1673.2,1696.9,1723.8,1744.5
449,Y450,9235.853912062055,10790.0,10660.0,10510.0,10240.0,10140.0
450,Y451,2040.790145766804,3308.6,3402.1,3692.8,3983.1,4291.9
451,Y452,4027.2374498256377,6062.2501,7258.518,8515.909,9741.595,11065.0915
452,Y453,11240.170048159278,13962.48,17434.83,18184.05,19499.9,19602.93
453,Y454,-577.6961122931675,1227.76,1266.91,1563.17,1502.27,1446.64
454,Y455,4055.783691575188,6592.430736,6789.591686,7051.132314,7291.219274,7447.877259
455,Y456,4482.5522149497065,6183.05122,6221.27561,6258.297561,6293.217073,6325.685366
456,Y457,10686.983980195793,12318.67834,12813.82865,14459.10582,15443.21337,13989.89958
457,Y458,4345.3543619270185,6224.956536,5648.530197,5777.088473,5713.624187,4873.200367
458,Y459,5485.2891,5561.229362,5688.666732,5840.145511,6006.080247,6156.618194
459,Y460,1117.412747265926,2447.154,2552.806,2580.331,2543.696,2412.565
460,Y461,3081.846396,3013.859351,2874.553915,2709.73071,2697.762882,2778.78061
461,Y462,11390.0,11790.0,11600.0,11850.0,11910.0,11850.0
462,Y463,4104.935273842537,5223.377575,5702.168288,6074.181971,6432.295813,6205.064145
463,Y464,1634.9171710244084,2659.876419,2658.787476,2654.285016,2653.898929,2707.086258
464,Y465,4527.357577244501,6146.614634,6206.936585,6264.497561,6317.787805,6366.302439
465,Y466,3418.589562,3555.889915,4697.923039,5039.026066,5735.659603,6191.694065
466,Y467,5115.314389671946,6964.884,6993.825,7069.26,7217.271,7310.293
467,Y468,10316.3529743408,11530.1472,10642.43225,10658.77273,10772.06175,8266.445605
468,Y469,15419.36,15772.98,16134.89,16503.51,16876.73,17252.92
469,Y470,4814.38,4939.01,5057.22,5212.9,5412.08,5614.62
470,Y471,7610.274517728677,10090.0,10000.0,9730.0,9980.0,10130.0
471,Y472,7730.8,7850.4,7839.4,7434.4,7672.4,7797.8
472,Y473,4002.861093399257,5520.0,5513.0,5376.0,5450.0,5526.0
473,Y474,1778.5072663773287,3136.0,3228.0,2946.0,2502.0,2317.0
474,Y475,7198.9405650766785,7768.405,7653.718333,6765.991667,6901.981667,7044.915833
475,Y476,6561.188305878472,7468.759652,7655.998693,8168.839978,8786.961481,9503.703704
476,Y477,4133.834041,4765.470479,5038.841816,5385.10755,5872.208739,6379.415289
477,Y478,3893.7594880268057,4477.909893,4873.457142,5215.389059,5396.15775,5313.205952
478,Y479,814.962565620062,2201.004,2071.338,1936.055,1662.107,1428.235
479,Y480,1563.767559462593,2143.038736,2198.427533,2227.285205,2263.523921,2313.045076
480,Y481,2416.13126,2448.08254,2480.37853,2512.68276,2544.54778,2575.63815
481,Y482,7658.459,8446.202,9338.431,9820.185,10113.23,10589.71
482,Y483,9609.774298994465,10380.0,10410.0,9970.0,10230.0,10240.0
483,Y484,6591.593215747895,7652.551,7642.217,6451.277,8931.433,11441.69
484,Y485,2102.47,2158.21,2316.29,2380.15,2444.77,2491.14
485,Y486,-758.7051654459954,964.309,971.07,1000.195,1043.186,1090.579
486,Y487,1980.2068284993697,3773.0,3789.0,3737.0,3876.0,3970.0
487,Y488,1466.5485661828077,4266.077022,4423.117355,4656.219807,4830.976915,4940.045836
488,Y489,2194.7444046027513,6530.278049,6544.063415,6559.607317,6576.658537,6595.168293
489,Y490,10244.80024056048,14150.0,13630.0,13970.0,14640.0,14010.0
490,Y491,5473.4,5683.6,5778.7,5814.7,6098.4,6211.9
491,Y492,2341.0340871003173,6197.766119,6605.139933,7335.027592,7468.096567,6571.853849
492,Y493,7107.934948574697,11238.83168,11779.74735,12824.37162,12797.69783,11032.15352
493,Y494,8529.82706306131,12975.36874,14454.16201,17005.25305,17548.96196,18184.41373
494,Y495,23156.301550330925,27957.05637,26662.1887,24994.10956,25388.31766,22780.37786
495,Y496,-2055.848335689523,2032.95,2057.331,2083.061,2109.197,2135.022
496,Y497,5260.432713,6259.354638,6701.243797,7316.800032,7130.707538,5586.01772
497,Y498,6957.454879,7983.556695,5980.586767,5432.169048,6055.252536,6403.820949
498,Y499,4499.744,4377.781,4142.981,4633.787,4586.203,4550.979
499,Y500,7601.865854,7620.04878,7633.75122,7646.234146,7660.260976,7677.282927
500,Y501,5124.857522806109,7049.483272,6785.225441,6740.813086,7007.003251,7208.098187
501,Y502,1640.5377989430722,1726.748834,1850.557918,1909.919549,1831.141023,1794.325738
502,Y503,2448.4260694856707,3286.478814,3513.962209,3618.231253,3461.645096,3385.967463
503,Y504,10457.90409,12078.27458,14026.69129,13850.04682,14578.36387,13709.85212
504,Y505,10939.620687479925,11518.39337,11668.68552,12129.6423,12803.44593,11681.76126
505,Y506,10123.21176,11549.85021,11708.35275,12153.41971,12479.16503,11596.27118
506,Y507,8000.376432,9197.026972,9291.227619,9637.00265,10153.93822,9252.110724
507,Y508,6591.134437,9566.481707,11343.40167,11871.51359,11232.54284,10777.5541
508,Y509,2251.403440831895,2967.769924,3014.727033,3106.946671,3141.852405,3239.552036
509,Y510,6077.687948495868,7257.692683,7298.543902,7336.465854,7370.904878,7401.609756
510,Y511,4863.15778727689,5248.914529,5648.124631,6052.344447,6231.979366,5292.425561
511,Y512,2126.0144705595003,2501.6921,2573.2928,2646.718,2721.6276,2797.7863
512,Y513,5411.214912979112,6491.74878,6518.090244,6542.778049,6565.409756,6585.785366
513,Y514,5014.795557582449,5292.747792,5435.72453,5608.601999,5831.035797,6000.037665
514,Y515,6822.377,7319.196,7058.978,7427.747,7687.723,7179.541
515,Y516,3628.440275,3606.968434,3291.489841,3158.80648,3056.999988,2682.347064
516,Y517,1803.086372683878,1999.0,2142.0,2287.0,2509.0,2874.0
517,Y518,4377.2262859361845,5240.385955,5099.936943,5148.241815,4923.687723,4535.483573
518,Y519,7942.658076006603,9450.1233,9601.7322,9757.1676,9913.869,10069.9395
519,Y520,619.6400557996186,1762.400055,1646.800041,2358.499908,2371.899986,2457.299995
520,Y521,4057.9934086858184,4652.756981,4703.565435,4831.024077,4948.58049,4994.723681
521,Y522,2809.0647,2878.8438,2949.6047,3020.1051,3088.6545,3154.0372
522,Y523,10804.68447,11967.36235,12633.88833,13160.20774,13373.58878,13617.88378
523,Y524,10499.87104046557,12242.72,11113.37,9302.428,8899.378,7736.039
524,Y525,5760.752,6320.858,6588.6,6684.976,6903.571,6799.975
525,Y526,1276.348725,1410.608961,1445.398049,1458.367195,1450.63382,1475.360056
526,Y527,1807.331231611496,4057.688229,3855.82704,3579.833456,3419.483631,3067.055937
527,Y528,5312.265854,5366.490244,5420.5,5472.7,5522.090244,5568.221951
528,Y529,10218.525693491878,11900.0,12310.0,10860.0,10370.0,10240.0
529,Y530,14215.32942,15964.4521,18064.50797,18711.08979,20877.00544,24147.23601
530,Y531,6795.0647541143335,8448.504261,9422.270994,9618.350531,9680.115914,9485.319244
531,Y532,4673.159886934143,6135.267,6245.778,6492.822,6568.703,6552.184
532,Y533,5053.717759227947,6061.456911,6183.247647,6245.922016,6353.313779,6480.159564
533,Y534,1421.2209452304917,2860.271391,2620.416344,2441.534277,2380.868461,2426.987416
534,Y535,4564.8525,4712.2998,4864.5709,5021.3457,5182.2621,5347.042
535,Y536,3473.355188131568,4359.655586,4845.382618,4607.906333,4481.940076,4396.397861
536,Y537,2196.3544931950896,3637.746112,3656.895093,3530.107678,3587.739938,3700.24262
537,Y538,4345.530519171702,5072.360647,5563.199347,6052.086992,6591.052674,6932.844307
538,Y539,13601.31559,16315.96717,17578.13791,18331.01464,13350.34114,9061.502332
539,Y540,13400.41559,15936.36717,17281.30397,18021.19354,13194.49385,8942.27799
540,Y541,508.85330571670045,2332.6,2329.5,2340.4,2358.4,2392.1
541,Y542,9412.72952934197,11373.08,11995.26,11652.15,10237.2,9185.96
542,Y543,1377.08214,1451.883505,1547.98156,1645.910721,1749.467395,1856.718503
543,Y544,13719.570771401564,15649.66945,17404.68298,19075.51233,20366.91723,21320.70368
544,Y545,1514.4399441597682,2942.7631,2985.4238,3027.6045,3069.3827,3110.8083
545,Y546,11670.110707401334,13553.94873,15582.00019,17122.20251,18620.46529,19359.93791
546,Y547,-361.0709826582898,1250.0,1150.0,1110.0,1080.0,1080.0
547,Y548,1079.0191494872072,3038.899334,3383.16965,3859.961814,4060.755872,3638.735458
548,Y549,13100.53671,13503.81634,14227.23779,15828.49252,16509.74597,14062.91651
549,Y550,756.8022201838371,1790.957,1805.2,1818.117,1812.771,1797.151
550,Y551,5851.635887842054,7238.194322,7765.870816,8535.044086,9191.948032,9496.676961
551,Y552,180.5360407378717,1559.156833,1664.655917,1734.548583,1812.886917,1921.503917
552,Y553,5697.498966818134,7836.48468,8814.96318,9214.1248,9789.08218,10591.85579
553,Y554,3156.549812220256,6121.599118,6634.982751,7342.719381,7297.28358,8898.561316
554,Y555,4219.264725176634,7886.13,8288.16,8260.16,8750.18,9027.92
555,Y556,-559.1195045911999,2984.323083,3152.099962,3404.4176,3642.0168,3988.137
556,Y557,3947.652141328004,6960.5,3052.1,4752.8,4651.6,4159.0
557,Y558,21747.29139067346,25102.95151,27867.00055,29192.1799,32301.69956,35072.97761
558,Y559,1964.5211160848403,4812.824407,5173.021543,5555.407429,6139.227438,6111.151942
559,Y560,8881.908701127328,11870.66,12349.92,12716.36,13415.17,14127.99
560,Y561,511.38374823463556,3967.5709,4548.964859,5100.565793,5116.961776,5580.846193
561,Y562,1473.3659199771187,4086.433139,3894.288729,4051.387905,4320.375754,4011.897441
562,Y563,5026.926119,5799.439439,5615.951451,5943.681057,5839.406132,5044.069099
563,Y564,-150.06018474420256,2663.537022,2787.169741,2992.200995,2960.778001,2866.8001
564,Y565,20391.30405,22745.25171,22995.01308,23619.10194,25840.93371,26928.92693
565,Y566,2024.6708061752672,5112.356133,4833.357273,5050.471532,5132.263997,4377.498517
566,Y567,6482.222557262974,9730.277761,9720.561674,10198.6473,10353.44798,9005.024265
567,Y568,248.9162063265104,3194.135788,3211.181257,3208.538435,3161.675361,3210.070755
568,Y569,9766.802865692865,12782.65,14802.91,15457.03,15795.94,16231.97
569,Y570,12616.551352706538,16708.73732,19770.60232,18853.18644,19149.09082,19514.40049
570,Y571,4481.105377562024,8318.533566,9724.684779,9140.574455,9648.887982,9899.159271
571,Y572,5039.359535249512,9254.6,12474.8,14048.7,13658.7,13674.8
572,Y573,-2060.754257591267,2302.610369,2517.26792,2505.886262,2420.775727,2374.654566
573,Y574,389.46452504986837,3623.83,3970.06,4039.76,4133.03,4038.84
574,Y575,14546.848516478829,18175.0,20365.0,21223.0,22162.0,24143.8
575,Y576,15516.07606,18158.97151,20409.73004,21221.13171,22148.39658,24128.36944
576,Y577,4512.857089983601,6079.5114,6831.2928,7052.1283,8124.7076,8584.958
577,Y578,1836.26,1887.59,2102.73,2155.56,2019.7,2023.76
578,Y579,1880.361637647262,3889.197,4311.457,4573.036,4438.939,4421.146
579,Y580,2534.6987771899508,4236.04787,4689.57991,4721.91297,4836.03484,5125.94926
580,Y581,4560.155,4576.794,4586.897,4598.294,4617.225,4640.703
581,Y582,5069.53,5183.47,5309.46,5433.6,5563.19,5696.76
582,Y583,5341.585203874611,5398.384,5407.579,5413.393,5418.649,5424.05
583,Y584,7750.813164295244,8055.121951,8096.707317,8121.341463,8170.512195,8215.585366
584,Y585,1677.2246413812902,2680.0,3270.0,3900.0,3890.0,4690.0
585,Y586,544.3699190085695,1000.0,1371.213573,1369.855251,1379.721836,1298.022516
586,Y587,5249.139554139894,6545.56125,5937.67725,6068.585917,5679.847583,5947.17875
587,Y588,4228.481107,3436.20906,3498.884927,3576.178774,3186.276575,3146.459847
588,Y589,3013.373215151156,3622.608583,3706.584167,4034.029417,4034.124083,4249.30025
589,Y590,3165.64601348233,4359.1,3851.825,3749.75,4159.55,4904.725
590,Y591,8080.316988420919,10000.0,10078.62453,10252.58672,10555.86947,10842.27621
591,Y592,5404.4346692746,7290.0,7190.0,7270.0,7210.0,7000.0
592,Y593,1374.01,1366.11,1261.51,1201.1,1171.12,1164.14
593,Y594,763.3088785782736,2810.0,2780.0,2830.0,2880.0,2950.0
594,Y595,1940.0,2080.0,2080.0,2050.0,1980.0,1930.0
595,Y596,13813.43184193361,15950.4,18631.3,19226.7,19201.1,20044.4
596,Y597,5741.6,6276.8,7016.8,7568.8,7327.2,7630.9
597,Y598,3108.9276920174348,3910.0,3960.0,3900.0,3850.0,3850.0
598,Y599,4079.852564055989,5320.0,5210.0,5310.0,5330.0,5800.0
599,Y600,8646.050892940317,9100.0,9130.0,9200.0,9180.0,9120.0
600,Y601,4151.14975816454,4678.1,4880.3,5065.6,5161.8,5325.6
601,Y602,417.5983678971008,827.0,800.0,1649.0,1679.0,1840.0
602,Y603,3783.2916045091188,4098.0,3526.0,3113.0,3090.0,2791.0
603,Y604,2456.9314410912,2452.9,2469.76,2373.28,2258.09,2250.97
604,Y605,2999.6145733268204,2350.0,2410.0,2420.0,2400.0,2430.0
605,Y606,1967.178790329104,1430.0,1430.0,1430.0,1380.0,1350.0
606,Y607,4065.097,4220.434,4293.352,4202.96,4330.853,4527.845
607,Y608,6586.568416267522,5705.527,5544.53,5492.85,6063.356,5711.16
608,Y609,4198.825500472305,3920.3,2894.61,4160.56,3884.43,4744.29
609,Y610,2687.1971963089995,1570.0,1580.0,1600.0,1610.0,1620.0
610,Y611,6710.0,6570.0,6410.0,6420.0,6630.0,6880.0
611,Y612,3470.0736958828425,2710.0,2900.0,2950.0,2970.0,2950.0
612,Y613,3437.872778254715,2820.0,2790.0,2860.0,2930.0,3040.0
613,Y614,2680.0,2840.0,2800.0,2890.0,3120.0,3180.0
614,Y615,5242.78006170597,4900.0,4810.0,4720.0,4670.0,4740.0
615,Y616,4287.3718654423155,3830.0,3850.0,3890.0,3930.0,3980.0
616,Y617,2039.414,2173.882,2302.333,2416.731,2615.601,2817.773
617,Y618,4094.097927923132,3797.37,4090.645,4289.135,4474.294,4788.704
618,Y619,2580.431471005487,1990.42,2033.99,1970.26,1941.92,1970.17
619,Y620,2387.105196883853,2340.0,2400.0,2460.0,2550.0,2620.0
620,Y621,3214.7638579508193,3790.0,3850.0,3960.0,4020.0,4130.0
621,Y622,4550.0,5095.0,3056.0,2015.0,2243.0,4811.0
622,Y623,3145.579,3276.124,3758.881,3838.385,3981.362,4082.787
623,Y624,6151.477269915832,5650.513,6757.964,6637.162,6782.404,6562.147
624,Y625,2375.7864213124276,2374.389,2999.083,2798.777,2801.042,2479.36
625,Y626,8800.100220414128,9440.0,9380.0,9490.0,9500.0,9610.0
626,Y627,4360.0,3940.0,4020.0,3280.0,3280.0,3050.0
627,Y628,3599.487861534971,4363.0,4455.0,4535.0,4647.0,4779.0
628,Y629,1218.9697693852856,1377.0,1392.0,1389.0,1385.0,1407.0
629,Y630,9810.0,9790.0,9810.0,10040.0,9990.0,10150.0
630,Y631,10272.00168759907,10550.0,11020.0,11360.0,11770.0,12190.0
631,Y632,1320.0225945583577,1728.2,1765.1,1789.0,1805.7,1847.9
632,Y633,4960.0,4940.0,4950.0,4990.0,4940.0,4920.0
633,Y634,2014.0,2058.0,2081.0,2100.0,2137.0,2187.0
634,Y635,1503.7495568440474,1478.0,1518.0,1487.0,1468.0,1544.0
635,Y636,7511.403037803634,6730.7,6791.1,6754.2,6792.3,6834.8
636,Y637,5993.414560790919,4912.1,4897.7,4900.6,4879.6,4859.9
637,Y638,2900.769564450848,1909.2,1891.5,1871.1,1852.1,1840.8
638,Y639,2514.920411789992,1960.19,2022.41,2095.32,2180.43,2266.4
639,Y640,3111.6726710685257,2268.2,2274.8,2289.8,2260.3,2249.3
640,Y641,2769.557416153356,1730.0,1730.0,1700.0,1680.0,1710.0
641,Y642,1708.2076704614863,1364.0,1391.0,1423.0,1466.0,1520.0
642,Y643,3904.5377131320915,2920.0,2870.0,2830.0,2730.0,2750.0
643,Y644,3850.0,3660.0,3480.0,3600.0,3800.0,4060.0
644,Y645,1214.0,1230.0,1283.0,1333.0,1384.0,1447.0
645,Y646,2973.6949552306587,2290.0,2260.0,2270.0,2290.0,2360.0
646,Y647,10333.945147403512,10490.0,10460.0,10460.0,10460.0,10380.0
647,Y648,9854.0,10073.0,10311.0,10565.0,10894.0,11230.0
648,Y649,1747.9608040558269,1720.0,1770.0,1780.0,1780.0,1850.0
649,Y650,6758.688502897664,7000.0,7330.0,7570.0,7900.0,8190.0
650,Y651,2840.0,2930.0,2880.0,2780.0,2730.0,2690.0
651,Y652,1565.220051766115,2026.81,2040.8,2057.85,2074.24,2088.61
652,Y653,5372.710643614777,5006.8,5017.0,5017.2,5043.3,5054.1
653,Y654,3621.7872135916014,3247.8,3250.0,3214.2,3159.1,3133.3
654,Y655,3710.0,3440.0,3390.0,3460.0,3510.0,3600.0
655,Y656,2431.5955895168536,1951.0,2007.0,2049.0,2109.0,2190.0
656,Y657,6662.669148601445,6500.0,6632.0,6738.0,6868.0,7001.0
657,Y658,2929.0875697305382,1896.0,1896.0,1910.0,1938.0,1945.0
658,Y659,3245.698539259345,2940.0,2960.0,2880.0,2900.0,2940.0
659,Y660,2157.6563718780067,1123.0,1120.0,1107.0,1123.0,1133.0
660,Y661,3880.0,4090.0,3980.0,3590.0,3680.0,3720.0
661,Y662,1205.0,1187.0,1179.0,1192.0,1179.0,1180.0
662,Y663,4655.974156271992,4231.0,4201.0,4196.0,4172.0,4217.0
663,Y664,3980.7303742405866,3294.0,3376.0,3438.0,3481.0,3531.0
664,Y665,3600.0,3580.0,3640.0,3790.0,3850.0,3790.0
665,Y666,2772.9537020588596,2430.0,2490.0,2480.0,2670.0,2820.0
666,Y667,2057.8693359668237,1533.0,1541.0,1532.0,1558.0,1575.0
667,Y668,1750.0,1660.0,1660.0,1660.0,1640.0,1660.0
668,Y669,6051.26,6204.72,6353.42,6495.4,6598.36,6722.28
669,Y670,3585.9457873720785,3163.526,3299.7012,3543.2266,3633.5598,3721.7759
670,Y671,1690.19,1618.03,1750.51,1807.86,1818.75,1843.74
671,Y672,7714.559958110719,7411.6,7355.6,13390.4,8366.2,8289.3
672,Y673,2739.511733958202,2967.86,3083.42,4574.9,3374.56,3512.12
673,Y674,5818.029902066524,6785.9,8025.6,12366.1,12604.5,7224.9
674,Y675,3988.7,4859.3,4057.2,5621.9,7583.1,7870.1
675,Y676,4351.199152444532,5540.0,5720.0,5730.0,5840.0,5930.0
676,Y677,1750.0,1590.0,1580.0,1630.0,1730.0,1760.0
677,Y678,504.7373846108669,1702.14,1885.89,2003.4,1900.02,2170.82
678,Y679,11141.506286094038,11870.7,12246.56,13241.82,13736.66,14638.02
679,Y680,4872.4,4950.5,4846.1,4932.4,4781.6,4840.8
680,Y681,3340.6614521640045,4768.6,4908.5,5145.3,5361.3,5669.9
681,Y682,1596.1,2255.5,1961.3,3163.9,3406.8,3659.3
682,Y683,5022.461502324036,6192.798,6261.222,6560.738,7243.099,7152.13
683,Y684,4156.3,4349.4,4415.5,4524.8,4595.5,4606.4
684,Y685,4147.356857663024,4583.977,4765.467,4972.81,4896.317,5232.976
685,Y686,5533.768390915706,5990.0,6160.0,6360.0,6510.0,6650.0
686,Y687,1554.8212175608903,2321.044,2523.266,2827.371,2959.924,3040.627
687,Y688,6927.4253807953355,7325.492,7932.494,8681.675,8572.532,9189.255
688,Y689,1701.8215934897185,1285.7,1269.7,1263.3,1262.8,1252.9
689,Y690,2605.7,2613.0,2585.0,2571.8,2565.9,2565.8
690,Y691,5631.155879217573,4911.0,4871.9,4829.9,4792.9,4776.8
691,Y692,2085.7,2097.5,2081.4,2053.0,2037.0,2025.7
692,Y693,1983.0,1972.1,1969.2,1954.2,1946.0,1944.4
693,Y694,1927.3571490485087,1065.8,1056.3,1043.4,1043.8,1023.4
694,Y695,1826.034295892037,1592.5,1574.6,1555.8,1554.3,1552.7
695,Y696,4414.93867576566,3543.7,3535.6,3537.1,3524.0,3517.3
696,Y697,2989.14208389296,2182.9,2191.9,2200.3,2208.7,2224.7
697,Y698,9020.0,9210.0,9400.0,9650.0,9760.0,9870.0
698,Y699,7624.1439502186195,7240.0,7390.0,7540.0,7640.0,7730.0
699,Y700,1749.32,1882.81,1845.15,2057.6,2120.64,2268.37
700,Y701,3429.8530589760685,2487.499,2825.88,2897.033,2983.664,3052.986
701,Y702,3682.1938635012584,3332.967,3685.595,3742.916,3890.9,3977.806
702,Y703,10618.1,10249.6,10363.9,9898.5,9781.3,9630.3
703,Y704,1877.2712425897123,1970.6,1973.3,1947.9,1936.0,1930.3
704,Y705,3318.944821207101,3714.1,3715.0,3711.1,3714.7,3711.8
705,Y706,2859.191240153201,2142.4,2120.9,2092.7,2087.6,2080.3
706,Y707,3465.881394680039,3477.2,3446.9,3438.9,3397.7,3331.4
707,Y708,5950.873299367461,5571.9,5585.6,5575.8,5565.0,5569.1
708,Y709,7319.954800864165,7185.0,7348.0,7445.0,7597.0,7760.0
709,Y710,1517.0,1585.0,1658.0,1712.0,1770.0,1829.0
710,Y711,6760.0,7020.0,7440.0,7840.0,8040.0,8500.0
711,Y712,2296.413929534302,2852.0,2874.0,2899.0,2926.0,2961.0
712,Y713,4250.0,4150.0,4140.0,4120.0,4060.0,4040.0
713,Y714,7534.2903496382505,8120.0,8620.0,9090.0,9430.0,9420.0
714,Y715,1936.8259268017491,2016.8,2024.0,2029.3,2043.6,2064.0
715,Y716,4859.694653851327,4940.0,4924.6,4890.4,4870.9,4832.5
716,Y717,3722.2,3751.8,3753.4,3738.4,3765.4,3742.1
717,Y718,3658.868189225518,3683.7,3670.2,3648.1,3629.9,3606.8
718,Y719,1865.7790820379794,2441.9,2393.2,2351.6,2336.5,2312.3
719,Y720,8886.143002177063,8423.0,8492.4,8552.3,8668.7,8782.4
720,Y721,2006.5925851784837,1732.4,1757.8,1774.7,1786.4,1800.6
721,Y722,1089.116209968128,1420.64,1331.94,1615.54,1300.45,1384.0
722,Y723,10444.687546306026,11329.0,8989.0,7066.0,7622.0,6989.0
723,Y724,650.9021839466378,1610.0,1580.0,1550.0,1510.0,1500.0
724,Y725,964.2605354986547,1452.29,1397.29,1379.52,1361.6,1369.13
725,Y726,905.471956132358,1561.65,1452.52,2082.28,2133.24,1972.89
726,Y727,9987.16715002297,9976.67,13371.89,14660.82,15310.29,15448.79
727,Y728,2420.0,2500.0,2550.0,2650.0,2620.0,2680.0
728,Y729,9702.121362645032,10040.0,10190.0,10440.0,10520.0,10610.0
729,Y730,5717.597172510201,4700.0,4920.0,5050.0,5120.0,5080.0
730,Y731,2257.945584167636,2040.0,2100.0,2200.0,2280.0,2330.0
731,Y732,3287.176618395781,2540.0,2520.0,2480.0,2500.0,2470.0
732,Y733,2087.8043638611443,1178.0,1180.0,1174.0,1183.0,1200.0
733,Y734,2351.038873866455,1440.0,1490.0,1550.0,1640.0,1610.0
734,Y735,2598.519926934039,1650.0,1690.0,1750.0,1770.0,1730.0
735,Y736,2624.1052474465505,1060.0,1070.0,1050.0,1060.0,1090.0
736,Y737,2347.8,2378.74,2408.15,2430.58,2412.04,2426.31
737,Y738,3431.8728561671296,1979.0,1930.0,1867.0,1842.0,1822.0
738,Y739,4288.9638289301965,2520.0,2520.0,2380.0,2380.0,2440.0
739,Y740,8760.0,8170.0,7840.0,7630.0,7490.0,7350.0
740,Y741,1583.0910335774772,1013.0,1042.0,1087.0,1113.0,1140.0
741,Y742,1410.0,1380.0,1390.0,1390.0,1340.0,1350.0
742,Y743,5332.547131993711,4960.0,4800.0,4710.0,4710.0,4600.0
743,Y744,2736.598264069556,1580.0,1600.0,1600.0,1540.0,1540.0
744,Y745,1480.0,1530.0,1570.0,1610.0,1650.0,1720.0
745,Y746,2830.5067161740417,2050.0,2040.0,2130.0,2290.0,2400.0
746,Y747,7602.085393660133,7780.0,7840.0,7870.0,7920.0,7940.0
747,Y748,3621.8726849610584,4200.0,4150.0,4330.0,4360.0,4240.0
748,Y749,1386.7118101698518,1600.0,1560.0,1560.0,1540.0,1550.0
749,Y750,350.932546799271,1410.0,1410.0,1430.0,1440.0,1440.0
750,Y751,1077.4377412739582,1970.274,1911.188,1879.024,1919.91,1963.036
751,Y752,2949.347229207059,4212.8,4218.3,4178.7,4240.2,4209.4
752,Y753,14079.573498993226,15756.9,15743.3,15027.7,14605.0,14830.2
753,Y754,4450.3,4652.6,4466.1,4659.0,4560.6,5363.2
754,Y755,6689.616231182901,8126.29,9001.8,10455.0,10632.61,11804.78
755,Y756,7426.633807422283,8391.0,9637.0,10008.0,9935.0,10698.0
756,Y757,1543.199639686488,2820.08,3092.9,2859.79,3091.2,2729.22
757,Y758,1724.7,1348.4,1445.9,1368.1,1357.6,1378.6
758,Y759,3910.230124890746,5264.4,4648.2,6924.8,4274.6,3103.6
759,Y760,15144.6,17364.3,19084.8,19469.6,20919.8,22263.7
760,Y761,3647.154939982781,3780.0,3770.0,4140.0,4570.0,5120.0
761,Y762,3434.755634636993,3650.0,3740.0,3760.0,3860.0,3970.0
762,Y763,3140.0,3230.0,3350.0,3400.0,3570.0,3800.0
763,Y764,2790.119171549357,2803.17,2623.99,2524.41,2800.11,3226.67
764,Y765,2351.9629176634453,2750.78,2757.63,2763.21,2754.99,2742.19
765,Y766,6954.573210663508,6483.5,6568.4,6635.65,6695.02,6748.36
766,Y767,3241.7,3268.15,3286.74,3312.44,3326.34,3336.54
767,Y768,1488.15,1480.97,1470.48,1458.26,1450.04,1436.73
768,Y769,3217.285136706855,3230.0,3340.0,3440.0,3480.0,3520.0
769,Y770,3882.897614314881,4130.0,4050.0,4020.0,3980.0,3920.0
770,Y771,7220.3,7364.1,7515.0,7668.9,7853.5,8042.1
771,Y772,6397.102809487203,6680.6,6827.0,6964.0,7134.5,7304.2
772,Y773,2203.902031684428,1856.0,1767.0,1751.0,1760.0,1763.0
773,Y774,8755.928834346649,8918.0,9113.0,9310.0,9519.0,9582.0
774,Y775,2214.3281566154737,1928.0,1949.0,1971.0,2031.0,2111.0
775,Y776,2872.408044260862,3155.0,3174.0,3191.0,3274.0,3398.0
776,Y777,4019.0,4162.0,4336.0,4487.0,4617.0,4819.0
777,Y778,1294.5490348401186,1340.0,1300.0,1260.0,1260.0,1200.0
778,Y779,5048.498999416741,6000.0,5880.0,5890.0,5860.0,5840.0
779,Y780,1550.0,1510.0,1460.0,1470.0,1540.0,1560.0
780,Y781,1633.114794288971,2010.0,2054.0,2176.0,2301.0,2460.0
781,Y782,9970.971548721236,10880.0,11270.0,11750.0,12300.0,12470.0
782,Y783,3860.655582487795,5115.1,5128.6,5226.0,5322.1,5414.2
783,Y784,4487.1,4329.3,4355.0,4467.6,4572.0,4667.8
784,Y785,8663.08494881486,9080.0,9200.0,9300.0,9770.0,9930.0
785,Y786,1525.2328212472787,2136.0,2130.0,2123.0,2136.0,2161.0
786,Y787,6894.727374152114,7100.0,7410.0,6620.0,6480.0,6390.0
787,Y788,2628.5173796715508,3320.0,3440.0,3400.0,3530.0,3590.0
788,Y789,8095.0,8087.0,8180.0,8326.0,8499.0,8695.0
789,Y790,1341.5086064892985,1740.0,1760.0,1770.0,1760.0,1730.0
790,Y791,1238.9902112605134,2150.0,2100.0,2050.0,2030.0,1980.0
791,Y792,2146.3492466975913,2274.26,1862.78,2269.12,1762.75,1151.13
792,Y793,3059.2528724360127,3620.9216,3877.1968,4023.0379,4296.4774,4371.3484
793,Y794,11695.481313782248,12820.8,13390.33,14351.66,13453.94,14313.61
794,Y795,5084.5391101113255,6489.0,6486.9,6476.4,6476.3,6471.7
795,Y796,2835.0305559438157,4270.3,4246.9,4232.3,4194.4,4158.2
796,Y797,4208.8,4190.0,4173.8,4140.0,4117.9,4101.3
797,Y798,3980.0,4010.0,3970.0,3880.0,3880.0,3870.0
798,Y799,10965.398613822259,12425.0,12592.0,12781.0,12902.0,13064.0
799,Y800,2510.0,2440.0,2400.0,2360.0,2180.0,2040.0
800,Y801,801.9813838620387,1893.0,1946.0,2028.0,2118.0,2224.0
801,Y802,9755.578584043633,9810.0,10170.0,10790.0,11750.0,11980.0
802,Y803,2685.124597251928,3422.0,3657.0,3854.0,4085.0,4257.0
803,Y804,1930.0,1920.0,1940.0,1940.0,2000.0,2170.0
804,Y805,1419.007786253831,1092.078,1220.072,1285.907,1360.628,1330.223
805,Y806,1901.0324275063854,1610.0,1562.0,1656.0,1776.0,1870.0
806,Y807,1533.688,1444.371,1476.017,1584.563,1664.474,1753.433
807,Y808,2125.1,2097.1,2058.9,2042.7,2040.6,2019.9
808,Y809,4539.370570088351,3545.1,3579.19,3613.79,3655.93,3690.19
809,Y810,2677.955561799755,2069.43,2081.61,2094.5,2110.4,2134.42
810,Y811,2459.9,2449.3,2439.5,2438.9,2438.0,2418.4
811,Y812,6463.033553968426,5855.2,5936.5,5992.7,5958.8,5966.0
812,Y813,2570.6240726105366,2423.7,2389.2,2370.9,2344.8,2335.7
813,Y814,4072.1,4037.6,4051.7,3973.9,3962.8,3982.9
814,Y815,1980.0,1960.0,1970.0,1990.0,2000.0,2010.0
815,Y816,3020.9153647874446,2360.0,2340.0,2330.0,2290.0,2250.0
816,Y817,1824.9747731155758,1430.0,1400.0,1370.0,1350.0,1380.0
817,Y818,1280.0,1220.0,1230.0,1200.0,1160.0,1160.0
818,Y819,2350.77812255802,2280.0,2280.0,2280.0,2330.0,2410.0
819,Y820,7830.067393947702,7767.709,8277.13,8351.551,10217.826,11900.176
820,Y821,3257.024401741955,2851.1,2835.4,2813.2,2812.4,2802.4
821,Y822,6414.909250078033,6511.2,6464.1,6451.1,6472.2,6588.6
822,Y823,3007.9550032353677,2889.4,2858.3,2830.7,2820.9,2781.1
823,Y824,1363.926321821789,1734.56,1736.74,1746.67,1759.63,1763.95
824,Y825,3249.7,3393.8,3599.0,3734.7,3770.0,3895.6
825,Y826,8151.92473747666,7760.5,7745.3,7732.5,7711.5,7717.0
826,Y827,6080.0,6090.0,6280.0,6500.0,6480.0,6620.0
827,Y828,1680.0,1690.0,1720.0,1850.0,1750.0,1690.0
828,Y829,3219.9,3396.4,3529.0,3517.9,3722.3,3864.2
829,Y830,4797.574505407792,5050.0,5050.0,5170.0,5130.0,5080.0
830,Y831,297.4336406463309,1140.0,1200.0,1180.0,1180.0,1170.0
831,Y832,2261.2520226857614,2690.0,2700.0,2700.0,2710.0,2760.0
832,Y833,4104.087908441649,3780.0,3790.0,3750.0,3740.0,3760.0
833,Y834,5618.4787480202385,5670.0,5740.0,5850.0,5880.0,5810.0
834,Y835,4619.8,3975.3,5103.2,4458.0,3535.1,5847.8
835,Y836,7914.918482260653,7776.21,8823.958,8892.503,9103.302,9407.393
836,Y837,2273.1,2252.7,2225.8,2223.8,2215.3,2200.4
837,Y838,3449.0796130943745,2960.4,2966.7,2948.7,2937.2,2934.3
838,Y839,2461.9370887755485,2737.4,2727.4,2734.2,2753.1,2775.5
839,Y840,4372.98301655109,4128.4,4111.4,4089.5,4085.5,4088.7
840,Y841,3583.0695774061796,3515.2,3558.7,3649.1,3726.4,3806.6
841,Y842,2951.814888489207,3006.3766,3338.1135,3594.9038,3727.0997,3910.5952
842,Y843,3783.7727936643087,3981.5,3961.7,3947.5,3913.7,3918.7
843,Y844,2414.6568400312044,2548.9,2547.4,2547.2,2542.3,2554.8
844,Y845,5314.83866323591,5152.2,5172.1,5156.9,5196.7,5202.1
845,Y846,7416.827901616998,7570.0,8110.0,8380.0,8670.0,8610.0
846,Y847,3621.5520741185464,3290.0,3510.0,3650.0,3750.0,3760.0
847,Y848,1660.0,1730.0,1780.0,1890.0,1910.0,1960.0
848,Y849,2511.5757617031545,3080.0,3180.0,3240.0,3310.0,3350.0
849,Y850,7662.140380175826,7580.0,7680.0,7760.0,7890.0,8060.0
850,Y851,2125.7190277424006,2910.0,2990.0,2990.0,3010.0,3100.0
851,Y852,1455.5063105365712,1217.0,1225.0,1246.0,1247.0,1269.0
852,Y853,4775.3814920740115,4330.0,4340.0,4410.0,4460.0,4480.0
853,Y854,3535.89,4686.06,4331.26,4597.44,4951.34,6217.27
854,Y855,2392.54,2627.99,2556.52,2693.44,2575.83,2662.47
855,Y856,9822.805208571433,9122.0,9413.2,8413.1,8540.1,8329.9
856,Y857,3568.3450534863023,2270.0,2320.0,2330.0,2350.0,2450.0
857,Y858,2328.636145824118,1661.8,1630.4,1674.0,1695.2,1718.3
858,Y859,2106.502632069114,1090.0,1053.0,1035.0,1022.0,1018.0
859,Y860,2399.4183952240955,1653.08,1648.67,1648.56,1649.57,1648.01
860,Y861,1319.9562455040352,1264.86,1261.86,1264.07,1264.3,1265.17
861,Y862,2601.193569182994,1719.96,1754.35,1794.34,1826.49,1851.97
862,Y863,6293.443881637079,6357.99,6493.18,6594.28,6690.94,6788.89
863,Y864,2666.238399855793,2604.0,2616.6,2609.2,2614.9,2606.6
864,Y865,6633.0,6664.4,6670.0,6723.5,6798.3,6857.0
865,Y866,1913.7369729440063,2690.97,2743.39,2815.96,2891.47,2986.12
866,Y867,10379.186930012229,11678.7,11910.6,12200.2,12541.8,12891.1
867,Y868,2698.6086815914923,4000.0,4280.0,4510.0,4630.0,4660.0
868,Y869,12278.872374546858,12977.8,13032.6,13065.3,13010.3,12968.2
869,Y870,2684.740117909354,3670.0,3800.0,3870.0,3970.0,4110.0
870,Y871,3180.0,3380.0,3500.0,3640.0,3690.0,3740.0
871,Y872,2430.982036125545,3230.9,3244.0,3275.9,3291.1,3287.4
872,Y873,3144.98,3193.75,3245.03,3303.4,3381.76,3463.12
873,Y874,3209.7,3147.7,4716.8,4519.8,5246.2,4950.2
874,Y875,1357.468817705418,1437.888,1474.547,1516.423,1529.371,1620.523
875,Y876,6065.0,6250.64,6260.0,6349.65,6226.84,6610.1
876,Y877,3164.346575339712,2160.82,2529.04,3866.69,3662.63,3773.29
877,Y878,2644.221036559921,2023.39,2051.1,2100.0,2141.92,2237.18
878,Y879,8000.861960432864,7705.772,8062.639,8735.455,9004.192,9633.031
879,Y880,2537.3133786363314,1874.9,1544.9,1602.7,1620.5,1669.0
880,Y881,4643.21408688277,3369.0,3676.0,3558.0,3709.0,3267.0
881,Y882,2195.2605336787356,1331.0,1384.0,1420.0,1454.0,1527.0
882,Y883,6171.25335527632,4980.0,5190.0,5350.0,5500.0,5610.0
883,Y884,2620.0,2676.0,2768.0,2859.0,2965.0,3079.0
884,Y885,3553.423362409558,2920.36,2961.44,2971.16,2931.22,3359.82
885,Y886,3429.8039584394983,1570.0,1560.0,1590.0,1700.0,1770.0
886,Y887,2340.1515860175077,1196.0,1222.0,1273.0,1321.0,1364.0
887,Y888,5554.346555539231,3846.4,3871.1,3924.3,3979.7,4052.2
888,Y889,7538.13,7627.01,8434.26,8686.19,9003.51,9404.13
889,Y890,3074.598787487317,1746.8,1783.6,1816.8,1857.7,1879.3
890,Y891,2253.913518495554,1212.49,1216.01,1221.65,1234.19,1254.67
891,Y892,2305.286647557588,1224.82,1229.42,1231.97,1231.59,1241.08
892,Y893,7791.43,7952.72,8077.76,8191.73,8315.61,8423.04
893,Y894,3586.8087511799895,2834.2,2860.98,2898.99,2950.39,2994.53
894,Y895,5986.347689781439,4717.37,4850.04,4995.74,5190.54,5375.59
895,Y896,2646.325212806125,1666.9,1645.5,1642.8,1644.8,1665.9
896,Y897,5200.0,3800.0,6800.0,4800.0,7200.0,4300.0
897,Y898,5945.247925446298,4600.0,4400.0,12500.0,8200.0,8200.0
898,Y899,490.0,460.0,530.0,670.0,380.0,440.0
899,Y900,6073.723006331885,4500.0,4800.0,4000.0,3700.0,4800.0
900,Y901,2139.986708610061,575.0,688.0,534.0,538.0,500.0
901,Y902,947.0,1111.0,1309.0,1688.0,1518.0,1378.0
902,Y903,1592.3340648065157,723.0,954.0,1166.0,1325.0,1319.0
903,Y904,4315.261659393549,3000.0,3100.0,5100.0,4700.0,3600.0
904,Y905,2817.9873603160518,919.0,1389.0,1793.0,1693.0,1650.0
905,Y906,2029.047628180937,540.0,570.0,850.0,1060.0,1300.0
906,Y907,830.0,700.0,1490.0,2290.0,2450.0,2950.0
907,Y908,3800.0,2400.0,5000.0,2600.0,1700.0,2800.0
908,Y909,1850.993723952405,1020.0,804.0,743.0,781.0,799.0
909,Y910,3582.5937128693267,2100.0,2000.0,4800.0,1400.0,1200.0
910,Y911,5242.359317728458,4500.0,4400.0,4100.0,4300.0,6300.0
911,Y912,5007.632412173264,3600.0,3500.0,4800.0,3200.0,3100.0
912,Y913,2907.4827914387247,1640.0,2020.0,2760.0,2680.0,3120.0
913,Y914,1800.0,2400.0,2300.0,1800.0,2800.0,3000.0
914,Y915,7069.37165325538,6300.0,6300.0,10100.0,5600.0,9500.0
915,Y916,424.0,356.0,389.0,486.0,487.0,578.0
916,Y917,1854.9299698814862,481.0,479.0,607.0,489.0,472.0
917,Y918,1883.4221785662176,771.0,993.0,2028.0,2731.0,2296.0
918,Y919,1090.0,850.0,650.0,780.0,800.0,750.0
919,Y920,1795.1293884025229,750.0,690.0,980.0,780.0,1100.0
920,Y921,9200.0,8800.0,6200.0,6900.0,7200.0,5500.0
921,Y922,5357.589439364976,3410.0,2980.0,4310.0,4790.0,3920.0
922,Y923,2564.8256363755463,1360.0,1100.0,1760.0,1790.0,2220.0
923,Y924,4393.209319577199,2700.0,2700.0,3600.0,2700.0,2700.0
924,Y925,5025.312100801104,3600.0,7500.0,3900.0,3500.0,3100.0
925,Y926,320.0,510.0,360.0,440.0,330.0,380.0
926,Y927,2032.3015846913422,1420.0,1530.0,2880.0,3650.0,4360.0
927,Y928,5300.0,3800.0,2800.0,3800.0,2600.0,2600.0
928,Y929,2735.8928756054966,1200.0,1800.0,2900.0,1600.0,3500.0
929,Y930,1900.0,1590.0,2620.0,3390.0,3130.0,3390.0
930,Y931,970.0,780.0,950.0,450.0,400.0,600.0
931,Y932,6200.0,2700.0,3500.0,2500.0,2200.0,6400.0
932,Y933,2315.7113908445,1350.0,1590.0,2880.0,2820.0,3500.0
933,Y934,2777.6973953411784,860.0,350.0,600.0,660.0,490.0
934,Y935,6360.0,5150.0,7070.0,8990.0,7830.0,7020.0
935,Y936,2297.20761487027,797.0,850.0,1014.0,997.0,989.0
936,Y937,2759.4014979775893,1610.0,2130.0,3700.0,2940.0,3490.0
937,Y938,3580.0,1940.0,2570.0,1940.0,2140.0,1950.0
938,Y939,1104.0813912567505,860.0,790.0,1240.0,790.0,960.0
939,Y940,1960.0,980.0,840.0,1100.0,1100.0,940.0
940,Y941,3972.0377118129945,3200.0,2300.0,2800.0,4100.0,2600.0
941,Y942,9067.584919958626,8760.0,8810.0,11050.0,12700.0,14060.0
942,Y943,5311.18303851365,4700.0,5900.0,6300.0,7100.0,7600.0
943,Y944,2520.0,1790.0,1880.0,2100.0,2620.0,2990.0
944,Y945,7021.56669077801,6900.0,9600.0,10900.0,10900.0,12700.0
945,Y946,2404.8047388997843,1500.0,1700.0,1900.0,1100.0,9100.0
946,Y947,1670.869827676908,1630.0,2370.0,1980.0,1950.0,1940.0
947,Y948,1590.0,1420.0,1320.0,1610.0,2360.0,2700.0
948,Y949,1524.4041717263835,580.0,760.0,890.0,570.0,3170.0
949,Y950,1308.709708524537,860.0,1220.0,1112.0,946.0,1003.0
950,Y951,1330.6167564621596,1591.0,1935.0,1967.0,2543.0,2986.0
951,Y952,6606.852827141189,6831.6,6849.7,6934.1,6979.8,7069.9
952,Y953,2513.37,2556.39,2600.15,2638.61,2670.18,2697.21
953,Y954,1900.0,1868.0,2408.0,2877.0,3826.0,3830.0
954,Y955,8550.0,9020.0,9430.0,10060.0,10710.0,11530.0
955,Y956,8420.173223388256,9170.0,9390.0,9610.0,9850.0,10130.0
956,Y957,9328.976829988513,10710.0,11190.0,11650.0,11950.0,12370.0
957,Y958,1647.4542098352358,1960.0,2000.0,2000.0,2010.0,2050.0
958,Y959,9370.0,9430.0,9500.0,9610.0,9860.0,10120.0
959,Y960,1870.0,1720.0,1740.0,1800.0,1880.0,2010.0
960,Y961,1220.0,1240.0,1200.0,1240.0,1320.0,1360.0
961,Y962,2040.0,2060.0,2130.0,2160.0,2140.0,2180.0
962,Y963,3201.064229851828,3120.0,3260.0,3330.0,3460.0,3550.0
963,Y964,2295.2330254158524,1961.0,2040.0,2145.0,2244.0,2390.0
964,Y965,2696.0,2666.0,2621.0,2651.0,2703.0,2771.0
965,Y966,2957.1504809831113,2790.0,2800.0,2890.0,3100.0,3310.0
966,Y967,3414.8222608367805,2850.0,3660.0,3880.0,4190.0,3510.0
967,Y968,1173.0355096090523,796.0,1369.0,1540.0,1222.0,1423.0
968,Y969,7952.823107841316,7900.0,5400.0,6200.0,7600.0,7900.0
969,Y970,4459.345919939269,3830.0,3990.0,4210.0,4460.0,4550.0
970,Y971,5688.774397274686,5955.6,5935.8,5919.5,5894.0,5861.2
971,Y972,3238.5,3211.9,3244.9,3219.8,3206.2,3191.4
972,Y973,2801.9,2817.8,2827.2,2818.2,2806.8,2785.2
973,Y974,-133.24123970713828,470.0,880.0,1420.0,1270.0,1360.0
974,Y975,2173.9,2144.8,2134.8,2164.1,2191.7,2225.3
975,Y976,8896.916699454638,9484.2,9569.1,9678.2,9736.9,9765.3
976,Y977,935.0238435144468,958.09,965.48,961.62,959.55,962.01
977,Y978,8707.660411466528,9296.8,9304.7,9376.1,9397.9,9440.9
978,Y979,2494.812096238611,2900.0,2500.0,1900.0,2200.0,1700.0
979,Y980,810.0,880.0,720.0,750.0,870.0,920.0
980,Y981,2681.662106687964,4429.76,4457.28,4491.2,4508.79,4527.45
981,Y982,2960.0,2960.0,3020.0,3050.0,3090.0,3160.0
982,Y983,3940.0,3950.0,3940.0,3920.0,3970.0,3900.0
983,Y984,8475.759822722974,9210.0,9220.0,9260.0,9280.0,9320.0
984,Y985,11250.0,11860.0,12070.0,11840.0,11600.0,12140.0
985,Y986,8990.0,8940.0,8880.0,8820.0,8560.0,8560.0
986,Y987,9613.05644594853,10570.6,10703.0,10858.9,11039.4,11190.1
987,Y988,2394.8,2378.9,2367.6,2345.3,2344.1,2335.3
988,Y989,5679.840369792902,5434.5,5454.3,5495.8,5574.0,5648.2
989,Y990,1564.4798879768616,1260.0,1090.0,1050.0,970.0,970.0
990,Y991,1924.122992548736,870.0,1060.0,1190.0,1240.0,1240.0
991,Y992,1700.0,1300.0,1400.0,1500.0,1100.0,2000.0
992,Y993,3742.2109293874064,3190.0,2810.0,1740.0,1900.0,1510.0
993,Y994,2196.9401048379746,445.0,644.0,794.0,1028.0,993.0
994,Y995,,800.0,1100.0,140.0,220.0,270.0
995,Y996,,758.0,1502.0,1877.0,1936.0,2112.0
996,Y997,470.0,320.0,410.0,1420.0,1050.0,2150.0
997,Y998,2570.0,1530.0,2720.0,3780.0,4030.0,4630.0
998,Y999,312.0,469.0,328.0,483.0,437.0,458.0
999,Y1000,173.0,114.0,194.0,285.0,405.0,413.0
